-- MySQL dump 10.13  Distrib 8.0.30, for Win64 (x86_64)
--
-- Host: localhost    Database: fitlab
-- ------------------------------------------------------
-- Server version	8.0.30

/*!40101 SET @OLD_CHARACTER_SET_CLIENT=@@CHARACTER_SET_CLIENT */;
/*!40101 SET @OLD_CHARACTER_SET_RESULTS=@@CHARACTER_SET_RESULTS */;
/*!40101 SET @OLD_COLLATION_CONNECTION=@@COLLATION_CONNECTION */;
/*!50503 SET NAMES utf8mb4 */;
/*!40103 SET @OLD_TIME_ZONE=@@TIME_ZONE */;
/*!40103 SET TIME_ZONE='+00:00' */;
/*!40014 SET @OLD_UNIQUE_CHECKS=@@UNIQUE_CHECKS, UNIQUE_CHECKS=0 */;
/*!40014 SET @OLD_FOREIGN_KEY_CHECKS=@@FOREIGN_KEY_CHECKS, FOREIGN_KEY_CHECKS=0 */;
/*!40101 SET @OLD_SQL_MODE=@@SQL_MODE, SQL_MODE='NO_AUTO_VALUE_ON_ZERO' */;
/*!40111 SET @OLD_SQL_NOTES=@@SQL_NOTES, SQL_NOTES=0 */;

--
-- Table structure for table `activity_events`
--

DROP TABLE IF EXISTS `activity_events`;
/*!40101 SET @saved_cs_client     = @@character_set_client */;
/*!50503 SET character_set_client = utf8mb4 */;
CREATE TABLE `activity_events` (
  `id` bigint unsigned NOT NULL AUTO_INCREMENT,
  `user_id` bigint unsigned DEFAULT NULL,
  `actor_id` bigint unsigned DEFAULT NULL,
  `audience` varchar(255) COLLATE utf8mb4_unicode_ci NOT NULL DEFAULT 'user',
  `type` varchar(255) COLLATE utf8mb4_unicode_ci NOT NULL DEFAULT 'system',
  `title` varchar(255) COLLATE utf8mb4_unicode_ci NOT NULL,
  `body` text COLLATE utf8mb4_unicode_ci,
  `action_url` varchar(255) COLLATE utf8mb4_unicode_ci DEFAULT NULL,
  `subject_type` varchar(255) COLLATE utf8mb4_unicode_ci NOT NULL,
  `subject_id` bigint unsigned NOT NULL,
  `data` json DEFAULT NULL,
  `created_at` timestamp NULL DEFAULT NULL,
  `updated_at` timestamp NULL DEFAULT NULL,
  `description` text COLLATE utf8mb4_unicode_ci,
  `metadata` json DEFAULT NULL,
  `message` text COLLATE utf8mb4_unicode_ci,
  PRIMARY KEY (`id`),
  KEY `activity_events_actor_id_foreign` (`actor_id`),
  KEY `activity_events_subject_type_subject_id_index` (`subject_type`,`subject_id`),
  KEY `activity_events_user_id_created_at_index` (`user_id`,`created_at`),
  KEY `activity_events_audience_created_at_index` (`audience`,`created_at`),
  KEY `activity_events_audience_index` (`audience`),
  KEY `activity_events_type_index` (`type`),
  CONSTRAINT `activity_events_actor_id_foreign` FOREIGN KEY (`actor_id`) REFERENCES `users` (`id`) ON DELETE SET NULL,
  CONSTRAINT `activity_events_user_id_foreign` FOREIGN KEY (`user_id`) REFERENCES `users` (`id`) ON DELETE SET NULL
) ENGINE=InnoDB AUTO_INCREMENT=246 DEFAULT CHARSET=utf8mb4 COLLATE=utf8mb4_unicode_ci;
/*!40101 SET character_set_client = @saved_cs_client */;

--
-- Dumping data for table `activity_events`
--

LOCK TABLES `activity_events` WRITE;
/*!40000 ALTER TABLE `activity_events` DISABLE KEYS */;
INSERT INTO `activity_events` VALUES (1,15,NULL,'user','membership.activated','Абонемент активирован','Абонемент «24 месяца» успешно активирован.','/account/membership','App\\Models\\UserMembership',6,'{\"payment_id\": 8}','2026-06-13 23:35:14','2026-06-13 23:35:14',NULL,NULL,NULL),(2,15,15,'user','admin.membership.paid','Оплачен абонемент','Пользователь оплатил абонемент «24 месяца».','/admin/monetization','App\\Models\\UserMembership',6,'{\"payment_id\": 8}','2026-06-13 23:35:14','2026-06-13 23:35:14',NULL,NULL,NULL),(3,NULL,15,'admin','admin.membership.paid','Оплачен абонемент','Пользователь оплатил абонемент «24 месяца».','/admin/monetization','App\\Models\\UserMembership',6,'{\"payment_id\": 8}','2026-06-13 23:35:14','2026-06-13 23:35:14',NULL,NULL,NULL),(4,15,15,'user','order.created','Заказ оформлен','Заказ №7 создан. Завершите демонстрационную оплату.','/account/orders','App\\Models\\Order',7,'{\"order_id\": 7}','2026-06-13 23:37:05','2026-06-13 23:37:05',NULL,NULL,NULL),(5,15,15,'user','admin.order.new','Новый заказ','Заказ №7 на сумму 1 690 ₽.','/admin/orders','App\\Models\\Order',7,'{\"order_id\": 7}','2026-06-13 23:37:05','2026-06-13 23:37:05',NULL,NULL,NULL),(6,NULL,15,'admin','admin.order.new','Новый заказ','Заказ №7 на сумму 1 690 ₽.','/admin/orders','App\\Models\\Order',7,'{\"order_id\": 7}','2026-06-13 23:37:05','2026-06-13 23:37:05',NULL,NULL,NULL),(7,15,NULL,'user','order.paid','Заказ оплачен','Заказ №7 оплачен и передан в обработку.','/account/orders','App\\Models\\Order',7,'{\"payment_id\": 9}','2026-06-13 23:37:06','2026-06-13 23:37:06',NULL,NULL,NULL),(9,NULL,15,'admin','admin.order.paid','Заказ оплачен','Заказ №7 оплачен.','/admin/orders','App\\Models\\Order',7,'{\"payment_id\": 9}','2026-06-13 23:37:06','2026-06-13 23:37:06',NULL,NULL,NULL),(10,15,15,'user','program.started','Программа начата','Вы начали программу «Функциональный старт».','/account/programs','App\\Models\\ProgramProgress',7,'{\"program_id\": 1}','2026-06-13 23:40:14','2026-06-13 23:40:14',NULL,NULL,NULL),(11,15,15,'user','program.started','Программа начата','Вы начали программу «Сильное тело».','/account/programs','App\\Models\\ProgramProgress',8,'{\"program_id\": 2}','2026-06-13 23:57:32','2026-06-13 23:57:32',NULL,NULL,NULL),(12,15,15,'user','order.created','Заказ оформлен','Заказ №8 создан. Завершите демонстрационную оплату.','/account/orders','App\\Models\\Order',8,'{\"order_id\": 8}','2026-06-14 00:11:44','2026-06-14 00:11:44',NULL,NULL,NULL),(13,15,15,'user','admin.order.new','Новый заказ','Заказ №8 на сумму 1 690 ₽.','/admin/orders','App\\Models\\Order',8,'{\"order_id\": 8}','2026-06-14 00:11:44','2026-06-14 00:11:44',NULL,NULL,NULL),(14,NULL,15,'admin','admin.order.new','Новый заказ','Заказ №8 на сумму 1 690 ₽.','/admin/orders','App\\Models\\Order',8,'{\"order_id\": 8}','2026-06-14 00:11:44','2026-06-14 00:11:44',NULL,NULL,NULL),(15,15,NULL,'user','order.paid','Заказ оплачен','Заказ №8 оплачен и передан в обработку.','/account/orders','App\\Models\\Order',8,'{\"payment_id\": 10}','2026-06-14 00:11:45','2026-06-14 00:11:45',NULL,NULL,NULL),(17,NULL,15,'admin','admin.order.paid','Заказ оплачен','Заказ №8 оплачен.','/admin/orders','App\\Models\\Order',8,'{\"payment_id\": 10}','2026-06-14 00:11:45','2026-06-14 00:11:45',NULL,NULL,NULL),(18,15,NULL,'user','booking.paid','Тренировка оплачена','Запись к тренеру подтверждена оплатой.','/account/bookings','App\\Models\\Booking',7,'{\"payment_id\": 11}','2026-06-14 00:12:28','2026-06-14 00:12:28',NULL,NULL,NULL),(19,19,15,'user','trainer.booking.paid','Клиент оплатил тренировку','Дэк оплатил запись.','/account/bookings','App\\Models\\Booking',7,'{\"payment_id\": 11}','2026-06-14 00:12:28','2026-06-14 00:12:28',NULL,NULL,NULL),(20,19,15,'trainer','trainer.booking.paid','Клиент оплатил тренировку','Дэк оплатил запись.','/account/bookings','App\\Models\\Booking',7,'{\"payment_id\": 11}','2026-06-14 00:12:28','2026-06-14 00:12:28',NULL,NULL,NULL),(21,15,15,'user','admin.booking.paid','Оплачена запись к тренеру','Оплачена запись к Алиса Корнеева.','/admin/bookings','App\\Models\\Booking',7,'{\"payment_id\": 11}','2026-06-14 00:12:28','2026-06-14 00:12:28',NULL,NULL,NULL),(22,NULL,15,'admin','admin.booking.paid','Оплачена запись к тренеру','Оплачена запись к Алиса Корнеева.','/admin/bookings','App\\Models\\Booking',7,'{\"payment_id\": 11}','2026-06-14 00:12:28','2026-06-14 00:12:28',NULL,NULL,NULL),(23,15,15,'user','booking.created','Запись создана','Вы записаны на Вводная тренировка: 15.06.2026 09:00.','/account/bookings','App\\Models\\Booking',7,'{\"booking_id\": 7}','2026-06-14 00:12:28','2026-06-14 00:12:28',NULL,NULL,NULL),(24,19,15,'user','trainer.booking.new','Новая запись клиента','Дэк записался на Вводная тренировка: 15.06.2026 09:00.','/account/bookings','App\\Models\\Booking',7,'{\"booking_id\": 7}','2026-06-14 00:12:28','2026-06-14 00:12:28',NULL,NULL,NULL),(25,19,15,'trainer','trainer.booking.new','Новая запись клиента','Дэк записался на Вводная тренировка: 15.06.2026 09:00.','/account/bookings','App\\Models\\Booking',7,'{\"booking_id\": 7}','2026-06-14 00:12:28','2026-06-14 00:12:28',NULL,NULL,NULL),(26,15,15,'user','admin.booking.new','Новая запись к тренеру','Дэк записался к Алиса Корнеева.','/admin/bookings','App\\Models\\Booking',7,'{\"booking_id\": 7}','2026-06-14 00:12:28','2026-06-14 00:12:28',NULL,NULL,NULL),(27,NULL,15,'admin','admin.booking.new','Новая запись к тренеру','Дэк записался к Алиса Корнеева.','/admin/bookings','App\\Models\\Booking',7,'{\"booking_id\": 7}','2026-06-14 00:12:28','2026-06-14 00:12:28',NULL,NULL,NULL),(28,15,15,'user','program.progress','Прогресс обновлён','Программа «Сильное тело»: 1 из 8 недель.','/account/programs','App\\Models\\ProgramProgress',8,'{\"status\": \"active\", \"program_id\": 2}','2026-06-14 00:58:35','2026-06-14 00:58:35',NULL,NULL,NULL),(29,15,15,'user','program.progress','Прогресс обновлён','Программа «Сильное тело»: 2 из 8 недель.','/account/programs','App\\Models\\ProgramProgress',8,'{\"status\": \"active\", \"program_id\": 2}','2026-06-14 00:58:40','2026-06-14 00:58:40',NULL,NULL,NULL),(30,15,15,'user','program.progress','Прогресс обновлён','Программа «Сильное тело»: 3 из 8 недель.','/account/programs','App\\Models\\ProgramProgress',8,'{\"status\": \"active\", \"program_id\": 2}','2026-06-14 00:58:42','2026-06-14 00:58:42',NULL,NULL,NULL),(31,15,15,'user','program.progress','Прогресс обновлён','Программа «Сильное тело»: 4 из 8 недель.','/account/programs','App\\Models\\ProgramProgress',8,'{\"status\": \"active\", \"program_id\": 2}','2026-06-14 00:58:43','2026-06-14 00:58:43',NULL,NULL,NULL),(32,15,15,'user','program.progress','Прогресс обновлён','Программа «Сильное тело»: 5 из 8 недель.','/account/programs','App\\Models\\ProgramProgress',8,'{\"status\": \"active\", \"program_id\": 2}','2026-06-14 00:58:44','2026-06-14 00:58:44',NULL,NULL,NULL),(33,15,15,'user','program.progress','Прогресс обновлён','Программа «Сильное тело»: 6 из 8 недель.','/account/programs','App\\Models\\ProgramProgress',8,'{\"status\": \"active\", \"program_id\": 2}','2026-06-14 00:58:45','2026-06-14 00:58:45',NULL,NULL,NULL),(34,15,15,'user','program.progress','Прогресс обновлён','Программа «Сильное тело»: 7 из 8 недель.','/account/programs','App\\Models\\ProgramProgress',8,'{\"status\": \"active\", \"program_id\": 2}','2026-06-14 00:58:46','2026-06-14 00:58:46',NULL,NULL,NULL),(35,15,15,'user','program.progress','Программа завершена','Программа «Сильное тело»: 8 из 8 недель.','/account/programs','App\\Models\\ProgramProgress',8,'{\"status\": \"completed\", \"program_id\": 2}','2026-06-14 00:58:49','2026-06-14 00:58:49',NULL,NULL,NULL),(37,15,NULL,'user','membership.activated','Абонемент активирован','Абонемент «1 год» успешно активирован.','/account/membership','App\\Models\\UserMembership',5,'{\"payment_id\": 7}','2026-06-14 00:59:51','2026-06-14 00:59:51',NULL,NULL,NULL),(38,15,15,'user','admin.membership.paid','Оплачен абонемент','Пользователь оплатил абонемент «1 год».','/admin/monetization','App\\Models\\UserMembership',5,'{\"payment_id\": 7}','2026-06-14 00:59:51','2026-06-14 00:59:51',NULL,NULL,NULL),(39,NULL,15,'admin','admin.membership.paid','Оплачен абонемент','Пользователь оплатил абонемент «1 год».','/admin/monetization','App\\Models\\UserMembership',5,'{\"payment_id\": 7}','2026-06-14 00:59:51','2026-06-14 00:59:51',NULL,NULL,NULL),(40,22,22,'user','program.started','Программа начата','Вы начали программу «Функциональный старт».','/account/programs','App\\Models\\ProgramProgress',9,'{\"program_id\": 1}','2026-06-14 01:10:25','2026-06-14 01:10:25',NULL,NULL,NULL),(41,22,22,'user','booking.created','Запись создана','Вы записаны на Персональная тренировка: 23.06.2026 11:00.','/account/bookings','App\\Models\\Booking',8,'{\"booking_id\": 8}','2026-06-14 01:10:56','2026-06-14 01:10:56',NULL,NULL,NULL),(42,7,22,'user','trainer.booking.new','Новая запись клиента','Дэк записался на Персональная тренировка: 23.06.2026 11:00.','/account/bookings','App\\Models\\Booking',8,'{\"booking_id\": 8}','2026-06-14 01:10:56','2026-06-14 01:10:56',NULL,NULL,NULL),(43,7,22,'trainer','trainer.booking.new','Новая запись клиента','Дэк записался на Персональная тренировка: 23.06.2026 11:00.','/account/bookings','App\\Models\\Booking',8,'{\"booking_id\": 8}','2026-06-14 01:10:56','2026-06-14 01:10:56',NULL,NULL,NULL),(44,15,22,'user','admin.booking.new','Новая запись к тренеру','Дэк записался к Виктория Морозова.','/admin/bookings','App\\Models\\Booking',8,'{\"booking_id\": 8}','2026-06-14 01:10:56','2026-06-14 01:10:56',NULL,NULL,NULL),(45,NULL,22,'admin','admin.booking.new','Новая запись к тренеру','Дэк записался к Виктория Морозова.','/admin/bookings','App\\Models\\Booking',8,'{\"booking_id\": 8}','2026-06-14 01:10:56','2026-06-14 01:10:56',NULL,NULL,NULL),(46,22,NULL,'user','booking.paid','Тренировка оплачена','Запись к тренеру подтверждена оплатой.','/account/bookings','App\\Models\\Booking',8,'{\"payment_id\": 12}','2026-06-14 01:10:57','2026-06-14 01:10:57',NULL,NULL,NULL),(47,7,22,'user','trainer.booking.paid','Клиент оплатил тренировку','Дэк оплатил запись.','/account/bookings','App\\Models\\Booking',8,'{\"payment_id\": 12}','2026-06-14 01:10:57','2026-06-14 01:10:57',NULL,NULL,NULL),(48,7,22,'trainer','trainer.booking.paid','Клиент оплатил тренировку','Дэк оплатил запись.','/account/bookings','App\\Models\\Booking',8,'{\"payment_id\": 12}','2026-06-14 01:10:57','2026-06-14 01:10:57',NULL,NULL,NULL),(49,15,22,'user','admin.booking.paid','Оплачена запись к тренеру','Оплачена запись к Виктория Морозова.','/admin/bookings','App\\Models\\Booking',8,'{\"payment_id\": 12}','2026-06-14 01:10:57','2026-06-14 01:10:57',NULL,NULL,NULL),(50,NULL,22,'admin','admin.booking.paid','Оплачена запись к тренеру','Оплачена запись к Виктория Морозова.','/admin/bookings','App\\Models\\Booking',8,'{\"payment_id\": 12}','2026-06-14 01:10:57','2026-06-14 01:10:57',NULL,NULL,NULL),(51,22,22,'user','program.progress','Прогресс обновлён','Программа «Функциональный старт»: 1 из 4 недель.','/account/programs','App\\Models\\ProgramProgress',9,'{\"status\": \"active\", \"program_id\": 1}','2026-06-14 01:11:17','2026-06-14 01:11:17',NULL,NULL,NULL),(52,22,22,'user','program.started','Программа начата','Вы начали программу «Сильное тело».','/account/programs','App\\Models\\ProgramProgress',10,'{\"program_id\": 2}','2026-06-14 05:22:43','2026-06-14 05:22:43',NULL,NULL,NULL),(53,22,22,'user','program.progress','Прогресс обновлён','Программа «Сильное тело»: 1 из 8 недель.','/account/programs','App\\Models\\ProgramProgress',10,'{\"status\": \"active\", \"program_id\": 2}','2026-06-14 05:22:52','2026-06-14 05:22:52',NULL,NULL,NULL),(54,22,22,'user','program.progress','Прогресс обновлён','Программа «Сильное тело»: 2 из 8 недель.','/account/programs','App\\Models\\ProgramProgress',10,'{\"status\": \"active\", \"program_id\": 2}','2026-06-14 05:22:55','2026-06-14 05:22:55',NULL,NULL,NULL),(55,22,22,'user','program.progress','Прогресс обновлён','Программа «Сильное тело»: 3 из 8 недель.','/account/programs','App\\Models\\ProgramProgress',10,'{\"status\": \"active\", \"program_id\": 2}','2026-06-14 05:22:56','2026-06-14 05:22:56',NULL,NULL,NULL),(56,22,22,'user','program.progress','Прогресс обновлён','Программа «Сильное тело»: 4 из 8 недель.','/account/programs','App\\Models\\ProgramProgress',10,'{\"status\": \"active\", \"program_id\": 2}','2026-06-14 05:22:58','2026-06-14 05:22:58',NULL,NULL,NULL),(57,22,22,'user','program.progress','Прогресс обновлён','Программа «Сильное тело»: 5 из 8 недель.','/account/programs','App\\Models\\ProgramProgress',10,'{\"status\": \"active\", \"program_id\": 2}','2026-06-14 05:23:00','2026-06-14 05:23:00',NULL,NULL,NULL),(58,22,22,'user','booking.created','Запись создана','Вы записаны на Консультация тренера: 17.06.2026 13:30.','/account/bookings','App\\Models\\Booking',9,'{\"booking_id\": 9}','2026-06-14 08:01:33','2026-06-14 08:01:33',NULL,NULL,NULL),(59,6,22,'user','trainer.booking.new','Новая запись клиента','Дэк записался на Консультация тренера: 17.06.2026 13:30.','/account/bookings','App\\Models\\Booking',9,'{\"booking_id\": 9}','2026-06-14 08:01:33','2026-06-14 08:01:33',NULL,NULL,NULL),(60,6,22,'trainer','trainer.booking.new','Новая запись клиента','Дэк записался на Консультация тренера: 17.06.2026 13:30.','/account/bookings','App\\Models\\Booking',9,'{\"booking_id\": 9}','2026-06-14 08:01:33','2026-06-14 08:01:33',NULL,NULL,NULL),(61,15,22,'user','admin.booking.new','Новая запись к тренеру','Дэк записался к Артём Лебедев.','/admin/bookings','App\\Models\\Booking',9,'{\"booking_id\": 9}','2026-06-14 08:01:33','2026-06-14 08:01:33',NULL,NULL,NULL),(62,NULL,22,'admin','admin.booking.new','Новая запись к тренеру','Дэк записался к Артём Лебедев.','/admin/bookings','App\\Models\\Booking',9,'{\"booking_id\": 9}','2026-06-14 08:01:33','2026-06-14 08:01:33',NULL,NULL,NULL),(63,22,NULL,'user','booking.paid','Тренировка оплачена','Запись к тренеру подтверждена оплатой.','/account/bookings','App\\Models\\Booking',9,'{\"payment_id\": 13}','2026-06-14 08:01:35','2026-06-14 08:01:35',NULL,NULL,NULL),(64,6,22,'user','trainer.booking.paid','Клиент оплатил тренировку','Дэк оплатил запись.','/account/bookings','App\\Models\\Booking',9,'{\"payment_id\": 13}','2026-06-14 08:01:35','2026-06-14 08:01:35',NULL,NULL,NULL),(65,6,22,'trainer','trainer.booking.paid','Клиент оплатил тренировку','Дэк оплатил запись.','/account/bookings','App\\Models\\Booking',9,'{\"payment_id\": 13}','2026-06-14 08:01:35','2026-06-14 08:01:35',NULL,NULL,NULL),(66,15,22,'user','admin.booking.paid','Оплачена запись к тренеру','Оплачена запись к Артём Лебедев.','/admin/bookings','App\\Models\\Booking',9,'{\"payment_id\": 13}','2026-06-14 08:01:35','2026-06-14 08:01:35',NULL,NULL,NULL),(67,NULL,22,'admin','admin.booking.paid','Оплачена запись к тренеру','Оплачена запись к Артём Лебедев.','/admin/bookings','App\\Models\\Booking',9,'{\"payment_id\": 13}','2026-06-14 08:01:35','2026-06-14 08:01:35',NULL,NULL,NULL),(68,22,22,'user','program.started','Программа начата','Вы начали программу «Основа набора массы».','/account/programs','App\\Models\\ProgramProgress',11,'{\"program_id\": 3}','2026-06-14 08:01:56','2026-06-14 08:01:56',NULL,NULL,NULL),(69,22,22,'user','program.progress','Прогресс обновлён','Программа «Основа набора массы»: 1 из 10 недель.','/account/programs','App\\Models\\ProgramProgress',11,'{\"status\": \"active\", \"program_id\": 3}','2026-06-14 08:01:58','2026-06-14 08:01:58',NULL,NULL,NULL),(70,22,22,'user','program.progress','Прогресс обновлён','Программа «Основа набора массы»: 2 из 10 недель.','/account/programs','App\\Models\\ProgramProgress',11,'{\"status\": \"active\", \"program_id\": 3}','2026-06-14 08:01:59','2026-06-14 08:01:59',NULL,NULL,NULL),(71,22,22,'user','program.progress','Прогресс обновлён','Программа «Основа набора массы»: 3 из 10 недель.','/account/programs','App\\Models\\ProgramProgress',11,'{\"status\": \"active\", \"program_id\": 3}','2026-06-14 08:02:00','2026-06-14 08:02:00',NULL,NULL,NULL),(72,22,NULL,'user','membership.activated','Абонемент активирован','Абонемент «6 месяцев» успешно активирован.','/account/membership','App\\Models\\UserMembership',9,'{\"payment_id\": 14}','2026-06-14 08:02:39','2026-06-14 08:02:39',NULL,NULL,NULL),(73,15,22,'user','admin.membership.paid','Оплачен абонемент','Пользователь оплатил абонемент «6 месяцев».','/admin/monetization','App\\Models\\UserMembership',9,'{\"payment_id\": 14}','2026-06-14 08:02:39','2026-06-14 08:02:39',NULL,NULL,NULL),(74,NULL,22,'admin','admin.membership.paid','Оплачен абонемент','Пользователь оплатил абонемент «6 месяцев».','/admin/monetization','App\\Models\\UserMembership',9,'{\"payment_id\": 14}','2026-06-14 08:02:39','2026-06-14 08:02:39',NULL,NULL,NULL),(75,22,22,'user','order.created','Заказ оформлен','Заказ №9 создан. Завершите демонстрационную оплату.','/account/orders','App\\Models\\Order',9,'{\"order_id\": 9}','2026-06-14 08:03:01','2026-06-14 08:03:01',NULL,NULL,NULL),(76,15,22,'user','admin.order.new','Новый заказ','Заказ №9 на сумму 2 490 ₽.','/admin/orders','App\\Models\\Order',9,'{\"order_id\": 9}','2026-06-14 08:03:01','2026-06-14 08:03:01',NULL,NULL,NULL),(77,NULL,22,'admin','admin.order.new','Новый заказ','Заказ №9 на сумму 2 490 ₽.','/admin/orders','App\\Models\\Order',9,'{\"order_id\": 9}','2026-06-14 08:03:01','2026-06-14 08:03:01',NULL,NULL,NULL),(78,22,NULL,'user','order.paid','Заказ оплачен','Заказ №9 оплачен и передан в обработку.','/account/orders','App\\Models\\Order',9,'{\"payment_id\": 15}','2026-06-14 08:03:04','2026-06-14 08:03:04',NULL,NULL,NULL),(79,15,22,'user','admin.order.paid','Заказ оплачен','Заказ №9 оплачен.','/admin/orders','App\\Models\\Order',9,'{\"payment_id\": 15}','2026-06-14 08:03:04','2026-06-14 08:03:04',NULL,NULL,NULL),(80,NULL,22,'admin','admin.order.paid','Заказ оплачен','Заказ №9 оплачен.','/admin/orders','App\\Models\\Order',9,'{\"payment_id\": 15}','2026-06-14 08:03:04','2026-06-14 08:03:04',NULL,NULL,NULL),(81,22,22,'user','booking.created','Запись создана','Вы записаны на Консультация тренера: 15.06.2026 09:45.','/account/bookings','App\\Models\\Booking',10,'{\"booking_id\": 10}','2026-06-14 08:53:44','2026-06-14 08:53:44',NULL,NULL,NULL),(82,1,22,'user','trainer.booking.new','Новая запись клиента','Дэк записался на Консультация тренера: 15.06.2026 09:45.','/account/bookings','App\\Models\\Booking',10,'{\"booking_id\": 10}','2026-06-14 08:53:44','2026-06-14 08:53:44',NULL,NULL,NULL),(83,1,22,'trainer','trainer.booking.new','Новая запись клиента','Дэк записался на Консультация тренера: 15.06.2026 09:45.','/account/bookings','App\\Models\\Booking',10,'{\"booking_id\": 10}','2026-06-14 08:53:44','2026-06-14 08:53:44',NULL,NULL,NULL),(84,15,22,'user','admin.booking.new','Новая запись к тренеру','Дэк записался к Анна Волкова.','/admin/bookings','App\\Models\\Booking',10,'{\"booking_id\": 10}','2026-06-14 08:53:44','2026-06-14 08:53:44',NULL,NULL,NULL),(85,NULL,22,'admin','admin.booking.new','Новая запись к тренеру','Дэк записался к Анна Волкова.','/admin/bookings','App\\Models\\Booking',10,'{\"booking_id\": 10}','2026-06-14 08:53:44','2026-06-14 08:53:44',NULL,NULL,NULL),(86,22,NULL,'user','booking.paid','Тренировка оплачена','Запись к тренеру подтверждена оплатой.','/account/bookings','App\\Models\\Booking',10,'{\"payment_id\": 16}','2026-06-14 08:53:51','2026-06-14 08:53:51',NULL,NULL,NULL),(87,1,22,'user','trainer.booking.paid','Клиент оплатил тренировку','Дэк оплатил запись.','/account/bookings','App\\Models\\Booking',10,'{\"payment_id\": 16}','2026-06-14 08:53:51','2026-06-14 08:53:51',NULL,NULL,NULL),(88,1,22,'trainer','trainer.booking.paid','Клиент оплатил тренировку','Дэк оплатил запись.','/account/bookings','App\\Models\\Booking',10,'{\"payment_id\": 16}','2026-06-14 08:53:51','2026-06-14 08:53:51',NULL,NULL,NULL),(89,15,22,'user','admin.booking.paid','Оплачена запись к тренеру','Оплачена запись к Анна Волкова.','/admin/bookings','App\\Models\\Booking',10,'{\"payment_id\": 16}','2026-06-14 08:53:51','2026-06-14 08:53:51',NULL,NULL,NULL),(90,NULL,22,'admin','admin.booking.paid','Оплачена запись к тренеру','Оплачена запись к Анна Волкова.','/admin/bookings','App\\Models\\Booking',10,'{\"payment_id\": 16}','2026-06-14 08:53:51','2026-06-14 08:53:51',NULL,NULL,NULL),(91,22,22,'user','program.started','Программа начата','Вы начали программу «Перезагрузка мобильности».','/account/programs','App\\Models\\ProgramProgress',12,'{\"program_id\": 5}','2026-06-14 08:54:39','2026-06-14 08:54:39',NULL,NULL,NULL),(92,22,22,'user','program.progress','Прогресс обновлён','Программа «Перезагрузка мобильности»: 1 из 6 недель.','/account/programs','App\\Models\\ProgramProgress',12,'{\"status\": \"active\", \"program_id\": 5}','2026-06-14 08:54:43','2026-06-14 08:54:43',NULL,NULL,NULL),(93,22,22,'user','program.progress','Прогресс обновлён','Программа «Перезагрузка мобильности»: 2 из 6 недель.','/account/programs','App\\Models\\ProgramProgress',12,'{\"status\": \"active\", \"program_id\": 5}','2026-06-14 08:54:45','2026-06-14 08:54:45',NULL,NULL,NULL),(94,22,22,'user','article.moderated','Статья опубликована','Материал «Ehfushefuh efifj iejf ei efj feiei» получил новый статус.','/account/articles','App\\Models\\Article',24,'{\"status\": \"published\", \"article_id\": 24}','2026-06-14 08:58:18','2026-06-14 08:58:18',NULL,NULL,NULL),(95,2,22,'user','article.moderated','Статья опубликована','Материал «Белок без мифов: сколько нужно именно вам» получил новый статус.','/account/articles','App\\Models\\Article',3,'{\"status\": \"published\", \"article_id\": 3}','2026-06-14 08:58:23','2026-06-14 08:58:23',NULL,NULL,NULL),(96,1,22,'user','article.moderated','Статья опубликована','Материал «Как начать функциональные тренировки» получил новый статус.','/account/articles','App\\Models\\Article',1,'{\"status\": \"published\", \"article_id\": 1}','2026-06-14 08:58:26','2026-06-14 08:58:26',NULL,NULL,NULL),(97,23,22,'user','article.moderated','Статья опубликована','Материал «5 ошибок при похудении» получил новый статус.','/account/articles','App\\Models\\Article',22,'{\"status\": \"published\", \"article_id\": 22}','2026-06-14 08:58:30','2026-06-14 08:58:30',NULL,NULL,NULL),(98,23,22,'user','article.moderated','Статья опубликована','Материал «Как начать тренироваться: руководство для новичков» получил новый статус.','/account/articles','App\\Models\\Article',19,'{\"status\": \"published\", \"article_id\": 19}','2026-06-14 08:58:32','2026-06-14 08:58:32',NULL,NULL,NULL),(99,24,22,'user','article.moderated','Статья опубликована','Материал «Питание для набора мышечной массы» получил новый статус.','/account/articles','App\\Models\\Article',20,'{\"status\": \"published\", \"article_id\": 20}','2026-06-14 08:58:33','2026-06-14 08:58:33',NULL,NULL,NULL),(100,2,22,'user','article.moderated','Статья опубликована','Материал «Техника важнее веса: база силового тренинга» получил новый статус.','/account/articles','App\\Models\\Article',2,'{\"status\": \"published\", \"article_id\": 2}','2026-06-14 08:58:49','2026-06-14 08:58:49',NULL,NULL,NULL),(102,22,22,'user','order.created','Заказ оформлен','Заказ №10 создан. Завершите демонстрационную оплату.','/account/orders','App\\Models\\Order',10,'{\"order_id\": 10}','2026-06-14 09:00:16','2026-06-14 09:00:16',NULL,NULL,NULL),(103,15,22,'user','admin.order.new','Новый заказ','Заказ №10 на сумму 2 490 ₽.','/admin/orders','App\\Models\\Order',10,'{\"order_id\": 10}','2026-06-14 09:00:16','2026-06-14 09:00:16',NULL,NULL,NULL),(104,22,22,'user','admin.order.new','Новый заказ','Заказ №10 на сумму 2 490 ₽.','/admin/orders','App\\Models\\Order',10,'{\"order_id\": 10}','2026-06-14 09:00:16','2026-06-14 09:00:16',NULL,NULL,NULL),(105,NULL,22,'admin','admin.order.new','Новый заказ','Заказ №10 на сумму 2 490 ₽.','/admin/orders','App\\Models\\Order',10,'{\"order_id\": 10}','2026-06-14 09:00:16','2026-06-14 09:00:16',NULL,NULL,NULL),(106,22,NULL,'user','order.paid','Заказ оплачен','Заказ №10 оплачен и передан в обработку.','/account/orders','App\\Models\\Order',10,'{\"payment_id\": 17}','2026-06-14 09:00:17','2026-06-14 09:00:17',NULL,NULL,NULL),(107,15,22,'user','admin.order.paid','Заказ оплачен','Заказ №10 оплачен.','/admin/orders','App\\Models\\Order',10,'{\"payment_id\": 17}','2026-06-14 09:00:17','2026-06-14 09:00:17',NULL,NULL,NULL),(109,NULL,22,'admin','admin.order.paid','Заказ оплачен','Заказ №10 оплачен.','/admin/orders','App\\Models\\Order',10,'{\"payment_id\": 17}','2026-06-14 09:00:17','2026-06-14 09:00:17',NULL,NULL,NULL),(110,15,NULL,'user','booking.paid','Тренировка оплачена','Запись к тренеру подтверждена оплатой.','/account/bookings','App\\Models\\Booking',11,'{\"payment_id\": 18}','2026-06-16 06:22:55','2026-06-16 06:22:55',NULL,NULL,NULL),(111,8,15,'user','trainer.booking.paid','Клиент оплатил тренировку','Дэк оплатил запись.','/account/bookings','App\\Models\\Booking',11,'{\"payment_id\": 18}','2026-06-16 06:22:55','2026-06-16 06:22:55',NULL,NULL,NULL),(112,8,15,'trainer','trainer.booking.paid','Клиент оплатил тренировку','Дэк оплатил запись.','/account/bookings','App\\Models\\Booking',11,'{\"payment_id\": 18}','2026-06-16 06:22:55','2026-06-16 06:22:55',NULL,NULL,NULL),(113,15,15,'user','admin.booking.paid','Оплачена запись к тренеру','Оплачена запись к Илья Ковалёв.','/admin/bookings','App\\Models\\Booking',11,'{\"payment_id\": 18}','2026-06-16 06:22:55','2026-06-16 06:22:55',NULL,NULL,NULL),(114,22,15,'user','admin.booking.paid','Оплачена запись к тренеру','Оплачена запись к Илья Ковалёв.','/admin/bookings','App\\Models\\Booking',11,'{\"payment_id\": 18}','2026-06-16 06:22:55','2026-06-16 06:22:55',NULL,NULL,NULL),(115,26,15,'user','admin.booking.paid','Оплачена запись к тренеру','Оплачена запись к Илья Ковалёв.','/admin/bookings','App\\Models\\Booking',11,'{\"payment_id\": 18}','2026-06-16 06:22:55','2026-06-16 06:22:55',NULL,NULL,NULL),(116,NULL,15,'admin','admin.booking.paid','Оплачена запись к тренеру','Оплачена запись к Илья Ковалёв.','/admin/bookings','App\\Models\\Booking',11,'{\"payment_id\": 18}','2026-06-16 06:22:55','2026-06-16 06:22:55',NULL,NULL,NULL),(117,15,15,'user','booking.created','Запись создана','Вы записаны на Вводная тренировка: 16.06.2026 12:00.','/account/bookings','App\\Models\\Booking',11,'{\"booking_id\": 11}','2026-06-16 06:22:55','2026-06-16 06:22:55',NULL,NULL,NULL),(118,8,15,'user','trainer.booking.new','Новая запись клиента','Дэк записался на Вводная тренировка: 16.06.2026 12:00.','/account/bookings','App\\Models\\Booking',11,'{\"booking_id\": 11}','2026-06-16 06:22:55','2026-06-16 06:22:55',NULL,NULL,NULL),(119,8,15,'trainer','trainer.booking.new','Новая запись клиента','Дэк записался на Вводная тренировка: 16.06.2026 12:00.','/account/bookings','App\\Models\\Booking',11,'{\"booking_id\": 11}','2026-06-16 06:22:55','2026-06-16 06:22:55',NULL,NULL,NULL),(120,15,15,'user','admin.booking.new','Новая запись к тренеру','Дэк записался к Илья Ковалёв.','/admin/bookings','App\\Models\\Booking',11,'{\"booking_id\": 11}','2026-06-16 06:22:55','2026-06-16 06:22:55',NULL,NULL,NULL),(121,22,15,'user','admin.booking.new','Новая запись к тренеру','Дэк записался к Илья Ковалёв.','/admin/bookings','App\\Models\\Booking',11,'{\"booking_id\": 11}','2026-06-16 06:22:55','2026-06-16 06:22:55',NULL,NULL,NULL),(122,26,15,'user','admin.booking.new','Новая запись к тренеру','Дэк записался к Илья Ковалёв.','/admin/bookings','App\\Models\\Booking',11,'{\"booking_id\": 11}','2026-06-16 06:22:55','2026-06-16 06:22:55',NULL,NULL,NULL),(123,NULL,15,'admin','admin.booking.new','Новая запись к тренеру','Дэк записался к Илья Ковалёв.','/admin/bookings','App\\Models\\Booking',11,'{\"booking_id\": 11}','2026-06-16 06:22:55','2026-06-16 06:22:55',NULL,NULL,NULL),(125,15,15,'user','program.started','Программа начата','Вы начали программу «Основы бокса».','/account/programs','App\\Models\\ProgramProgress',14,'{\"program_id\": 7}','2026-06-16 06:23:46','2026-06-16 06:23:46',NULL,NULL,NULL),(126,15,15,'user','program.progress','Прогресс обновлён','Программа «Основы бокса»: 1 из 6 недель.','/account/programs','App\\Models\\ProgramProgress',14,'{\"status\": \"active\", \"program_id\": 7}','2026-06-16 06:23:59','2026-06-16 06:23:59',NULL,NULL,NULL),(127,15,15,'user','program.progress','Прогресс обновлён','Программа «Основы бокса»: 2 из 6 недель.','/account/programs','App\\Models\\ProgramProgress',14,'{\"status\": \"active\", \"program_id\": 7}','2026-06-16 06:24:02','2026-06-16 06:24:02',NULL,NULL,NULL),(128,15,15,'user','program.progress','Прогресс обновлён','Программа «Основы бокса»: 3 из 6 недель.','/account/programs','App\\Models\\ProgramProgress',14,'{\"status\": \"active\", \"program_id\": 7}','2026-06-16 06:24:03','2026-06-16 06:24:03',NULL,NULL,NULL),(134,15,15,'user','order.created','Заказ оформлен','Заказ №11 создан. Завершите демонстрационную оплату.','/account/orders','App\\Models\\Order',11,'{\"order_id\": 11}','2026-06-16 06:29:29','2026-06-16 06:29:29',NULL,NULL,NULL),(135,15,15,'user','admin.order.new','Новый заказ','Заказ №11 на сумму 3 480 ₽.','/admin/orders','App\\Models\\Order',11,'{\"order_id\": 11}','2026-06-16 06:29:29','2026-06-16 06:29:29',NULL,NULL,NULL),(136,22,15,'user','admin.order.new','Новый заказ','Заказ №11 на сумму 3 480 ₽.','/admin/orders','App\\Models\\Order',11,'{\"order_id\": 11}','2026-06-16 06:29:29','2026-06-16 06:29:29',NULL,NULL,NULL),(137,26,15,'user','admin.order.new','Новый заказ','Заказ №11 на сумму 3 480 ₽.','/admin/orders','App\\Models\\Order',11,'{\"order_id\": 11}','2026-06-16 06:29:29','2026-06-16 06:29:29',NULL,NULL,NULL),(138,NULL,15,'admin','admin.order.new','Новый заказ','Заказ №11 на сумму 3 480 ₽.','/admin/orders','App\\Models\\Order',11,'{\"order_id\": 11}','2026-06-16 06:29:29','2026-06-16 06:29:29',NULL,NULL,NULL),(139,15,NULL,'user','order.paid','Заказ оплачен','Заказ №11 оплачен и передан в обработку.','/account/orders','App\\Models\\Order',11,'{\"payment_id\": 19}','2026-06-16 06:29:30','2026-06-16 06:29:30',NULL,NULL,NULL),(141,22,15,'user','admin.order.paid','Заказ оплачен','Заказ №11 оплачен.','/admin/orders','App\\Models\\Order',11,'{\"payment_id\": 19}','2026-06-16 06:29:30','2026-06-16 06:29:30',NULL,NULL,NULL),(142,26,15,'user','admin.order.paid','Заказ оплачен','Заказ №11 оплачен.','/admin/orders','App\\Models\\Order',11,'{\"payment_id\": 19}','2026-06-16 06:29:30','2026-06-16 06:29:30',NULL,NULL,NULL),(143,NULL,15,'admin','admin.order.paid','Заказ оплачен','Заказ №11 оплачен.','/admin/orders','App\\Models\\Order',11,'{\"payment_id\": 19}','2026-06-16 06:29:30','2026-06-16 06:29:30',NULL,NULL,NULL),(146,26,26,'user','order.created','Заказ оформлен','Заказ №12 создан. Завершите демонстрационную оплату.','/account/orders','App\\Models\\Order',12,'{\"order_id\": 12}','2026-06-17 17:15:48','2026-06-17 17:15:48',NULL,NULL,NULL),(147,15,26,'user','admin.order.new','Новый заказ','Заказ №12 на сумму 15 980 ₽.','/admin/orders','App\\Models\\Order',12,'{\"order_id\": 12}','2026-06-17 17:15:48','2026-06-17 17:15:48',NULL,NULL,NULL),(148,22,26,'user','admin.order.new','Новый заказ','Заказ №12 на сумму 15 980 ₽.','/admin/orders','App\\Models\\Order',12,'{\"order_id\": 12}','2026-06-17 17:15:48','2026-06-17 17:15:48',NULL,NULL,NULL),(149,26,26,'user','admin.order.new','Новый заказ','Заказ №12 на сумму 15 980 ₽.','/admin/orders','App\\Models\\Order',12,'{\"order_id\": 12}','2026-06-17 17:15:48','2026-06-17 17:15:48',NULL,NULL,NULL),(150,NULL,26,'admin','admin.order.new','Новый заказ','Заказ №12 на сумму 15 980 ₽.','/admin/orders','App\\Models\\Order',12,'{\"order_id\": 12}','2026-06-17 17:15:48','2026-06-17 17:15:48',NULL,NULL,NULL),(151,26,NULL,'user','order.paid','Заказ оплачен','Заказ №12 оплачен и передан в обработку.','/account/orders','App\\Models\\Order',12,'{\"payment_id\": 20}','2026-06-17 17:15:54','2026-06-17 17:15:54',NULL,NULL,NULL),(152,15,26,'user','admin.order.paid','Заказ оплачен','Заказ №12 оплачен.','/admin/orders','App\\Models\\Order',12,'{\"payment_id\": 20}','2026-06-17 17:15:54','2026-06-17 17:15:54',NULL,NULL,NULL),(153,22,26,'user','admin.order.paid','Заказ оплачен','Заказ №12 оплачен.','/admin/orders','App\\Models\\Order',12,'{\"payment_id\": 20}','2026-06-17 17:15:54','2026-06-17 17:15:54',NULL,NULL,NULL),(155,NULL,26,'admin','admin.order.paid','Заказ оплачен','Заказ №12 оплачен.','/admin/orders','App\\Models\\Order',12,'{\"payment_id\": 20}','2026-06-17 17:15:54','2026-06-17 17:15:54',NULL,NULL,NULL),(156,26,26,'user','booking.created','Запись создана','Вы записаны на Персональная тренировка: 18.06.2026 10:00.','/account/bookings','App\\Models\\Booking',12,'{\"booking_id\": 12}','2026-06-17 19:00:39','2026-06-17 19:00:39',NULL,NULL,NULL),(157,19,26,'user','trainer.booking.new','Новая запись клиента','Александр Администраторов записался на Персональная тренировка: 18.06.2026 10:00.','/account/bookings','App\\Models\\Booking',12,'{\"booking_id\": 12}','2026-06-17 19:00:39','2026-06-17 19:00:39',NULL,NULL,NULL),(158,19,26,'trainer','trainer.booking.new','Новая запись клиента','Александр Администраторов записался на Персональная тренировка: 18.06.2026 10:00.','/account/bookings','App\\Models\\Booking',12,'{\"booking_id\": 12}','2026-06-17 19:00:39','2026-06-17 19:00:39',NULL,NULL,NULL),(159,15,26,'user','admin.booking.new','Новая запись к тренеру','Александр Администраторов записался к Алиса Корнеева.','/admin/bookings','App\\Models\\Booking',12,'{\"booking_id\": 12}','2026-06-17 19:00:39','2026-06-17 19:00:39',NULL,NULL,NULL),(160,22,26,'user','admin.booking.new','Новая запись к тренеру','Александр Администраторов записался к Алиса Корнеева.','/admin/bookings','App\\Models\\Booking',12,'{\"booking_id\": 12}','2026-06-17 19:00:39','2026-06-17 19:00:39',NULL,NULL,NULL),(161,26,26,'user','admin.booking.new','Новая запись к тренеру','Александр Администраторов записался к Алиса Корнеева.','/admin/bookings','App\\Models\\Booking',12,'{\"booking_id\": 12}','2026-06-17 19:00:39','2026-06-17 19:00:39',NULL,NULL,NULL),(162,NULL,26,'admin','admin.booking.new','Новая запись к тренеру','Александр Администраторов записался к Алиса Корнеева.','/admin/bookings','App\\Models\\Booking',12,'{\"booking_id\": 12}','2026-06-17 19:00:39','2026-06-17 19:00:39',NULL,NULL,NULL),(163,26,NULL,'user','booking.paid','Тренировка оплачена','Запись к тренеру подтверждена оплатой.','/account/bookings','App\\Models\\Booking',12,'{\"payment_id\": 21}','2026-06-17 19:02:03','2026-06-17 19:02:03',NULL,NULL,NULL),(164,19,26,'user','trainer.booking.paid','Клиент оплатил тренировку','Александр Администраторов оплатил запись.','/account/bookings','App\\Models\\Booking',12,'{\"payment_id\": 21}','2026-06-17 19:02:03','2026-06-17 19:02:03',NULL,NULL,NULL),(165,19,26,'trainer','trainer.booking.paid','Клиент оплатил тренировку','Александр Администраторов оплатил запись.','/account/bookings','App\\Models\\Booking',12,'{\"payment_id\": 21}','2026-06-17 19:02:03','2026-06-17 19:02:03',NULL,NULL,NULL),(166,15,26,'user','admin.booking.paid','Оплачена запись к тренеру','Оплачена запись к Алиса Корнеева.','/admin/bookings','App\\Models\\Booking',12,'{\"payment_id\": 21}','2026-06-17 19:02:03','2026-06-17 19:02:03',NULL,NULL,NULL),(167,22,26,'user','admin.booking.paid','Оплачена запись к тренеру','Оплачена запись к Алиса Корнеева.','/admin/bookings','App\\Models\\Booking',12,'{\"payment_id\": 21}','2026-06-17 19:02:03','2026-06-17 19:02:03',NULL,NULL,NULL),(168,26,26,'user','admin.booking.paid','Оплачена запись к тренеру','Оплачена запись к Алиса Корнеева.','/admin/bookings','App\\Models\\Booking',12,'{\"payment_id\": 21}','2026-06-17 19:02:03','2026-06-17 19:02:03',NULL,NULL,NULL),(169,NULL,26,'admin','admin.booking.paid','Оплачена запись к тренеру','Оплачена запись к Алиса Корнеева.','/admin/bookings','App\\Models\\Booking',12,'{\"payment_id\": 21}','2026-06-17 19:02:03','2026-06-17 19:02:03',NULL,NULL,NULL),(170,26,26,'user','order.created','Заказ оформлен','Заказ №13 создан. Завершите демонстрационную оплату.','/account/orders','App\\Models\\Order',13,'{\"order_id\": 13}','2026-06-17 19:02:36','2026-06-17 19:02:36',NULL,NULL,NULL),(171,15,26,'user','admin.order.new','Новый заказ','Заказ №13 на сумму 2 490 ₽.','/admin/orders','App\\Models\\Order',13,'{\"order_id\": 13}','2026-06-17 19:02:36','2026-06-17 19:02:36',NULL,NULL,NULL),(172,22,26,'user','admin.order.new','Новый заказ','Заказ №13 на сумму 2 490 ₽.','/admin/orders','App\\Models\\Order',13,'{\"order_id\": 13}','2026-06-17 19:02:36','2026-06-17 19:02:36',NULL,NULL,NULL),(173,26,26,'user','admin.order.new','Новый заказ','Заказ №13 на сумму 2 490 ₽.','/admin/orders','App\\Models\\Order',13,'{\"order_id\": 13}','2026-06-17 19:02:36','2026-06-17 19:02:36',NULL,NULL,NULL),(174,NULL,26,'admin','admin.order.new','Новый заказ','Заказ №13 на сумму 2 490 ₽.','/admin/orders','App\\Models\\Order',13,'{\"order_id\": 13}','2026-06-17 19:02:37','2026-06-17 19:02:37',NULL,NULL,NULL),(175,26,NULL,'user','order.paid','Заказ оплачен','Заказ №13 оплачен и передан в обработку.','/account/orders','App\\Models\\Order',13,'{\"payment_id\": 22}','2026-06-17 19:02:52','2026-06-17 19:02:52',NULL,NULL,NULL),(176,15,26,'user','admin.order.paid','Заказ оплачен','Заказ №13 оплачен.','/admin/orders','App\\Models\\Order',13,'{\"payment_id\": 22}','2026-06-17 19:02:52','2026-06-17 19:02:52',NULL,NULL,NULL),(177,22,26,'user','admin.order.paid','Заказ оплачен','Заказ №13 оплачен.','/admin/orders','App\\Models\\Order',13,'{\"payment_id\": 22}','2026-06-17 19:02:52','2026-06-17 19:02:52',NULL,NULL,NULL),(179,NULL,26,'admin','admin.order.paid','Заказ оплачен','Заказ №13 оплачен.','/admin/orders','App\\Models\\Order',13,'{\"payment_id\": 22}','2026-06-17 19:02:52','2026-06-17 19:02:52',NULL,NULL,NULL),(180,26,26,'user','order.created','Заказ оформлен','Заказ №14 создан. Завершите демонстрационную оплату.','/account/orders','App\\Models\\Order',14,'{\"order_id\": 14}','2026-06-17 19:03:28','2026-06-17 19:03:28',NULL,NULL,NULL),(181,15,26,'user','admin.order.new','Новый заказ','Заказ №14 на сумму 2 490 ₽.','/admin/orders','App\\Models\\Order',14,'{\"order_id\": 14}','2026-06-17 19:03:28','2026-06-17 19:03:28',NULL,NULL,NULL),(182,22,26,'user','admin.order.new','Новый заказ','Заказ №14 на сумму 2 490 ₽.','/admin/orders','App\\Models\\Order',14,'{\"order_id\": 14}','2026-06-17 19:03:28','2026-06-17 19:03:28',NULL,NULL,NULL),(183,26,26,'user','admin.order.new','Новый заказ','Заказ №14 на сумму 2 490 ₽.','/admin/orders','App\\Models\\Order',14,'{\"order_id\": 14}','2026-06-17 19:03:28','2026-06-17 19:03:28',NULL,NULL,NULL),(184,NULL,26,'admin','admin.order.new','Новый заказ','Заказ №14 на сумму 2 490 ₽.','/admin/orders','App\\Models\\Order',14,'{\"order_id\": 14}','2026-06-17 19:03:28','2026-06-17 19:03:28',NULL,NULL,NULL),(185,26,NULL,'user','order.paid','Заказ оплачен','Заказ №14 оплачен и передан в обработку.','/account/orders','App\\Models\\Order',14,'{\"payment_id\": 23}','2026-06-17 19:03:47','2026-06-17 19:03:47',NULL,NULL,NULL),(186,15,26,'user','admin.order.paid','Заказ оплачен','Заказ №14 оплачен.','/admin/orders','App\\Models\\Order',14,'{\"payment_id\": 23}','2026-06-17 19:03:47','2026-06-17 19:03:47',NULL,NULL,NULL),(187,22,26,'user','admin.order.paid','Заказ оплачен','Заказ №14 оплачен.','/admin/orders','App\\Models\\Order',14,'{\"payment_id\": 23}','2026-06-17 19:03:47','2026-06-17 19:03:47',NULL,NULL,NULL),(189,NULL,26,'admin','admin.order.paid','Заказ оплачен','Заказ №14 оплачен.','/admin/orders','App\\Models\\Order',14,'{\"payment_id\": 23}','2026-06-17 19:03:47','2026-06-17 19:03:47',NULL,NULL,NULL),(190,26,26,'user','order.created','Заказ оформлен','Заказ №15 создан. Завершите демонстрационную оплату.','/account/orders','App\\Models\\Order',15,'{\"order_id\": 15}','2026-06-17 19:41:32','2026-06-17 19:41:32',NULL,NULL,NULL),(191,15,26,'user','admin.order.new','Новый заказ','Заказ №15 на сумму 990 ₽.','/admin/orders','App\\Models\\Order',15,'{\"order_id\": 15}','2026-06-17 19:41:32','2026-06-17 19:41:32',NULL,NULL,NULL),(192,22,26,'user','admin.order.new','Новый заказ','Заказ №15 на сумму 990 ₽.','/admin/orders','App\\Models\\Order',15,'{\"order_id\": 15}','2026-06-17 19:41:32','2026-06-17 19:41:32',NULL,NULL,NULL),(193,26,26,'user','admin.order.new','Новый заказ','Заказ №15 на сумму 990 ₽.','/admin/orders','App\\Models\\Order',15,'{\"order_id\": 15}','2026-06-17 19:41:32','2026-06-17 19:41:32',NULL,NULL,NULL),(194,NULL,26,'admin','admin.order.new','Новый заказ','Заказ №15 на сумму 990 ₽.','/admin/orders','App\\Models\\Order',15,'{\"order_id\": 15}','2026-06-17 19:41:32','2026-06-17 19:41:32',NULL,NULL,NULL),(195,26,NULL,'user','order.paid','Заказ оплачен','Заказ №15 оплачен и передан в обработку.','/account/orders','App\\Models\\Order',15,'{\"payment_id\": 24}','2026-06-17 19:41:46','2026-06-17 19:41:46',NULL,NULL,NULL),(196,15,26,'user','admin.order.paid','Заказ оплачен','Заказ №15 оплачен.','/admin/orders','App\\Models\\Order',15,'{\"payment_id\": 24}','2026-06-17 19:41:46','2026-06-17 19:41:46',NULL,NULL,NULL),(197,22,26,'user','admin.order.paid','Заказ оплачен','Заказ №15 оплачен.','/admin/orders','App\\Models\\Order',15,'{\"payment_id\": 24}','2026-06-17 19:41:46','2026-06-17 19:41:46',NULL,NULL,NULL),(199,NULL,26,'admin','admin.order.paid','Заказ оплачен','Заказ №15 оплачен.','/admin/orders','App\\Models\\Order',15,'{\"payment_id\": 24}','2026-06-17 19:41:46','2026-06-17 19:41:46',NULL,NULL,NULL),(205,1,1,'user','order.created','Заказ оформлен','Заказ №16 создан. Завершите демонстрационную оплату.','/account/orders','App\\Models\\Order',16,'{\"order_id\": 16}','2026-06-17 20:03:30','2026-06-17 20:03:30',NULL,NULL,NULL),(206,15,1,'user','admin.order.new','Новый заказ','Заказ №16 на сумму 1 790 ₽.','/admin/orders','App\\Models\\Order',16,'{\"order_id\": 16}','2026-06-17 20:03:30','2026-06-17 20:03:30',NULL,NULL,NULL),(207,22,1,'user','admin.order.new','Новый заказ','Заказ №16 на сумму 1 790 ₽.','/admin/orders','App\\Models\\Order',16,'{\"order_id\": 16}','2026-06-17 20:03:30','2026-06-17 20:03:30',NULL,NULL,NULL),(208,26,1,'user','admin.order.new','Новый заказ','Заказ №16 на сумму 1 790 ₽.','/admin/orders','App\\Models\\Order',16,'{\"order_id\": 16}','2026-06-17 20:03:30','2026-06-17 20:03:30',NULL,NULL,NULL),(209,NULL,1,'admin','admin.order.new','Новый заказ','Заказ №16 на сумму 1 790 ₽.','/admin/orders','App\\Models\\Order',16,'{\"order_id\": 16}','2026-06-17 20:03:30','2026-06-17 20:03:30',NULL,NULL,NULL),(210,1,NULL,'user','order.paid','Заказ оплачен','Заказ №16 оплачен и передан в обработку.','/account/orders','App\\Models\\Order',16,'{\"order_id\": 16, \"payment_id\": 25}','2026-06-17 20:03:57','2026-06-17 20:03:57',NULL,NULL,NULL),(211,15,1,'user','admin.order.paid','Заказ оплачен','Заказ №16 оплачен.','/admin/orders','App\\Models\\Order',16,'{\"order_id\": 16, \"payment_id\": 25}','2026-06-17 20:03:57','2026-06-17 20:03:57',NULL,NULL,NULL),(212,22,1,'user','admin.order.paid','Заказ оплачен','Заказ №16 оплачен.','/admin/orders','App\\Models\\Order',16,'{\"order_id\": 16, \"payment_id\": 25}','2026-06-17 20:03:57','2026-06-17 20:03:57',NULL,NULL,NULL),(213,26,1,'user','admin.order.paid','Заказ оплачен','Заказ №16 оплачен.','/admin/orders','App\\Models\\Order',16,'{\"order_id\": 16, \"payment_id\": 25}','2026-06-17 20:03:57','2026-06-17 20:03:57',NULL,NULL,NULL),(214,NULL,1,'admin','admin.order.paid','Заказ оплачен','Заказ №16 оплачен.','/admin/orders','App\\Models\\Order',16,'{\"order_id\": 16, \"payment_id\": 25}','2026-06-17 20:03:57','2026-06-17 20:03:57',NULL,NULL,NULL),(215,1,1,'user','program.started','Программа начата','Вы начали программу «Функциональный старт».','/account/programs','App\\Models\\ProgramProgress',15,'{\"program_id\": 1}','2026-06-17 20:04:46','2026-06-17 20:04:46',NULL,NULL,NULL),(216,1,1,'user','program.progress','Прогресс обновлён','Программа «Функциональный старт»: 1 из 4 недель.','/account/programs','App\\Models\\ProgramProgress',15,'{\"status\": \"active\", \"program_id\": 1}','2026-06-17 20:04:47','2026-06-17 20:04:47',NULL,NULL,NULL),(217,1,1,'user','program.progress','Прогресс обновлён','Программа «Функциональный старт»: 2 из 4 недель.','/account/programs','App\\Models\\ProgramProgress',15,'{\"status\": \"active\", \"program_id\": 1}','2026-06-17 20:04:50','2026-06-17 20:04:50',NULL,NULL,NULL),(218,1,1,'user','booking.created','Запись создана','Вы записаны на Консультация тренера: 18.06.2026 15:00.','/account/bookings','App\\Models\\Booking',13,'{\"booking_id\": 13}','2026-06-17 20:05:01','2026-06-17 20:05:01',NULL,NULL,NULL),(219,19,1,'user','trainer.booking.new','Новая запись клиента','Анна Волкова записался на Консультация тренера: 18.06.2026 15:00.','/account/bookings','App\\Models\\Booking',13,'{\"booking_id\": 13}','2026-06-17 20:05:01','2026-06-17 20:05:01',NULL,NULL,NULL),(220,19,1,'trainer','trainer.booking.new','Новая запись клиента','Анна Волкова записался на Консультация тренера: 18.06.2026 15:00.','/account/bookings','App\\Models\\Booking',13,'{\"booking_id\": 13}','2026-06-17 20:05:01','2026-06-17 20:05:01',NULL,NULL,NULL),(221,15,1,'user','admin.booking.new','Новая запись к тренеру','Анна Волкова записался к Алиса Корнеева.','/admin/bookings','App\\Models\\Booking',13,'{\"booking_id\": 13}','2026-06-17 20:05:01','2026-06-17 20:05:01',NULL,NULL,NULL),(222,22,1,'user','admin.booking.new','Новая запись к тренеру','Анна Волкова записался к Алиса Корнеева.','/admin/bookings','App\\Models\\Booking',13,'{\"booking_id\": 13}','2026-06-17 20:05:01','2026-06-17 20:05:01',NULL,NULL,NULL),(223,26,1,'user','admin.booking.new','Новая запись к тренеру','Анна Волкова записался к Алиса Корнеева.','/admin/bookings','App\\Models\\Booking',13,'{\"booking_id\": 13}','2026-06-17 20:05:01','2026-06-17 20:05:01',NULL,NULL,NULL),(224,NULL,1,'admin','admin.booking.new','Новая запись к тренеру','Анна Волкова записался к Алиса Корнеева.','/admin/bookings','App\\Models\\Booking',13,'{\"booking_id\": 13}','2026-06-17 20:05:01','2026-06-17 20:05:01',NULL,NULL,NULL),(225,1,NULL,'user','booking.paid','Тренировка оплачена','Запись к тренеру подтверждена оплатой.','/account/bookings','App\\Models\\Booking',13,'{\"payment_id\": 26}','2026-06-17 20:05:14','2026-06-17 20:05:14',NULL,NULL,NULL),(226,19,1,'user','trainer.booking.paid','Клиент оплатил тренировку','Анна Волкова оплатил запись.','/account/bookings','App\\Models\\Booking',13,'{\"payment_id\": 26}','2026-06-17 20:05:14','2026-06-17 20:05:14',NULL,NULL,NULL),(227,19,1,'trainer','trainer.booking.paid','Клиент оплатил тренировку','Анна Волкова оплатил запись.','/account/bookings','App\\Models\\Booking',13,'{\"payment_id\": 26}','2026-06-17 20:05:14','2026-06-17 20:05:14',NULL,NULL,NULL),(228,15,1,'user','admin.booking.paid','Оплачена запись к тренеру','Оплачена запись к Алиса Корнеева.','/admin/bookings','App\\Models\\Booking',13,'{\"payment_id\": 26}','2026-06-17 20:05:14','2026-06-17 20:05:14',NULL,NULL,NULL),(229,22,1,'user','admin.booking.paid','Оплачена запись к тренеру','Оплачена запись к Алиса Корнеева.','/admin/bookings','App\\Models\\Booking',13,'{\"payment_id\": 26}','2026-06-17 20:05:14','2026-06-17 20:05:14',NULL,NULL,NULL),(230,26,1,'user','admin.booking.paid','Оплачена запись к тренеру','Оплачена запись к Алиса Корнеева.','/admin/bookings','App\\Models\\Booking',13,'{\"payment_id\": 26}','2026-06-17 20:05:14','2026-06-17 20:05:14',NULL,NULL,NULL),(231,NULL,1,'admin','admin.booking.paid','Оплачена запись к тренеру','Оплачена запись к Алиса Корнеева.','/admin/bookings','App\\Models\\Booking',13,'{\"payment_id\": 26}','2026-06-17 20:05:14','2026-06-17 20:05:14',NULL,NULL,NULL),(232,29,NULL,'user','booking.paid','Тренировка оплачена','Запись к тренеру подтверждена оплатой.','/account/bookings','App\\Models\\Booking',14,'{\"payment_id\": 27}','2026-06-17 21:15:53','2026-06-17 21:15:53',NULL,NULL,NULL),(233,29,29,'user','trainer.booking.paid','Клиент оплатил тренировку','Алина Ветрова оплатил запись.','/account/bookings','App\\Models\\Booking',14,'{\"payment_id\": 27}','2026-06-17 21:15:53','2026-06-17 21:15:53',NULL,NULL,NULL),(234,29,29,'trainer','trainer.booking.paid','Клиент оплатил тренировку','Алина Ветрова оплатил запись.','/account/bookings','App\\Models\\Booking',14,'{\"payment_id\": 27}','2026-06-17 21:15:53','2026-06-17 21:15:53',NULL,NULL,NULL),(235,15,29,'user','admin.booking.paid','Оплачена запись к тренеру','Оплачена запись к Алина Ветрова.','/admin/bookings','App\\Models\\Booking',14,'{\"payment_id\": 27}','2026-06-17 21:15:53','2026-06-17 21:15:53',NULL,NULL,NULL),(236,22,29,'user','admin.booking.paid','Оплачена запись к тренеру','Оплачена запись к Алина Ветрова.','/admin/bookings','App\\Models\\Booking',14,'{\"payment_id\": 27}','2026-06-17 21:15:53','2026-06-17 21:15:53',NULL,NULL,NULL),(237,26,29,'user','admin.booking.paid','Оплачена запись к тренеру','Оплачена запись к Алина Ветрова.','/admin/bookings','App\\Models\\Booking',14,'{\"payment_id\": 27}','2026-06-17 21:15:53','2026-06-17 21:15:53',NULL,NULL,NULL),(238,NULL,29,'admin','admin.booking.paid','Оплачена запись к тренеру','Оплачена запись к Алина Ветрова.','/admin/bookings','App\\Models\\Booking',14,'{\"payment_id\": 27}','2026-06-17 21:15:53','2026-06-17 21:15:53',NULL,NULL,NULL),(239,29,29,'user','booking.created','Запись создана','Вы записаны на Вводная диагностика: 18.06.2026 11:30.','/account/bookings','App\\Models\\Booking',14,'{\"booking_id\": 14}','2026-06-17 21:15:53','2026-06-17 21:15:53',NULL,NULL,NULL),(240,29,29,'user','trainer.booking.new','Новая запись клиента','Алина Ветрова записался на Вводная диагностика: 18.06.2026 11:30.','/account/bookings','App\\Models\\Booking',14,'{\"booking_id\": 14}','2026-06-17 21:15:53','2026-06-17 21:15:53',NULL,NULL,NULL),(241,29,29,'trainer','trainer.booking.new','Новая запись клиента','Алина Ветрова записался на Вводная диагностика: 18.06.2026 11:30.','/account/bookings','App\\Models\\Booking',14,'{\"booking_id\": 14}','2026-06-17 21:15:53','2026-06-17 21:15:53',NULL,NULL,NULL),(242,15,29,'user','admin.booking.new','Новая запись к тренеру','Алина Ветрова записался к Алина Ветрова.','/admin/bookings','App\\Models\\Booking',14,'{\"booking_id\": 14}','2026-06-17 21:15:53','2026-06-17 21:15:53',NULL,NULL,NULL),(243,22,29,'user','admin.booking.new','Новая запись к тренеру','Алина Ветрова записался к Алина Ветрова.','/admin/bookings','App\\Models\\Booking',14,'{\"booking_id\": 14}','2026-06-17 21:15:53','2026-06-17 21:15:53',NULL,NULL,NULL),(244,26,29,'user','admin.booking.new','Новая запись к тренеру','Алина Ветрова записался к Алина Ветрова.','/admin/bookings','App\\Models\\Booking',14,'{\"booking_id\": 14}','2026-06-17 21:15:53','2026-06-17 21:15:53',NULL,NULL,NULL),(245,NULL,29,'admin','admin.booking.new','Новая запись к тренеру','Алина Ветрова записался к Алина Ветрова.','/admin/bookings','App\\Models\\Booking',14,'{\"booking_id\": 14}','2026-06-17 21:15:53','2026-06-17 21:15:53',NULL,NULL,NULL);
/*!40000 ALTER TABLE `activity_events` ENABLE KEYS */;
UNLOCK TABLES;

--
-- Table structure for table `article_favorites`
--

DROP TABLE IF EXISTS `article_favorites`;
/*!40101 SET @saved_cs_client     = @@character_set_client */;
/*!50503 SET character_set_client = utf8mb4 */;
CREATE TABLE `article_favorites` (
  `id` bigint unsigned NOT NULL AUTO_INCREMENT,
  `article_id` bigint unsigned NOT NULL,
  `user_id` bigint unsigned NOT NULL,
  `created_at` timestamp NULL DEFAULT NULL,
  `updated_at` timestamp NULL DEFAULT NULL,
  PRIMARY KEY (`id`),
  UNIQUE KEY `article_favorites_article_id_user_id_unique` (`article_id`,`user_id`),
  KEY `article_favorites_user_id_foreign` (`user_id`),
  CONSTRAINT `article_favorites_article_id_foreign` FOREIGN KEY (`article_id`) REFERENCES `articles` (`id`) ON DELETE CASCADE,
  CONSTRAINT `article_favorites_user_id_foreign` FOREIGN KEY (`user_id`) REFERENCES `users` (`id`) ON DELETE CASCADE
) ENGINE=InnoDB AUTO_INCREMENT=4 DEFAULT CHARSET=utf8mb4 COLLATE=utf8mb4_unicode_ci;
/*!40101 SET character_set_client = @saved_cs_client */;

--
-- Dumping data for table `article_favorites`
--

LOCK TABLES `article_favorites` WRITE;
/*!40000 ALTER TABLE `article_favorites` DISABLE KEYS */;
INSERT INTO `article_favorites` VALUES (1,2,22,'2026-06-14 08:54:58','2026-06-14 08:54:58'),(2,1,15,'2026-06-16 06:26:04','2026-06-16 06:26:04'),(3,3,1,'2026-06-16 09:16:32','2026-06-16 09:16:32');
/*!40000 ALTER TABLE `article_favorites` ENABLE KEYS */;
UNLOCK TABLES;

--
-- Table structure for table `article_helpful_votes`
--

DROP TABLE IF EXISTS `article_helpful_votes`;
/*!40101 SET @saved_cs_client     = @@character_set_client */;
/*!50503 SET character_set_client = utf8mb4 */;
CREATE TABLE `article_helpful_votes` (
  `id` bigint unsigned NOT NULL AUTO_INCREMENT,
  `article_id` bigint unsigned NOT NULL,
  `user_id` bigint unsigned NOT NULL,
  `created_at` timestamp NULL DEFAULT NULL,
  `updated_at` timestamp NULL DEFAULT NULL,
  PRIMARY KEY (`id`),
  UNIQUE KEY `article_helpful_votes_article_id_user_id_unique` (`article_id`,`user_id`),
  KEY `article_helpful_votes_user_id_foreign` (`user_id`),
  CONSTRAINT `article_helpful_votes_article_id_foreign` FOREIGN KEY (`article_id`) REFERENCES `articles` (`id`) ON DELETE CASCADE,
  CONSTRAINT `article_helpful_votes_user_id_foreign` FOREIGN KEY (`user_id`) REFERENCES `users` (`id`) ON DELETE CASCADE
) ENGINE=InnoDB AUTO_INCREMENT=6 DEFAULT CHARSET=utf8mb4 COLLATE=utf8mb4_unicode_ci;
/*!40101 SET character_set_client = @saved_cs_client */;

--
-- Dumping data for table `article_helpful_votes`
--

LOCK TABLES `article_helpful_votes` WRITE;
/*!40000 ALTER TABLE `article_helpful_votes` DISABLE KEYS */;
INSERT INTO `article_helpful_votes` VALUES (2,2,22,'2026-06-14 08:54:59','2026-06-14 08:54:59'),(3,1,15,'2026-06-16 06:26:07','2026-06-16 06:26:07'),(5,3,1,'2026-06-16 09:16:29','2026-06-16 09:16:29');
/*!40000 ALTER TABLE `article_helpful_votes` ENABLE KEYS */;
UNLOCK TABLES;

--
-- Table structure for table `articles`
--

DROP TABLE IF EXISTS `articles`;
/*!40101 SET @saved_cs_client     = @@character_set_client */;
/*!50503 SET character_set_client = utf8mb4 */;
CREATE TABLE `articles` (
  `id` bigint unsigned NOT NULL AUTO_INCREMENT,
  `author_user_id` bigint unsigned NOT NULL,
  `title` varchar(255) COLLATE utf8mb4_unicode_ci NOT NULL,
  `excerpt` text COLLATE utf8mb4_unicode_ci,
  `cover_image_url` varchar(2048) COLLATE utf8mb4_unicode_ci DEFAULT NULL,
  `category` varchar(80) COLLATE utf8mb4_unicode_ci DEFAULT NULL,
  `slug` varchar(255) COLLATE utf8mb4_unicode_ci NOT NULL,
  `content` longtext COLLATE utf8mb4_unicode_ci NOT NULL,
  `status` varchar(32) COLLATE utf8mb4_unicode_ci NOT NULL DEFAULT 'draft',
  `is_featured` tinyint(1) NOT NULL DEFAULT '0',
  `is_trainer_article` tinyint(1) NOT NULL DEFAULT '0',
  `reading_time_minutes` smallint unsigned NOT NULL DEFAULT '1',
  `views_count` bigint unsigned NOT NULL DEFAULT '0',
  `helpful_count` bigint unsigned NOT NULL DEFAULT '0',
  `rejection_reason` text COLLATE utf8mb4_unicode_ci,
  `published_at` timestamp NULL DEFAULT NULL,
  `created_at` timestamp NULL DEFAULT NULL,
  `updated_at` timestamp NULL DEFAULT NULL,
  PRIMARY KEY (`id`),
  UNIQUE KEY `articles_slug_unique` (`slug`),
  KEY `articles_author_user_id_foreign` (`author_user_id`),
  KEY `articles_status_index` (`status`),
  KEY `articles_category_index` (`category`),
  KEY `articles_is_featured_index` (`is_featured`),
  KEY `articles_is_trainer_article_index` (`is_trainer_article`),
  CONSTRAINT `articles_author_user_id_foreign` FOREIGN KEY (`author_user_id`) REFERENCES `users` (`id`) ON DELETE CASCADE
) ENGINE=InnoDB AUTO_INCREMENT=27 DEFAULT CHARSET=utf8mb4 COLLATE=utf8mb4_unicode_ci;
/*!40101 SET character_set_client = @saved_cs_client */;

--
-- Dumping data for table `articles`
--

LOCK TABLES `articles` WRITE;
/*!40000 ALTER TABLE `articles` DISABLE KEYS */;
INSERT INTO `articles` VALUES (1,1,'Как начать функциональные тренировки','Практический материал от команды НашФит: без крайностей, с понятными шагами и применимыми советами.','/demo/covers/functional.svg','training','functional-training-start','<p class=\"lead\">Как начать функциональные тренировки — это тема, в которой важна не идеальность, а последовательность. Ниже — рабочий подход, который можно применить уже сегодня.</p><h2>С чего начать</h2><p>Сначала оцените текущий уровень и выберите нагрузку, после которой остаётся ощущение контроля. Увеличивайте объём постепенно и фиксируйте изменения.</p><div class=\"article-callout article-callout--trainer\"><strong>Совет тренера Анна Волкова</strong><p>Оставляйте запас в 2–3 повторения и не меняйте сразу все привычки. Один устойчивый шаг полезнее резкого старта.</p></div><h2>Практический план</h2><ol><li>Определите одну измеримую цель на четыре недели.</li><li>Запланируйте три основных действия на неделю.</li><li>Отмечайте самочувствие, сон и уровень нагрузки.</li><li>Корректируйте план раз в неделю, а не после каждой тренировки.</li></ol><h2>Частые ошибки</h2><ul><li>Слишком быстрый рост нагрузки.</li><li>Сравнение себя с более опытными спортсменами.</li><li>Игнорирование восстановления и сна.</li><li>Отсутствие понятного плана.</li></ul><blockquote>Прогресс строится не на одном идеальном занятии, а на десятках достаточно хороших.</blockquote><h2>Что делать дальше</h2><p>Выберите подходящую бесплатную программу, сохраните статью и при необходимости запишитесь на вводную тренировку. Тренер поможет адаптировать рекомендации под ваше состояние и цели.</p>','published',0,1,5,3205,1,NULL,'2026-06-12 08:07:14','2026-06-13 23:29:45','2026-06-16 06:26:07'),(2,2,'Техника важнее веса: база силового тренинга','Практический материал от команды НашФит: без крайностей, с понятными шагами и применимыми советами.','/demo/covers/strength.svg','training','strength-technique','<p class=\"lead\">Техника важнее веса: база силового тренинга — это тема, в которой важна не идеальность, а последовательность. Ниже — рабочий подход, который можно применить уже сегодня.</p><h2>С чего начать</h2><p>Сначала оцените текущий уровень и выберите нагрузку, после которой остаётся ощущение контроля. Увеличивайте объём постепенно и фиксируйте изменения.</p><div class=\"article-callout article-callout--trainer\"><strong>Совет тренера Дмитрий Сильнов</strong><p>Оставляйте запас в 2–3 повторения и не меняйте сразу все привычки. Один устойчивый шаг полезнее резкого старта.</p></div><h2>Практический план</h2><ol><li>Определите одну измеримую цель на четыре недели.</li><li>Запланируйте три основных действия на неделю.</li><li>Отмечайте самочувствие, сон и уровень нагрузки.</li><li>Корректируйте план раз в неделю, а не после каждой тренировки.</li></ol><h2>Частые ошибки</h2><ul><li>Слишком быстрый рост нагрузки.</li><li>Сравнение себя с более опытными спортсменами.</li><li>Игнорирование восстановления и сна.</li><li>Отсутствие понятного плана.</li></ul><blockquote>Прогресс строится не на одном идеальном занятии, а на десятках достаточно хороших.</blockquote><h2>Что делать дальше</h2><p>Выберите подходящую бесплатную программу, сохраните статью и при необходимости запишитесь на вводную тренировку. Тренер поможет адаптировать рекомендации под ваше состояние и цели.</p>','published',0,1,6,3105,1,NULL,'2026-06-09 08:07:14','2026-06-13 23:29:45','2026-06-14 08:58:49'),(3,2,'Белок без мифов: сколько нужно именно вам','Практический материал от команды НашФит: без крайностей, с понятными шагами и применимыми советами.','/demo/covers/nutrition.svg','nutrition','protein-guide','<p class=\"lead\">Белок без мифов: сколько нужно именно вам — это тема, в которой важна не идеальность, а последовательность. Ниже — рабочий подход, который можно применить уже сегодня.</p><h2>С чего начать</h2><p>Сначала оцените текущий уровень и выберите нагрузку, после которой остаётся ощущение контроля. Увеличивайте объём постепенно и фиксируйте изменения.</p><div class=\"article-callout article-callout--trainer\"><strong>Совет тренера Дмитрий Сильнов</strong><p>Оставляйте запас в 2–3 повторения и не меняйте сразу все привычки. Один устойчивый шаг полезнее резкого старта.</p></div><h2>Практический план</h2><ol><li>Определите одну измеримую цель на четыре недели.</li><li>Запланируйте три основных действия на неделю.</li><li>Отмечайте самочувствие, сон и уровень нагрузки.</li><li>Корректируйте план раз в неделю, а не после каждой тренировки.</li></ol><h2>Частые ошибки</h2><ul><li>Слишком быстрый рост нагрузки.</li><li>Сравнение себя с более опытными спортсменами.</li><li>Игнорирование восстановления и сна.</li><li>Отсутствие понятного плана.</li></ul><blockquote>Прогресс строится не на одном идеальном занятии, а на десятках достаточно хороших.</blockquote><h2>Что делать дальше</h2><p>Выберите подходящую бесплатную программу, сохраните статью и при необходимости запишитесь на вводную тренировку. Тренер поможет адаптировать рекомендации под ваше состояние и цели.</p>','published',0,1,7,3010,1,NULL,'2026-06-06 08:07:14','2026-06-13 23:29:45','2026-06-16 21:53:29'),(4,1,'Что есть до и после тренировки','Практический материал от команды НашФит: без крайностей, с понятными шагами и применимыми советами.','/demo/covers/nutrition.svg','nutrition','meal-before-workout','<p class=\"lead\">Что есть до и после тренировки — это тема, в которой важна не идеальность, а последовательность. Ниже — рабочий подход, который можно применить уже сегодня.</p><h2>С чего начать</h2><p>Сначала оцените текущий уровень и выберите нагрузку, после которой остаётся ощущение контроля. Увеличивайте объём постепенно и фиксируйте изменения.</p><div class=\"article-callout article-callout--trainer\"><strong>Совет тренера Анна Волкова</strong><p>Оставляйте запас в 2–3 повторения и не меняйте сразу все привычки. Один устойчивый шаг полезнее резкого старта.</p></div><h2>Практический план</h2><ol><li>Определите одну измеримую цель на четыре недели.</li><li>Запланируйте три основных действия на неделю.</li><li>Отмечайте самочувствие, сон и уровень нагрузки.</li><li>Корректируйте план раз в неделю, а не после каждой тренировки.</li></ol><h2>Частые ошибки</h2><ul><li>Слишком быстрый рост нагрузки.</li><li>Сравнение себя с более опытными спортсменами.</li><li>Игнорирование восстановления и сна.</li><li>Отсутствие понятного плана.</li></ul><blockquote>Прогресс строится не на одном идеальном занятии, а на десятках достаточно хороших.</blockquote><h2>Что делать дальше</h2><p>Выберите подходящую бесплатную программу, сохраните статью и при необходимости запишитесь на вводную тренировку. Тренер поможет адаптировать рекомендации под ваше состояние и цели.</p>','published',0,1,8,2909,168,NULL,'2026-06-03 08:07:14','2026-06-13 23:29:45','2026-06-14 08:07:14'),(5,3,'10 минут мобильности каждый день','Практический материал от команды НашФит: без крайностей, с понятными шагами и применимыми советами.','/demo/covers/mobility.svg','recovery','mobility-daily','<p class=\"lead\">10 минут мобильности каждый день — это тема, в которой важна не идеальность, а последовательность. Ниже — рабочий подход, который можно применить уже сегодня.</p><h2>С чего начать</h2><p>Сначала оцените текущий уровень и выберите нагрузку, после которой остаётся ощущение контроля. Увеличивайте объём постепенно и фиксируйте изменения.</p><div class=\"article-callout article-callout--trainer\"><strong>Совет тренера Елена Орлова</strong><p>Оставляйте запас в 2–3 повторения и не меняйте сразу все привычки. Один устойчивый шаг полезнее резкого старта.</p></div><h2>Практический план</h2><ol><li>Определите одну измеримую цель на четыре недели.</li><li>Запланируйте три основных действия на неделю.</li><li>Отмечайте самочувствие, сон и уровень нагрузки.</li><li>Корректируйте план раз в неделю, а не после каждой тренировки.</li></ol><h2>Частые ошибки</h2><ul><li>Слишком быстрый рост нагрузки.</li><li>Сравнение себя с более опытными спортсменами.</li><li>Игнорирование восстановления и сна.</li><li>Отсутствие понятного плана.</li></ul><blockquote>Прогресс строится не на одном идеальном занятии, а на десятках достаточно хороших.</blockquote><h2>Что делать дальше</h2><p>Выберите подходящую бесплатную программу, сохраните статью и при необходимости запишитесь на вводную тренировку. Тренер поможет адаптировать рекомендации под ваше состояние и цели.</p>','published',0,1,5,2812,164,NULL,'2026-05-31 08:07:14','2026-06-13 23:29:45','2026-06-14 08:07:14'),(6,5,'Сон и восстановление: главный скрытый ресурс','Практический материал от команды НашФит: без крайностей, с понятными шагами и применимыми советами.','/demo/covers/recovery.svg','recovery','sleep-recovery','<p class=\"lead\">Сон и восстановление: главный скрытый ресурс — это тема, в которой важна не идеальность, а последовательность. Ниже — рабочий подход, который можно применить уже сегодня.</p><h2>С чего начать</h2><p>Сначала оцените текущий уровень и выберите нагрузку, после которой остаётся ощущение контроля. Увеличивайте объём постепенно и фиксируйте изменения.</p><div class=\"article-callout article-callout--trainer\"><strong>Совет тренера Софья Белова</strong><p>Оставляйте запас в 2–3 повторения и не меняйте сразу все привычки. Один устойчивый шаг полезнее резкого старта.</p></div><h2>Практический план</h2><ol><li>Определите одну измеримую цель на четыре недели.</li><li>Запланируйте три основных действия на неделю.</li><li>Отмечайте самочувствие, сон и уровень нагрузки.</li><li>Корректируйте план раз в неделю, а не после каждой тренировки.</li></ol><h2>Частые ошибки</h2><ul><li>Слишком быстрый рост нагрузки.</li><li>Сравнение себя с более опытными спортсменами.</li><li>Игнорирование восстановления и сна.</li><li>Отсутствие понятного плана.</li></ul><blockquote>Прогресс строится не на одном идеальном занятии, а на десятках достаточно хороших.</blockquote><h2>Что делать дальше</h2><p>Выберите подходящую бесплатную программу, сохраните статью и при необходимости запишитесь на вводную тренировку. Тренер поможет адаптировать рекомендации под ваше состояние и цели.</p>','published',0,1,6,2715,160,NULL,'2026-05-28 08:07:14','2026-06-13 23:29:45','2026-06-14 08:07:14'),(7,5,'Здоровая спина при сидячей работе','Практический материал от команды НашФит: без крайностей, с понятными шагами и применимыми советами.','/demo/covers/back.svg','health','healthy-back-office','<p class=\"lead\">Здоровая спина при сидячей работе — это тема, в которой важна не идеальность, а последовательность. Ниже — рабочий подход, который можно применить уже сегодня.</p><h2>С чего начать</h2><p>Сначала оцените текущий уровень и выберите нагрузку, после которой остаётся ощущение контроля. Увеличивайте объём постепенно и фиксируйте изменения.</p><div class=\"article-callout article-callout--trainer\"><strong>Совет тренера Софья Белова</strong><p>Оставляйте запас в 2–3 повторения и не меняйте сразу все привычки. Один устойчивый шаг полезнее резкого старта.</p></div><h2>Практический план</h2><ol><li>Определите одну измеримую цель на четыре недели.</li><li>Запланируйте три основных действия на неделю.</li><li>Отмечайте самочувствие, сон и уровень нагрузки.</li><li>Корректируйте план раз в неделю, а не после каждой тренировки.</li></ol><h2>Частые ошибки</h2><ul><li>Слишком быстрый рост нагрузки.</li><li>Сравнение себя с более опытными спортсменами.</li><li>Игнорирование восстановления и сна.</li><li>Отсутствие понятного плана.</li></ul><blockquote>Прогресс строится не на одном идеальном занятии, а на десятках достаточно хороших.</blockquote><h2>Что делать дальше</h2><p>Выберите подходящую бесплатную программу, сохраните статью и при необходимости запишитесь на вводную тренировку. Тренер поможет адаптировать рекомендации под ваше состояние и цели.</p>','published',0,1,7,2618,156,NULL,'2026-05-25 08:07:14','2026-06-13 23:29:45','2026-06-14 08:07:14'),(8,6,'Как подготовиться к первым 5 километрам','Практический материал от команды НашФит: без крайностей, с понятными шагами и применимыми советами.','/demo/covers/running.svg','training','first-5k','<p class=\"lead\">Как подготовиться к первым 5 километрам — это тема, в которой важна не идеальность, а последовательность. Ниже — рабочий подход, который можно применить уже сегодня.</p><h2>С чего начать</h2><p>Сначала оцените текущий уровень и выберите нагрузку, после которой остаётся ощущение контроля. Увеличивайте объём постепенно и фиксируйте изменения.</p><div class=\"article-callout article-callout--trainer\"><strong>Совет тренера Артём Лебедев</strong><p>Оставляйте запас в 2–3 повторения и не меняйте сразу все привычки. Один устойчивый шаг полезнее резкого старта.</p></div><h2>Практический план</h2><ol><li>Определите одну измеримую цель на четыре недели.</li><li>Запланируйте три основных действия на неделю.</li><li>Отмечайте самочувствие, сон и уровень нагрузки.</li><li>Корректируйте план раз в неделю, а не после каждой тренировки.</li></ol><h2>Частые ошибки</h2><ul><li>Слишком быстрый рост нагрузки.</li><li>Сравнение себя с более опытными спортсменами.</li><li>Игнорирование восстановления и сна.</li><li>Отсутствие понятного плана.</li></ul><blockquote>Прогресс строится не на одном идеальном занятии, а на десятках достаточно хороших.</blockquote><h2>Что делать дальше</h2><p>Выберите подходящую бесплатную программу, сохраните статью и при необходимости запишитесь на вводную тренировку. Тренер поможет адаптировать рекомендации под ваше состояние и цели.</p>','published',0,1,8,2521,152,NULL,'2026-05-22 08:07:14','2026-06-13 23:29:45','2026-06-14 08:07:14'),(9,4,'Почему бокс отлично развивает выносливость','Практический материал от команды НашФит: без крайностей, с понятными шагами и применимыми советами.','/demo/covers/boxing.svg','training','boxing-cardio','<p class=\"lead\">Почему бокс отлично развивает выносливость — это тема, в которой важна не идеальность, а последовательность. Ниже — рабочий подход, который можно применить уже сегодня.</p><h2>С чего начать</h2><p>Сначала оцените текущий уровень и выберите нагрузку, после которой остаётся ощущение контроля. Увеличивайте объём постепенно и фиксируйте изменения.</p><div class=\"article-callout article-callout--trainer\"><strong>Совет тренера Максим Романов</strong><p>Оставляйте запас в 2–3 повторения и не меняйте сразу все привычки. Один устойчивый шаг полезнее резкого старта.</p></div><h2>Практический план</h2><ol><li>Определите одну измеримую цель на четыре недели.</li><li>Запланируйте три основных действия на неделю.</li><li>Отмечайте самочувствие, сон и уровень нагрузки.</li><li>Корректируйте план раз в неделю, а не после каждой тренировки.</li></ol><h2>Частые ошибки</h2><ul><li>Слишком быстрый рост нагрузки.</li><li>Сравнение себя с более опытными спортсменами.</li><li>Игнорирование восстановления и сна.</li><li>Отсутствие понятного плана.</li></ul><blockquote>Прогресс строится не на одном идеальном занятии, а на десятках достаточно хороших.</blockquote><h2>Что делать дальше</h2><p>Выберите подходящую бесплатную программу, сохраните статью и при необходимости запишитесь на вводную тренировку. Тренер поможет адаптировать рекомендации под ваше состояние и цели.</p>','published',0,1,5,2424,148,NULL,'2026-05-19 08:07:14','2026-06-13 23:29:45','2026-06-14 08:07:14'),(10,7,'Сильный пресс — это не только скручивания','Практический материал от команды НашФит: без крайностей, с понятными шагами и применимыми советами.','/demo/covers/core.svg','training','core-not-crunches','<p class=\"lead\">Сильный пресс — это не только скручивания — это тема, в которой важна не идеальность, а последовательность. Ниже — рабочий подход, который можно применить уже сегодня.</p><h2>С чего начать</h2><p>Сначала оцените текущий уровень и выберите нагрузку, после которой остаётся ощущение контроля. Увеличивайте объём постепенно и фиксируйте изменения.</p><div class=\"article-callout article-callout--trainer\"><strong>Совет тренера Виктория Морозова</strong><p>Оставляйте запас в 2–3 повторения и не меняйте сразу все привычки. Один устойчивый шаг полезнее резкого старта.</p></div><h2>Практический план</h2><ol><li>Определите одну измеримую цель на четыре недели.</li><li>Запланируйте три основных действия на неделю.</li><li>Отмечайте самочувствие, сон и уровень нагрузки.</li><li>Корректируйте план раз в неделю, а не после каждой тренировки.</li></ol><h2>Частые ошибки</h2><ul><li>Слишком быстрый рост нагрузки.</li><li>Сравнение себя с более опытными спортсменами.</li><li>Игнорирование восстановления и сна.</li><li>Отсутствие понятного плана.</li></ul><blockquote>Прогресс строится не на одном идеальном занятии, а на десятках достаточно хороших.</blockquote><h2>Что делать дальше</h2><p>Выберите подходящую бесплатную программу, сохраните статью и при необходимости запишитесь на вводную тренировку. Тренер поможет адаптировать рекомендации под ваше состояние и цели.</p>','published',0,1,6,2327,144,NULL,'2026-05-16 08:07:14','2026-06-13 23:29:45','2026-06-14 08:07:14'),(11,1,'Минимальный набор для домашнего зала','Практический материал от команды НашФит: без крайностей, с понятными шагами и применимыми советами.','/demo/covers/home.svg','motivation','home-gym-minimum','<p class=\"lead\">Минимальный набор для домашнего зала — это тема, в которой важна не идеальность, а последовательность. Ниже — рабочий подход, который можно применить уже сегодня.</p><h2>С чего начать</h2><p>Сначала оцените текущий уровень и выберите нагрузку, после которой остаётся ощущение контроля. Увеличивайте объём постепенно и фиксируйте изменения.</p><div class=\"article-callout article-callout--trainer\"><strong>Совет тренера Анна Волкова</strong><p>Оставляйте запас в 2–3 повторения и не меняйте сразу все привычки. Один устойчивый шаг полезнее резкого старта.</p></div><h2>Практический план</h2><ol><li>Определите одну измеримую цель на четыре недели.</li><li>Запланируйте три основных действия на неделю.</li><li>Отмечайте самочувствие, сон и уровень нагрузки.</li><li>Корректируйте план раз в неделю, а не после каждой тренировки.</li></ol><h2>Частые ошибки</h2><ul><li>Слишком быстрый рост нагрузки.</li><li>Сравнение себя с более опытными спортсменами.</li><li>Игнорирование восстановления и сна.</li><li>Отсутствие понятного плана.</li></ul><blockquote>Прогресс строится не на одном идеальном занятии, а на десятках достаточно хороших.</blockquote><h2>Что делать дальше</h2><p>Выберите подходящую бесплатную программу, сохраните статью и при необходимости запишитесь на вводную тренировку. Тренер поможет адаптировать рекомендации под ваше состояние и цели.</p>','published',0,1,7,2230,140,NULL,'2026-05-13 08:07:14','2026-06-13 23:29:45','2026-06-14 08:07:14'),(12,8,'Что делать, если прогресс остановился','Практический материал от команды НашФит: без крайностей, с понятными шагами и применимыми советами.','/demo/covers/strength.svg','motivation','plateau-progress','<p class=\"lead\">Что делать, если прогресс остановился — это тема, в которой важна не идеальность, а последовательность. Ниже — рабочий подход, который можно применить уже сегодня.</p><h2>С чего начать</h2><p>Сначала оцените текущий уровень и выберите нагрузку, после которой остаётся ощущение контроля. Увеличивайте объём постепенно и фиксируйте изменения.</p><div class=\"article-callout article-callout--trainer\"><strong>Совет тренера Илья Ковалёв</strong><p>Оставляйте запас в 2–3 повторения и не меняйте сразу все привычки. Один устойчивый шаг полезнее резкого старта.</p></div><h2>Практический план</h2><ol><li>Определите одну измеримую цель на четыре недели.</li><li>Запланируйте три основных действия на неделю.</li><li>Отмечайте самочувствие, сон и уровень нагрузки.</li><li>Корректируйте план раз в неделю, а не после каждой тренировки.</li></ol><h2>Частые ошибки</h2><ul><li>Слишком быстрый рост нагрузки.</li><li>Сравнение себя с более опытными спортсменами.</li><li>Игнорирование восстановления и сна.</li><li>Отсутствие понятного плана.</li></ul><blockquote>Прогресс строится не на одном идеальном занятии, а на десятках достаточно хороших.</blockquote><h2>Что делать дальше</h2><p>Выберите подходящую бесплатную программу, сохраните статью и при необходимости запишитесь на вводную тренировку. Тренер поможет адаптировать рекомендации под ваше состояние и цели.</p>','published',0,1,8,2133,136,NULL,'2026-05-10 08:07:14','2026-06-13 23:29:45','2026-06-14 08:07:14'),(13,1,'Как не бросить тренировки через две недели','Практический материал от команды НашФит: без крайностей, с понятными шагами и применимыми советами.','/demo/covers/functional.svg','motivation','training-consistency','<p class=\"lead\">Как не бросить тренировки через две недели — это тема, в которой важна не идеальность, а последовательность. Ниже — рабочий подход, который можно применить уже сегодня.</p><h2>С чего начать</h2><p>Сначала оцените текущий уровень и выберите нагрузку, после которой остаётся ощущение контроля. Увеличивайте объём постепенно и фиксируйте изменения.</p><div class=\"article-callout article-callout--trainer\"><strong>Совет тренера Анна Волкова</strong><p>Оставляйте запас в 2–3 повторения и не меняйте сразу все привычки. Один устойчивый шаг полезнее резкого старта.</p></div><h2>Практический план</h2><ol><li>Определите одну измеримую цель на четыре недели.</li><li>Запланируйте три основных действия на неделю.</li><li>Отмечайте самочувствие, сон и уровень нагрузки.</li><li>Корректируйте план раз в неделю, а не после каждой тренировки.</li></ol><h2>Частые ошибки</h2><ul><li>Слишком быстрый рост нагрузки.</li><li>Сравнение себя с более опытными спортсменами.</li><li>Игнорирование восстановления и сна.</li><li>Отсутствие понятного плана.</li></ul><blockquote>Прогресс строится не на одном идеальном занятии, а на десятках достаточно хороших.</blockquote><h2>Что делать дальше</h2><p>Выберите подходящую бесплатную программу, сохраните статью и при необходимости запишитесь на вводную тренировку. Тренер поможет адаптировать рекомендации под ваше состояние и цели.</p>','published',0,1,5,2036,132,NULL,'2026-05-07 08:07:14','2026-06-13 23:29:45','2026-06-14 08:07:14'),(14,3,'Пять ошибок в растяжке','Практический материал от команды НашФит: без крайностей, с понятными шагами и применимыми советами.','/demo/covers/mobility.svg','health','stretching-errors','<p class=\"lead\">Пять ошибок в растяжке — это тема, в которой важна не идеальность, а последовательность. Ниже — рабочий подход, который можно применить уже сегодня.</p><h2>С чего начать</h2><p>Сначала оцените текущий уровень и выберите нагрузку, после которой остаётся ощущение контроля. Увеличивайте объём постепенно и фиксируйте изменения.</p><div class=\"article-callout article-callout--trainer\"><strong>Совет тренера Елена Орлова</strong><p>Оставляйте запас в 2–3 повторения и не меняйте сразу все привычки. Один устойчивый шаг полезнее резкого старта.</p></div><h2>Практический план</h2><ol><li>Определите одну измеримую цель на четыре недели.</li><li>Запланируйте три основных действия на неделю.</li><li>Отмечайте самочувствие, сон и уровень нагрузки.</li><li>Корректируйте план раз в неделю, а не после каждой тренировки.</li></ol><h2>Частые ошибки</h2><ul><li>Слишком быстрый рост нагрузки.</li><li>Сравнение себя с более опытными спортсменами.</li><li>Игнорирование восстановления и сна.</li><li>Отсутствие понятного плана.</li></ul><blockquote>Прогресс строится не на одном идеальном занятии, а на десятках достаточно хороших.</blockquote><h2>Что делать дальше</h2><p>Выберите подходящую бесплатную программу, сохраните статью и при необходимости запишитесь на вводную тренировку. Тренер поможет адаптировать рекомендации под ваше состояние и цели.</p>','published',0,1,6,1939,128,NULL,'2026-05-04 08:07:14','2026-06-13 23:29:45','2026-06-14 08:07:14'),(15,2,'Как растут мышцы: понятное объяснение','Практический материал от команды НашФит: без крайностей, с понятными шагами и применимыми советами.','/demo/covers/muscle.svg','health','muscle-growth-basics','<p class=\"lead\">Как растут мышцы: понятное объяснение — это тема, в которой важна не идеальность, а последовательность. Ниже — рабочий подход, который можно применить уже сегодня.</p><h2>С чего начать</h2><p>Сначала оцените текущий уровень и выберите нагрузку, после которой остаётся ощущение контроля. Увеличивайте объём постепенно и фиксируйте изменения.</p><div class=\"article-callout article-callout--trainer\"><strong>Совет тренера Дмитрий Сильнов</strong><p>Оставляйте запас в 2–3 повторения и не меняйте сразу все привычки. Один устойчивый шаг полезнее резкого старта.</p></div><h2>Практический план</h2><ol><li>Определите одну измеримую цель на четыре недели.</li><li>Запланируйте три основных действия на неделю.</li><li>Отмечайте самочувствие, сон и уровень нагрузки.</li><li>Корректируйте план раз в неделю, а не после каждой тренировки.</li></ol><h2>Частые ошибки</h2><ul><li>Слишком быстрый рост нагрузки.</li><li>Сравнение себя с более опытными спортсменами.</li><li>Игнорирование восстановления и сна.</li><li>Отсутствие понятного плана.</li></ul><blockquote>Прогресс строится не на одном идеальном занятии, а на десятках достаточно хороших.</blockquote><h2>Что делать дальше</h2><p>Выберите подходящую бесплатную программу, сохраните статью и при необходимости запишитесь на вводную тренировку. Тренер поможет адаптировать рекомендации под ваше состояние и цели.</p>','published',0,1,7,1842,124,NULL,'2026-05-01 08:07:14','2026-06-13 23:29:45','2026-06-14 08:07:14'),(16,5,'Ролл, массажный мяч или массажный пистолет','Практический материал от команды НашФит: без крайностей, с понятными шагами и применимыми советами.','/demo/covers/recovery.svg','recovery','recovery-tools','<p class=\"lead\">Ролл, массажный мяч или массажный пистолет — это тема, в которой важна не идеальность, а последовательность. Ниже — рабочий подход, который можно применить уже сегодня.</p><h2>С чего начать</h2><p>Сначала оцените текущий уровень и выберите нагрузку, после которой остаётся ощущение контроля. Увеличивайте объём постепенно и фиксируйте изменения.</p><div class=\"article-callout article-callout--trainer\"><strong>Совет тренера Софья Белова</strong><p>Оставляйте запас в 2–3 повторения и не меняйте сразу все привычки. Один устойчивый шаг полезнее резкого старта.</p></div><h2>Практический план</h2><ol><li>Определите одну измеримую цель на четыре недели.</li><li>Запланируйте три основных действия на неделю.</li><li>Отмечайте самочувствие, сон и уровень нагрузки.</li><li>Корректируйте план раз в неделю, а не после каждой тренировки.</li></ol><h2>Частые ошибки</h2><ul><li>Слишком быстрый рост нагрузки.</li><li>Сравнение себя с более опытными спортсменами.</li><li>Игнорирование восстановления и сна.</li><li>Отсутствие понятного плана.</li></ul><blockquote>Прогресс строится не на одном идеальном занятии, а на десятках достаточно хороших.</blockquote><h2>Что делать дальше</h2><p>Выберите подходящую бесплатную программу, сохраните статью и при необходимости запишитесь на вводную тренировку. Тренер поможет адаптировать рекомендации под ваше состояние и цели.</p>','published',0,1,8,1745,120,NULL,'2026-04-28 08:07:14','2026-06-13 23:29:45','2026-06-14 08:07:14'),(17,6,'Пульсовые зоны для начинающих бегунов','Практический материал от команды НашФит: без крайностей, с понятными шагами и применимыми советами.','/demo/covers/running.svg','health','running-pulse','<p class=\"lead\">Пульсовые зоны для начинающих бегунов — это тема, в которой важна не идеальность, а последовательность. Ниже — рабочий подход, который можно применить уже сегодня.</p><h2>С чего начать</h2><p>Сначала оцените текущий уровень и выберите нагрузку, после которой остаётся ощущение контроля. Увеличивайте объём постепенно и фиксируйте изменения.</p><div class=\"article-callout article-callout--trainer\"><strong>Совет тренера Артём Лебедев</strong><p>Оставляйте запас в 2–3 повторения и не меняйте сразу все привычки. Один устойчивый шаг полезнее резкого старта.</p></div><h2>Практический план</h2><ol><li>Определите одну измеримую цель на четыре недели.</li><li>Запланируйте три основных действия на неделю.</li><li>Отмечайте самочувствие, сон и уровень нагрузки.</li><li>Корректируйте план раз в неделю, а не после каждой тренировки.</li></ol><h2>Частые ошибки</h2><ul><li>Слишком быстрый рост нагрузки.</li><li>Сравнение себя с более опытными спортсменами.</li><li>Игнорирование восстановления и сна.</li><li>Отсутствие понятного плана.</li></ul><blockquote>Прогресс строится не на одном идеальном занятии, а на десятках достаточно хороших.</blockquote><h2>Что делать дальше</h2><p>Выберите подходящую бесплатную программу, сохраните статью и при необходимости запишитесь на вводную тренировку. Тренер поможет адаптировать рекомендации под ваше состояние и цели.</p>','published',0,1,5,1648,116,NULL,'2026-04-25 08:07:14','2026-06-13 23:29:45','2026-06-14 08:07:14'),(18,7,'Как чувствовать себя уверенно в тренажёрном зале','Практический материал от команды НашФит: без крайностей, с понятными шагами и применимыми советами.','/demo/covers/functional.svg','motivation','gym-confidence','<p class=\"lead\">Как чувствовать себя уверенно в тренажёрном зале — это тема, в которой важна не идеальность, а последовательность. Ниже — рабочий подход, который можно применить уже сегодня.</p><h2>С чего начать</h2><p>Сначала оцените текущий уровень и выберите нагрузку, после которой остаётся ощущение контроля. Увеличивайте объём постепенно и фиксируйте изменения.</p><div class=\"article-callout article-callout--trainer\"><strong>Совет тренера Виктория Морозова</strong><p>Оставляйте запас в 2–3 повторения и не меняйте сразу все привычки. Один устойчивый шаг полезнее резкого старта.</p></div><h2>Практический план</h2><ol><li>Определите одну измеримую цель на четыре недели.</li><li>Запланируйте три основных действия на неделю.</li><li>Отмечайте самочувствие, сон и уровень нагрузки.</li><li>Корректируйте план раз в неделю, а не после каждой тренировки.</li></ol><h2>Частые ошибки</h2><ul><li>Слишком быстрый рост нагрузки.</li><li>Сравнение себя с более опытными спортсменами.</li><li>Игнорирование восстановления и сна.</li><li>Отсутствие понятного плана.</li></ul><blockquote>Прогресс строится не на одном идеальном занятии, а на десятках достаточно хороших.</blockquote><h2>Что делать дальше</h2><p>Выберите подходящую бесплатную программу, сохраните статью и при необходимости запишитесь на вводную тренировку. Тренер поможет адаптировать рекомендации под ваше состояние и цели.</p>','published',0,1,6,1551,112,NULL,'2026-04-22 08:07:14','2026-06-13 23:29:45','2026-06-14 08:07:14'),(19,23,'Как начать тренироваться: руководство для новичков','Пошаговый старт для новичка: цель, тип тренировок, расписание, техника и первые безопасные нагрузки.','/seed-images/articles/kak-nachat-trenirovatsya.webp','Тренировки','kak-nachat-trenirovatsya-rukovodstvo-dlya-novichkov','# Введение\n\nНачало тренировочного пути — важный этап. Главное — не пытаться сделать всё сразу, а выстроить понятную систему.\n\n## Основные принципы\n\n1. **Постепенность** — нагрузка растёт по плану.\n2. **Регулярность** — 3 короткие тренировки лучше одной случайной.\n3. **Техника** — правильное выполнение важнее рабочего веса.\n4. **Восстановление** — сон и питание влияют на прогресс не меньше упражнений.\n\n## С чего начать\n\n### Шаг 1: Определите цель\n\nВыберите главный фокус: похудение, набор массы, здоровье, осанка или общая форма.\n\n### Шаг 2: Выберите формат\n\nДомашние тренировки подходят для старта, зал даёт больше оборудования, а тренер помогает быстрее поставить технику.\n\n### Шаг 3: Составьте план\n\nПлан должен включать расписание, упражнения, питание и контроль прогресса.','published',1,1,6,1280,87,NULL,'2026-06-11 21:18:13','2026-06-14 07:10:14','2026-06-16 21:18:13'),(20,24,'Питание для набора мышечной массы','Как набрать массу без хаоса: калории, белок, углеводы, жиры и питание вокруг тренировки.','/seed-images/articles/pitanie-dlya-massy.webp','Питание','pitanie-dlya-nabora-myshechnoy-massy','# Питание для роста мышц\n\nНабор мышечной массы требует не только тренировок, но и грамотного рациона.\n\n## Калорийность\n\nДля роста нужен умеренный профицит калорий — обычно 10–20% выше поддержки.\n\n## Макронутриенты\n\n### Белки\n1.6–2.2 г на кг веса тела. Источники: мясо, рыба, яйца, творог, протеин.\n\n### Углеводы\nНужны для энергии и восстановления. Источники: крупы, картофель, макароны, фрукты.\n\n### Жиры\nПоддерживают гормональную систему. Источники: орехи, масла, авокадо, жирная рыба.\n\n## До и после тренировки\n\nДо тренировки — белок и сложные углеводы. После — белок и углеводы для восстановления.','published',1,1,7,1640,112,NULL,'2026-06-06 21:18:13','2026-06-14 07:10:14','2026-06-16 21:18:13'),(21,25,'Йога для начинающих: первые шаги','Что нужно для первой практики: коврик, базовые асаны, дыхание и комфортный темп без перегруза.','/seed-images/articles/yoga-dlya-nachinayushchikh.webp','Йога','yoga-dlya-nachinayushchikh-pervye-shagi','# Йога для начинающих\n\nЙога — это работа с телом, дыханием и вниманием.\n\n## Что нужно для начала\n\n- Коврик.\n- Удобная одежда.\n- Спокойное место.\n- 15–20 минут времени.\n\n## Базовые асаны\n\nНачните с позы горы, дерева и воина. Не форсируйте растяжку и держите ровное дыхание.\n\n## Рекомендации\n\nПрактикуйте регулярно, но мягко. Комфорт и контроль важнее глубины позы.','published',0,1,5,920,68,NULL,'2026-06-13 21:18:13','2026-06-14 07:10:14','2026-06-16 21:18:13'),(22,23,'5 ошибок при похудении','Разбираем ошибки, которые мешают снижать вес: слишком жёсткий дефицит, только кардио, плохой сон и ожидание быстрых результатов.','/seed-images/articles/oshibki-pri-pokhudenii.webp','Похудение','5-oshibok-pri-pokhudenii','# Ошибки при похудении\n\nПохудение работает лучше, когда стратегия спокойная и долгосрочная.\n\n## 1. Слишком большой дефицит\n\nЖёсткие ограничения часто приводят к срывам и потере мышц.\n\n## 2. Исключение целых групп продуктов\n\nБаланс важнее запретов.\n\n## 3. Только кардио\n\nСиловые тренировки помогают сохранить мышцы и форму.\n\n## 4. Ожидание быстрых результатов\n\nЗдоровый темп — примерно 0.5–1 кг в неделю.\n\n## 5. Игнорирование сна и стресса\n\nСон, восстановление и управление стрессом напрямую влияют на результат.','published',1,1,6,1875,143,NULL,'2026-06-15 21:18:13','2026-06-14 07:10:14','2026-06-16 21:53:21'),(23,24,'Восстановление после тренировки','Как мышцы восстанавливаются после нагрузки и что помогает прогрессировать: сон, питание, растяжка, вода и активное восстановление.','/seed-images/articles/vosstanovlenie-posle-trenirovki.webp','Восстановление','vosstanovlenie-posle-trenirovki','# Восстановление — ключ к прогрессу\n\nМышцы растут не во время тренировки, а во время восстановления.\n\n## Что помогает\n\n- Сон 7–9 часов.\n- Достаточное количество белка.\n- Вода и электролиты.\n- Лёгкая активность в дни отдыха.\n- Растяжка и работа с мобильностью.\n\n## Когда нужен отдых\n\nЕсли падают силовые, ухудшается сон и пропадает мотивация — нагрузку стоит снизить.','published',0,1,5,1110,75,NULL,'2026-06-09 21:18:13','2026-06-14 07:10:14','2026-06-16 21:18:13'),(24,22,'Ehfushefuh efifj iejf ei efj feiei','uhehsf uhehsf uhehsf uhehsf uhehsf uhehsf uhehsf uhehsf uhehsf uhehsf uhehsf uhehsf uhehsf uhehsf uhehsf uhehsf uhehsf',NULL,'motivation','ehfushefuh-efifj-iejf-ei-efj-feiei','<h2><b><i>Начните писать сuhehsf татью здесь... uhehsf uhehsf uheh</i></b></h2><blockquote>sf uhehsf uhehsf uhehsf uhehsf uhehsf uhehsf uhehsf uhehsf uhehsf uhehsf uhehsf uhehsf uhehsf uhehsf uhehsf uhehsf uhehsf uhehsf uhehsf uhehsf uhehsf uhehsf uhehsf uhehsf uhehsf uhehsf uhehsf uhehsf uhehsf uhehsf uhehsf uhehsf uhehsf uheh</blockquote><p><br></p><div data-callout=\"tip\"><strong>Совет тренера</strong><p>Напишите пояснение...iipfsfjesf</p></div><div data-callout=\"important\"><strong>Важно</strong><p>Напишите пояснение...</p></div><p><br></p><p><u><a> uhehsf uhehsf uhehsf uhehsf uhehsf uhehsf uhehsf uhehsf uhehsf uhehsf uhehsf uhehsf uheh</a></u>sf uhehsf uhehsf uhehsf uhehsf uhehsf uhehsf uhehsf uhehsf uhehsf uhehsf uhehsf uhehsf uhehsf uhehsf uhehsf uhehsf uhehsf uhehsf uhehsf uhehsf uhehsf uhehsf uhehsf uhehsf uhehsf uhehsf uhehsf uhehsf uhehsf uhehsf uhehsf</p><p></p><ol><li>uhehsf  v vvuhehsf </li><li>uhehsf </li><li>uhehsf </li><li>uhehsf </li></ol><p>uhehsf  uhehsf uhehsf uhehsf uhehsf uhehsf uhehsf uhehsf uhehsf uhehsf uhehsf uhehsf uhehsf uhehsf uhehsf uhehsf uhehsf uhehsf uhehsf uhehsf </p><p><br></p><p>uhehsf uhehsf uhehsf uhehsf uhehsf uhehsf uhehsf uhehsf uhehsf uhehsf uhehsf uhehsf uhehsf uhehsf uh</p><p><br></p><p>ehsf uhehsf uhehsf uhehsf uhehsf uhehsf uhehsf uhehsf uhehsf uhehsf uhehsf uhehsf uhehsf uhehsf uhehsf uhehsf uhehsf uhehsf uhehsf uhehsf uhehsf uhehsf uhehsf uhehsf uhehsf uhehsf uhehsf uhehsf uhehsf uhehsf uhehsf uhehsf uhehsf uhehsf uhehsf uhehsf uhehsf uhehsf uhehsf uhehsf uhehsf uhehsf uhehsf uhehsf uhehsf uhehsf uhehsf uhehsf uhehsf </p>','published',1,0,1,6,0,NULL,'2026-06-14 08:58:18','2026-06-14 08:57:17','2026-06-16 09:21:16'),(25,15,'Прфаофо о уыашо ыо ашоу аоуа','ыдуадыа ыдуадыа ыдуадыа ыдуадыа ыдуадыа ыдуадыа ыдуадыа ыдуадыа ыдуадыа ыдуадыа ыдуадыа ыдуадыа ыдуадыа ыдуадыа ыдуадыа ыдуадыа ыдуадыа ыдуадыа ыдуадыа ыдуадыа ыдуадыа ыдуадыа ыдуадыа ыдуадыа ыдуадыа ыдуадыа',NULL,'motivation','prfaofo-o-uyaso-yo-asou-aoua','<h2>Начните писать статью зде</h2><p><b><br></b></p><p><b>сьыдуадыа ыдуадыа ыдуадыа ыдуадыа ыдуадыа ыдуадыа ыдуадыа ыдуадыа ыдуадыа ыдуадыа ыдуадыа ыдуадыа ыдуадыа ыдуадыа ыдуадыа ыдуадыа ыдуадыа ыд</b></p><p><br></p><p><br></p><blockquote><i>уадыа ыдуадыа ыдуадыа ыдуадыа ыдуадыа ыдуадыа ыдуадыа ыдуадыа ыдуадыа ыдуадыа ыдуадыа ыдуадыа ыдуадыа ыдуадыа ыдуадыа ыдуадыа ыдуадыа ыдуадыа ыдуад<u>ыа ыдуадыа ыдуадыа ыдуадыа ыдуадыа ыдуадыа ыдуадыа ыдуадыа ыдуадыа ыдуадыа</u> ыдуадыа ыдуадыа ыдуадыа ыдуадыа ыдуадыа ыдуадыа ыдуадыа ыдуадыа ыдуадыа ыдуадыа ыдуадыа ыдуадыа ыдуадыа ыдуадыа ыдуадыа ыдуадыа ыдуадыа ыдуадыа ыдуадыа ыдуадыа ыдуадыа ыдуадыа ыдуадыа ыдуадыа ыдуадыа ыдуадыа ыдуадыа ыдуадыа ыдуадыа ыдуадыа ыдуадыа ыдуадыа ыдуадыа ыдуадыа ыдуадыа ыдуадыа ыдуадыа ыдуадыа ыдуадыа ыдуадыа ыдуадыа ыдуадыа ыдуадыа ыдуадыа ыдуадыа ыдуадыа</i></blockquote><p><br></p><p><br></p><p><b><br></b></p><p><b> ыдуадыа ыдуадыа ыдуадыа ыдуадыа ыдуадыа ыдуадыа ыдуадыа ыдуадыа ыдуадыа ыдуадыа ыдуадыа ыдуадыа ыдуадыа ыдуадыа ыдуадыа ыдуадыа ыдуадыа ыдуадыа ыдуадыа ыдуадыа ыдуадыа ыдуадыа ыдуадыа ыдуадыа ыдуадыа ыдуадыа ыдуадыа ыдуадыа ыдуадыа ыдуадыа ыдуадыа ыдуадыа ыдуадыа ыдуад</b>ыа ыдуадыа ыдуадыа ыдуадыа ыдуадыа ыдуадыа </p><p><br></p><p></p><ol><li><span>ыдуадыа </span></li><li><span>ыдуадыа </span></li><li><span>ыдуадыа </span></li><li><span>ыдуадыа </span></li></ol><p><span><br></span></p><div data-callout=\"important\"><strong>Важно</strong><p>пувпккпвпквпв</p></div><p><br></p><p><b>ыа ыдуадыа ыдуадыа ыдуадыа ыдуадыа ыдуадыа ыдуадыа ыдуадыа ыдуадыа ыдуадыа ыдуадыа ыдуадыа ыдуадыа ыдуадыа ыдуадыа ыдуадыа ыдуадыа ыдуадыа ыдуадыа ыдуадыа ыдуадыа ыдуадыа ыдуадыа ыдуадыа ыдуадыа ыдуадыа ыдуадыа ыдуадыа ыдуадыа ыдуадыа ыдуадыа ыдуадыа ыдуадыа ыдуадыа ыдуадыа ыдуадыа м...</b></p>','published',0,0,1,0,0,NULL,'2026-06-16 06:28:14','2026-06-16 06:28:14','2026-06-16 06:28:14'),(26,1,'fsadflm;m fsadflm;m fsadflm;m fsadflm;m fsadflm;m fsadflm;m fsadflm;m fsadflm;m fsadflm;m fsadflm;m','fsadflm;mfsadflm;m fsadflm;m fsadflm;m fsadflm;m fsadflm;m fsadflm;m fsadflm;m fsadflm;m fsadflm;m fsadflm;m fsadflm;m fsadflm;m fsadflm;m fsadflm;m fsadflm;m fsadflm;m fsadflm;m fsadflm;m fsadflm;m fsadflm;m fsadflm;m fsadflm;m fsadflm;m fsadflm;m fsadflm;m fsadflm;m fsadflm;m fsadflm;m fsadflm;m fsadflm;m fsadflm;m fsadflm;m fsadflm;m fsadflm;m',NULL,'motivation','fsadflmm-fsadflmm-fsadflmm-fsadflmm-fsadflmm-fsadflmm-fsadflmm-fsadflmm-fsadflmm-fsadflmm','<h2><b>Начните писать статью здесь...fsadfsadflm;m fsadflm;m fsadflm;m fsadflm;m fsadflm;m fsadflm;m fsadflm;m fsa</b><b><br></b></h2><p><u><br></u></p><p><u>dflm;m fsadflm;m fsadflm;m fsadflm;m fsadflm;m fsadflm;m fsadflm;m fsadflm;m fsadflm;m fsadflm;m fsadflm;m fsadflm;m fsadflm;m fsadflm;m fsadflm;m fsadflm;m fsadflm;m fsadflm;m fsadflm;m fsadflm;m fsadflm;m fsadflm;m fsadflm;m fsadf</u></p><p><br></p><p><br></p><blockquote><i>lm;m fsadflm;m fsadflm;m fsadflm;m fsadflm;m fsadflm;m fsadflm;m fsadflm;m fsadflm;m fsadflm;m fsadflm;m fsadflm;m fsadflm;m fsadflm;m fsadflm;m fsadflm;m fsadflm;m fsadflm;m fsadflm;m fsadflm;m fsadflm;m fsadflm;m fsadflm;m fsadflm;m fsadflm;m fsadflm;m fsadflm;m fsadflm;m fsadflm;m fsadflm;m fsadflm;m fsadflm;m fsadflm;m fsadflm;m fsadflm;m fsadf</i></blockquote><p><br></p><p>vfsadflm;m </p><p><span>fsadflm;m </span></p><p><span>v</span></p><p><span>fsadflm;m fsadflm;m </span></p><p><span>fsadflm;m </span></p><p><span>fsadflm;m </span></p><p>lm;m fsadflm;m fsadflm;m fsadflm;m fsadflm;m fsadflm;m fsadflm;m fsadflm;m fsadflm;m fsadflm;m fsadflm;m fsadflm;</p><p><br></p><p><br></p><p>m fsadflm;m fsadflm;m fsadflm;m fsadflm;m fsadflm;m fsadflm;m fsadflm;m fsadflm;m fsadflm;m fsadflm;m fsadflm;m fsadflm;m fsadflm;m fsadflm;m fsadflm;m fsadflm;m fsadflm;m fsadflm;m fsadflm;m fsadflm;m fsadflm;m fsadflm;m fsadflm;m fsadflm;m fsadflm;m fsadflm;m fsadflm;m fsadflm;m fsadflm;m fsadflm;m fsadflm;m vflm;m fsadflm;m fsadflm;m fsadflm;m fsadflm;m fsadflm;m fsadflm;m fsadflm;m fsadflm;m fsadflm;m fsadflm;m fsadflm;m fsadflm;m fsadflm;m fsadflm;m fsadflm;m fsadflm;m fsadflm;m fsadflm;m fsadflm;m fsadflm;m fsadflm;m fsadflm;m fsadflm;m fsadflm;m fsadflm;m fsadflm;m fsadflm;m fsadflm;m fsadflm;m fsadflm;m fsadflm;m fsadflm;m fsadflm;m fsadflm;m fsadflm;m fsadflm;m fsadflm;m fsadflm;m fsadflm;m fsadflm;m fsadflm;m fsadflm;m fsadflm;m fsadflm;m fsadflm;m fsadflm;m fsadflm;m fsadflm;m fsadflm;m fsadflm;m fsadflm;m fsadflm;m fsadflm;m fsadflm;m v</p>','published',0,1,2,0,0,NULL,'2026-06-16 09:19:42','2026-06-16 09:19:42','2026-06-16 09:19:42');
/*!40000 ALTER TABLE `articles` ENABLE KEYS */;
UNLOCK TABLES;

--
-- Table structure for table `bookings`
--

DROP TABLE IF EXISTS `bookings`;
/*!40101 SET @saved_cs_client     = @@character_set_client */;
/*!50503 SET character_set_client = utf8mb4 */;
CREATE TABLE `bookings` (
  `id` bigint unsigned NOT NULL AUTO_INCREMENT,
  `user_id` bigint unsigned DEFAULT NULL,
  `trainer_id` bigint unsigned NOT NULL,
  `trainer_service_id` bigint unsigned DEFAULT NULL,
  `payment_id` bigint unsigned DEFAULT NULL,
  `promo_code_id` bigint unsigned DEFAULT NULL,
  `promotion_id` bigint unsigned DEFAULT NULL,
  `location_id` bigint unsigned NOT NULL,
  `client_name` varchar(255) COLLATE utf8mb4_unicode_ci NOT NULL,
  `client_phone` varchar(255) COLLATE utf8mb4_unicode_ci NOT NULL,
  `client_comment` text COLLATE utf8mb4_unicode_ci,
  `starts_at` datetime NOT NULL,
  `ends_at` datetime NOT NULL,
  `status` enum('booked','cancelled','completed') COLLATE utf8mb4_unicode_ci NOT NULL DEFAULT 'booked',
  `subtotal_amount` bigint unsigned NOT NULL DEFAULT '0',
  `discount_amount` bigint unsigned NOT NULL DEFAULT '0',
  `total_amount` bigint unsigned NOT NULL DEFAULT '0',
  `payment_status` varchar(255) COLLATE utf8mb4_unicode_ci NOT NULL DEFAULT 'not_required',
  `created_at` timestamp NULL DEFAULT NULL,
  `updated_at` timestamp NULL DEFAULT NULL,
  `gym_location_id` bigint unsigned DEFAULT NULL,
  `price` decimal(10,2) DEFAULT NULL,
  `duration_minutes` smallint unsigned DEFAULT NULL,
  PRIMARY KEY (`id`),
  KEY `bookings_user_id_foreign` (`user_id`),
  KEY `bookings_location_id_foreign` (`location_id`),
  KEY `bookings_trainer_id_starts_at_ends_at_index` (`trainer_id`,`starts_at`,`ends_at`),
  KEY `bookings_starts_at_index` (`starts_at`),
  KEY `bookings_ends_at_index` (`ends_at`),
  KEY `bookings_status_index` (`status`),
  KEY `bookings_trainer_service_id_foreign` (`trainer_service_id`),
  KEY `bookings_payment_id_foreign` (`payment_id`),
  KEY `bookings_promo_code_id_foreign` (`promo_code_id`),
  KEY `bookings_promotion_id_foreign` (`promotion_id`),
  KEY `bookings_payment_status_index` (`payment_status`),
  CONSTRAINT `bookings_location_id_foreign` FOREIGN KEY (`location_id`) REFERENCES `gym_locations` (`id`) ON DELETE RESTRICT,
  CONSTRAINT `bookings_payment_id_foreign` FOREIGN KEY (`payment_id`) REFERENCES `payments` (`id`) ON DELETE SET NULL,
  CONSTRAINT `bookings_promo_code_id_foreign` FOREIGN KEY (`promo_code_id`) REFERENCES `promo_codes` (`id`) ON DELETE SET NULL,
  CONSTRAINT `bookings_promotion_id_foreign` FOREIGN KEY (`promotion_id`) REFERENCES `promotions` (`id`) ON DELETE SET NULL,
  CONSTRAINT `bookings_trainer_id_foreign` FOREIGN KEY (`trainer_id`) REFERENCES `trainers` (`id`) ON DELETE CASCADE,
  CONSTRAINT `bookings_trainer_service_id_foreign` FOREIGN KEY (`trainer_service_id`) REFERENCES `trainer_services` (`id`) ON DELETE SET NULL,
  CONSTRAINT `bookings_user_id_foreign` FOREIGN KEY (`user_id`) REFERENCES `users` (`id`) ON DELETE SET NULL
) ENGINE=InnoDB AUTO_INCREMENT=15 DEFAULT CHARSET=utf8mb4 COLLATE=utf8mb4_unicode_ci;
/*!40101 SET character_set_client = @saved_cs_client */;

--
-- Dumping data for table `bookings`
--

LOCK TABLES `bookings` WRITE;
/*!40000 ALTER TABLE `bookings` DISABLE KEYS */;
INSERT INTO `bookings` VALUES (1,9,1,2,NULL,NULL,NULL,1,'Мария Соколова','+79990002001','Демонстрационная запись: хочу обсудить цель и технику.','2026-06-16 10:00:00','2026-06-16 11:00:00','booked',250000,0,250000,'paid','2026-06-13 23:29:45','2026-06-13 23:29:45',NULL,NULL,NULL),(2,10,2,8,NULL,NULL,NULL,2,'Алексей Миронов','+79990002002','Демонстрационная запись: хочу обсудить цель и технику.','2026-06-17 11:00:00','2026-06-17 11:45:00','booked',150000,0,150000,'paid','2026-06-13 23:29:45','2026-06-13 23:29:45',NULL,NULL,NULL),(3,11,3,10,NULL,NULL,NULL,1,'Ольга Никитина','+79990002003','Демонстрационная запись: хочу обсудить цель и технику.','2026-06-18 12:00:00','2026-06-18 13:00:00','booked',250000,0,250000,'paid','2026-06-13 23:29:45','2026-06-13 23:29:45',NULL,NULL,NULL),(4,12,4,16,NULL,NULL,NULL,2,'Сергей Петров','+79990002004','Демонстрационная запись: хочу обсудить цель и технику.','2026-06-19 13:00:00','2026-06-19 13:45:00','booked',150000,0,150000,'paid','2026-06-13 23:29:45','2026-06-13 23:29:45',NULL,NULL,NULL),(5,13,5,18,NULL,NULL,NULL,1,'Дарья Крылова','+79990002005','Демонстрационная запись: хочу обсудить цель и технику.','2026-06-20 14:00:00','2026-06-20 15:00:00','booked',250000,0,250000,'paid','2026-06-13 23:29:45','2026-06-13 23:29:45',NULL,NULL,NULL),(6,14,6,24,NULL,NULL,NULL,2,'Никита Власов','+79990002006','Демонстрационная запись: хочу обсудить цель и технику.','2026-06-21 10:00:00','2026-06-21 10:45:00','booked',150000,0,150000,'paid','2026-06-13 23:29:45','2026-06-13 23:29:45',NULL,NULL,NULL),(7,15,12,45,11,1,1,2,'Дэк','+72345678921',NULL,'2026-06-15 09:00:00','2026-06-15 10:00:00','booked',0,0,0,'paid','2026-06-14 00:12:28','2026-06-14 00:12:28',NULL,NULL,NULL),(8,22,7,26,12,NULL,NULL,1,'Дэк','+71234567890',NULL,'2026-06-23 11:00:00','2026-06-23 12:00:00','booked',250000,0,250000,'paid','2026-06-14 01:10:55','2026-06-14 01:10:57',NULL,NULL,NULL),(9,22,6,24,13,NULL,NULL,2,'Дэк','+71234567890',NULL,'2026-06-17 13:30:00','2026-06-17 14:15:00','booked',150000,0,150000,'paid','2026-06-14 08:01:32','2026-06-14 08:01:35',NULL,NULL,NULL),(10,22,1,4,16,1,1,1,'Дэк','+71234567890',NULL,'2026-06-15 09:45:00','2026-06-15 10:30:00','booked',150000,18000,132000,'paid','2026-06-14 08:53:44','2026-06-14 08:53:51',NULL,NULL,NULL),(11,15,8,29,18,NULL,NULL,2,'Дэк','+72345678921',NULL,'2026-06-16 12:00:00','2026-06-16 13:00:00','booked',0,0,0,'paid','2026-06-16 06:22:54','2026-06-16 06:22:55',NULL,NULL,NULL),(12,26,12,46,21,NULL,NULL,2,'Александр Администраторов','+79990000001',NULL,'2026-06-18 10:00:00','2026-06-18 11:00:00','booked',250000,0,250000,'paid','2026-06-17 19:00:38','2026-06-17 19:02:03',NULL,NULL,NULL),(13,1,12,48,26,NULL,NULL,2,'Анна Волкова','+79990001001',NULL,'2026-06-18 15:00:00','2026-06-18 15:45:00','booked',150000,0,150000,'paid','2026-06-17 20:05:01','2026-06-17 20:05:14',NULL,NULL,NULL),(14,29,20,114,27,NULL,NULL,1,'Алина Ветрова','+79990000007',NULL,'2026-06-18 11:30:00','2026-06-18 12:00:00','booked',0,0,0,'paid','2026-06-17 21:15:53','2026-06-17 21:15:53',NULL,NULL,NULL);
/*!40000 ALTER TABLE `bookings` ENABLE KEYS */;
UNLOCK TABLES;

--
-- Table structure for table `cart_items`
--

DROP TABLE IF EXISTS `cart_items`;
/*!40101 SET @saved_cs_client     = @@character_set_client */;
/*!50503 SET character_set_client = utf8mb4 */;
CREATE TABLE `cart_items` (
  `id` bigint unsigned NOT NULL AUTO_INCREMENT,
  `cart_id` bigint unsigned NOT NULL,
  `product_id` bigint unsigned NOT NULL,
  `product_variant_id` bigint unsigned DEFAULT NULL,
  `qty` int unsigned NOT NULL DEFAULT '1',
  `price_snapshot` decimal(10,2) NOT NULL,
  `created_at` timestamp NULL DEFAULT NULL,
  `updated_at` timestamp NULL DEFAULT NULL,
  PRIMARY KEY (`id`),
  UNIQUE KEY `cart_items_cart_id_product_id_unique` (`cart_id`,`product_id`),
  KEY `cart_items_product_id_foreign` (`product_id`),
  KEY `cart_items_product_variant_id_foreign` (`product_variant_id`),
  CONSTRAINT `cart_items_cart_id_foreign` FOREIGN KEY (`cart_id`) REFERENCES `carts` (`id`) ON DELETE CASCADE,
  CONSTRAINT `cart_items_product_id_foreign` FOREIGN KEY (`product_id`) REFERENCES `products` (`id`) ON DELETE RESTRICT,
  CONSTRAINT `cart_items_product_variant_id_foreign` FOREIGN KEY (`product_variant_id`) REFERENCES `product_variants` (`id`) ON DELETE SET NULL
) ENGINE=InnoDB AUTO_INCREMENT=16 DEFAULT CHARSET=utf8mb4 COLLATE=utf8mb4_unicode_ci;
/*!40101 SET character_set_client = @saved_cs_client */;

--
-- Dumping data for table `cart_items`
--

LOCK TABLES `cart_items` WRITE;
/*!40000 ALTER TABLE `cart_items` DISABLE KEYS */;
INSERT INTO `cart_items` VALUES (1,1,6,11,1,1690.00,'2026-06-13 23:35:36','2026-06-13 23:35:53'),(4,2,6,11,1,1690.00,'2026-06-14 00:11:27','2026-06-14 00:11:27'),(5,5,25,51,1,2490.00,'2026-06-14 08:02:56','2026-06-14 08:02:56'),(6,6,25,50,1,2490.00,'2026-06-14 09:00:09','2026-06-14 09:00:09'),(7,3,24,48,1,990.00,'2026-06-16 06:29:06','2026-06-16 06:29:06'),(8,3,25,51,1,2490.00,'2026-06-16 06:29:11','2026-06-16 06:29:11'),(9,9,17,35,2,7990.00,'2026-06-17 17:15:00','2026-06-17 17:15:02'),(10,10,25,50,1,2490.00,'2026-06-17 19:02:30','2026-06-17 19:02:30'),(11,11,25,50,1,2490.00,'2026-06-17 19:02:53','2026-06-17 19:02:53'),(13,12,24,48,1,990.00,'2026-06-17 19:41:27','2026-06-17 19:41:27'),(14,4,23,46,1,1790.00,'2026-06-17 20:03:26','2026-06-17 20:03:26');
/*!40000 ALTER TABLE `cart_items` ENABLE KEYS */;
UNLOCK TABLES;

--
-- Table structure for table `carts`
--

DROP TABLE IF EXISTS `carts`;
/*!40101 SET @saved_cs_client     = @@character_set_client */;
/*!50503 SET character_set_client = utf8mb4 */;
CREATE TABLE `carts` (
  `id` bigint unsigned NOT NULL AUTO_INCREMENT,
  `user_id` bigint unsigned NOT NULL,
  `status` enum('active','converted') COLLATE utf8mb4_unicode_ci NOT NULL DEFAULT 'active',
  `subtotal_amount` decimal(10,2) NOT NULL DEFAULT '0.00',
  `total_amount` decimal(10,2) NOT NULL DEFAULT '0.00',
  `created_at` timestamp NULL DEFAULT NULL,
  `updated_at` timestamp NULL DEFAULT NULL,
  PRIMARY KEY (`id`),
  KEY `carts_user_id_foreign` (`user_id`),
  KEY `carts_status_index` (`status`),
  CONSTRAINT `carts_user_id_foreign` FOREIGN KEY (`user_id`) REFERENCES `users` (`id`) ON DELETE CASCADE
) ENGINE=InnoDB AUTO_INCREMENT=16 DEFAULT CHARSET=utf8mb4 COLLATE=utf8mb4_unicode_ci;
/*!40101 SET character_set_client = @saved_cs_client */;

--
-- Dumping data for table `carts`
--

LOCK TABLES `carts` WRITE;
/*!40000 ALTER TABLE `carts` DISABLE KEYS */;
INSERT INTO `carts` VALUES (1,15,'converted',1690.00,1690.00,'2026-06-13 23:31:06','2026-06-13 23:37:05'),(2,15,'converted',1690.00,1690.00,'2026-06-13 23:37:05','2026-06-14 00:11:44'),(3,15,'converted',3480.00,3480.00,'2026-06-14 00:11:44','2026-06-16 06:29:29'),(4,1,'converted',1790.00,1790.00,'2026-06-14 01:02:15','2026-06-17 20:03:30'),(5,22,'converted',2490.00,2490.00,'2026-06-14 01:03:20','2026-06-14 08:03:01'),(6,22,'converted',2490.00,2490.00,'2026-06-14 08:03:01','2026-06-14 09:00:16'),(7,22,'active',0.00,0.00,'2026-06-14 09:00:16','2026-06-14 09:00:16'),(8,15,'active',0.00,0.00,'2026-06-16 06:29:29','2026-06-16 06:29:29'),(9,26,'converted',15980.00,15980.00,'2026-06-16 09:20:12','2026-06-17 17:15:47'),(10,26,'converted',2490.00,2490.00,'2026-06-17 17:15:47','2026-06-17 19:02:36'),(11,26,'converted',2490.00,2490.00,'2026-06-17 19:02:36','2026-06-17 19:03:28'),(12,26,'converted',990.00,990.00,'2026-06-17 19:03:28','2026-06-17 19:41:32'),(13,26,'active',0.00,0.00,'2026-06-17 19:41:32','2026-06-17 19:41:32'),(14,1,'active',0.00,0.00,'2026-06-17 20:03:30','2026-06-17 20:04:25'),(15,29,'active',0.00,0.00,'2026-06-17 20:18:37','2026-06-17 20:18:37');
/*!40000 ALTER TABLE `carts` ENABLE KEYS */;
UNLOCK TABLES;

--
-- Table structure for table `categories`
--

DROP TABLE IF EXISTS `categories`;
/*!40101 SET @saved_cs_client     = @@character_set_client */;
/*!50503 SET character_set_client = utf8mb4 */;
CREATE TABLE `categories` (
  `id` bigint unsigned NOT NULL AUTO_INCREMENT,
  `name` varchar(255) COLLATE utf8mb4_unicode_ci NOT NULL,
  `slug` varchar(255) COLLATE utf8mb4_unicode_ci NOT NULL,
  `created_at` timestamp NULL DEFAULT NULL,
  `updated_at` timestamp NULL DEFAULT NULL,
  PRIMARY KEY (`id`),
  UNIQUE KEY `categories_slug_unique` (`slug`)
) ENGINE=InnoDB AUTO_INCREMENT=11 DEFAULT CHARSET=utf8mb4 COLLATE=utf8mb4_unicode_ci;
/*!40101 SET character_set_client = @saved_cs_client */;

--
-- Dumping data for table `categories`
--

LOCK TABLES `categories` WRITE;
/*!40000 ALTER TABLE `categories` DISABLE KEYS */;
INSERT INTO `categories` VALUES (1,'Спортивное питание','nutrition','2026-06-13 23:29:44','2026-06-13 23:29:44'),(2,'Инвентарь','equipment','2026-06-13 23:29:44','2026-06-13 23:29:44'),(3,'Восстановление','recovery','2026-06-13 23:29:44','2026-06-13 23:29:44'),(4,'Одежда и аксессуары','apparel','2026-06-13 23:29:44','2026-06-13 23:29:44'),(5,'Для дома','home-fitness','2026-06-13 23:29:44','2026-06-13 23:29:44'),(6,'Протеин','protein','2026-06-14 07:10:13','2026-06-14 07:10:13'),(7,'Гейнеры','gainers','2026-06-14 07:10:13','2026-06-14 07:10:13'),(8,'Аминокислоты','amino-acids','2026-06-14 07:10:13','2026-06-14 07:10:13'),(9,'Витамины','vitamins','2026-06-14 07:10:13','2026-06-14 07:10:13'),(10,'Спортивное питание','sports-nutrition','2026-06-14 07:10:13','2026-06-14 07:10:13');
/*!40000 ALTER TABLE `categories` ENABLE KEYS */;
UNLOCK TABLES;

--
-- Table structure for table `contact_requests`
--

DROP TABLE IF EXISTS `contact_requests`;
/*!40101 SET @saved_cs_client     = @@character_set_client */;
/*!50503 SET character_set_client = utf8mb4 */;
CREATE TABLE `contact_requests` (
  `id` bigint unsigned NOT NULL AUTO_INCREMENT,
  `name` varchar(255) COLLATE utf8mb4_unicode_ci NOT NULL,
  `phone_or_telegram` varchar(255) COLLATE utf8mb4_unicode_ci NOT NULL,
  `goal` text COLLATE utf8mb4_unicode_ci,
  `created_at` timestamp NULL DEFAULT NULL,
  `updated_at` timestamp NULL DEFAULT NULL,
  PRIMARY KEY (`id`)
) ENGINE=InnoDB DEFAULT CHARSET=utf8mb4 COLLATE=utf8mb4_unicode_ci;
/*!40101 SET character_set_client = @saved_cs_client */;

--
-- Dumping data for table `contact_requests`
--

LOCK TABLES `contact_requests` WRITE;
/*!40000 ALTER TABLE `contact_requests` DISABLE KEYS */;
/*!40000 ALTER TABLE `contact_requests` ENABLE KEYS */;
UNLOCK TABLES;

--
-- Table structure for table `content_recommendations`
--

DROP TABLE IF EXISTS `content_recommendations`;
/*!40101 SET @saved_cs_client     = @@character_set_client */;
/*!50503 SET character_set_client = utf8mb4 */;
CREATE TABLE `content_recommendations` (
  `id` bigint unsigned NOT NULL AUTO_INCREMENT,
  `source_type` varchar(32) COLLATE utf8mb4_unicode_ci NOT NULL,
  `source_id` bigint unsigned DEFAULT NULL,
  `placement` varchar(64) COLLATE utf8mb4_unicode_ci NOT NULL DEFAULT 'default',
  `target_type` varchar(32) COLLATE utf8mb4_unicode_ci NOT NULL,
  `target_id` bigint unsigned NOT NULL,
  `headline` varchar(255) COLLATE utf8mb4_unicode_ci DEFAULT NULL,
  `description` text COLLATE utf8mb4_unicode_ci,
  `cta_label` varchar(255) COLLATE utf8mb4_unicode_ci DEFAULT NULL,
  `is_active` tinyint(1) NOT NULL DEFAULT '1',
  `sort_order` int unsigned NOT NULL DEFAULT '0',
  `created_at` timestamp NULL DEFAULT NULL,
  `updated_at` timestamp NULL DEFAULT NULL,
  PRIMARY KEY (`id`),
  UNIQUE KEY `content_recommendations_unique_target` (`source_type`,`source_id`,`placement`,`target_type`,`target_id`),
  KEY `content_recommendations_source_index` (`source_type`,`source_id`,`placement`),
  KEY `content_recommendations_target_index` (`target_type`,`target_id`)
) ENGINE=InnoDB AUTO_INCREMENT=105 DEFAULT CHARSET=utf8mb4 COLLATE=utf8mb4_unicode_ci;
/*!40101 SET character_set_client = @saved_cs_client */;

--
-- Dumping data for table `content_recommendations`
--

LOCK TABLES `content_recommendations` WRITE;
/*!40000 ALTER TABLE `content_recommendations` DISABLE KEYS */;
INSERT INTO `content_recommendations` VALUES (1,'article',1,'article_end','product',1,'Подобрано по теме','Полезное продолжение материала внутри экосистемы НашФит.','Смотреть товар',1,0,'2026-06-13 23:29:45','2026-06-13 23:29:45'),(2,'article',1,'article_end','trainer',1,NULL,NULL,'Записаться',1,1,'2026-06-13 23:29:45','2026-06-13 23:29:45'),(3,'article',1,'article_end','membership',3,NULL,NULL,'Выбрать абонемент',1,2,'2026-06-13 23:29:45','2026-06-13 23:29:45'),(4,'article',2,'article_end','product',2,'Подобрано по теме','Полезное продолжение материала внутри экосистемы НашФит.','Смотреть товар',1,0,'2026-06-13 23:29:45','2026-06-13 23:29:45'),(5,'article',2,'article_end','trainer',2,NULL,NULL,'Записаться',1,1,'2026-06-13 23:29:45','2026-06-13 23:29:45'),(6,'article',2,'article_end','membership',3,NULL,NULL,'Выбрать абонемент',1,2,'2026-06-13 23:29:45','2026-06-13 23:29:45'),(7,'article',3,'article_end','product',3,'Подобрано по теме','Полезное продолжение материала внутри экосистемы НашФит.','Смотреть товар',1,0,'2026-06-13 23:29:45','2026-06-13 23:29:45'),(8,'article',3,'article_end','trainer',3,NULL,NULL,'Записаться',1,1,'2026-06-13 23:29:45','2026-06-13 23:29:45'),(9,'article',3,'article_end','membership',3,NULL,NULL,'Выбрать абонемент',1,2,'2026-06-13 23:29:45','2026-06-13 23:29:45'),(10,'article',4,'article_end','product',4,'Подобрано по теме','Полезное продолжение материала внутри экосистемы НашФит.','Смотреть товар',1,0,'2026-06-13 23:29:45','2026-06-13 23:29:45'),(11,'article',4,'article_end','trainer',4,NULL,NULL,'Записаться',1,1,'2026-06-13 23:29:45','2026-06-13 23:29:45'),(12,'article',4,'article_end','membership',3,NULL,NULL,'Выбрать абонемент',1,2,'2026-06-13 23:29:45','2026-06-13 23:29:45'),(13,'article',5,'article_end','product',5,'Подобрано по теме','Полезное продолжение материала внутри экосистемы НашФит.','Смотреть товар',1,0,'2026-06-13 23:29:45','2026-06-13 23:29:45'),(14,'article',5,'article_end','trainer',5,NULL,NULL,'Записаться',1,1,'2026-06-13 23:29:45','2026-06-13 23:29:45'),(15,'article',5,'article_end','membership',3,NULL,NULL,'Выбрать абонемент',1,2,'2026-06-13 23:29:45','2026-06-13 23:29:45'),(16,'article',6,'article_end','product',6,'Подобрано по теме','Полезное продолжение материала внутри экосистемы НашФит.','Смотреть товар',1,0,'2026-06-13 23:29:45','2026-06-13 23:29:45'),(17,'article',6,'article_end','trainer',6,NULL,NULL,'Записаться',1,1,'2026-06-13 23:29:45','2026-06-13 23:29:45'),(18,'article',6,'article_end','membership',3,NULL,NULL,'Выбрать абонемент',1,2,'2026-06-13 23:29:45','2026-06-13 23:29:45'),(19,'article',7,'article_end','product',7,'Подобрано по теме','Полезное продолжение материала внутри экосистемы НашФит.','Смотреть товар',1,0,'2026-06-13 23:29:45','2026-06-13 23:29:45'),(20,'article',7,'article_end','trainer',7,NULL,NULL,'Записаться',1,1,'2026-06-13 23:29:45','2026-06-13 23:29:45'),(21,'article',7,'article_end','membership',3,NULL,NULL,'Выбрать абонемент',1,2,'2026-06-13 23:29:45','2026-06-13 23:29:45'),(22,'article',8,'article_end','product',8,'Подобрано по теме','Полезное продолжение материала внутри экосистемы НашФит.','Смотреть товар',1,0,'2026-06-13 23:29:45','2026-06-13 23:29:45'),(23,'article',8,'article_end','trainer',8,NULL,NULL,'Записаться',1,1,'2026-06-13 23:29:45','2026-06-13 23:29:45'),(24,'article',8,'article_end','membership',3,NULL,NULL,'Выбрать абонемент',1,2,'2026-06-13 23:29:45','2026-06-13 23:29:45'),(25,'article',9,'article_end','product',9,'Подобрано по теме','Полезное продолжение материала внутри экосистемы НашФит.','Смотреть товар',1,0,'2026-06-13 23:29:45','2026-06-13 23:29:45'),(26,'article',9,'article_end','trainer',1,NULL,NULL,'Записаться',1,1,'2026-06-13 23:29:45','2026-06-13 23:29:45'),(27,'article',9,'article_end','membership',3,NULL,NULL,'Выбрать абонемент',1,2,'2026-06-13 23:29:45','2026-06-13 23:29:45'),(28,'article',10,'article_end','product',10,'Подобрано по теме','Полезное продолжение материала внутри экосистемы НашФит.','Смотреть товар',1,0,'2026-06-13 23:29:45','2026-06-13 23:29:45'),(29,'article',10,'article_end','trainer',2,NULL,NULL,'Записаться',1,1,'2026-06-13 23:29:45','2026-06-13 23:29:45'),(30,'article',10,'article_end','membership',3,NULL,NULL,'Выбрать абонемент',1,2,'2026-06-13 23:29:45','2026-06-13 23:29:45'),(31,'article',11,'article_end','product',11,'Подобрано по теме','Полезное продолжение материала внутри экосистемы НашФит.','Смотреть товар',1,0,'2026-06-13 23:29:45','2026-06-13 23:29:45'),(32,'article',11,'article_end','trainer',3,NULL,NULL,'Записаться',1,1,'2026-06-13 23:29:45','2026-06-13 23:29:45'),(33,'article',11,'article_end','membership',3,NULL,NULL,'Выбрать абонемент',1,2,'2026-06-13 23:29:45','2026-06-13 23:29:45'),(34,'article',12,'article_end','product',12,'Подобрано по теме','Полезное продолжение материала внутри экосистемы НашФит.','Смотреть товар',1,0,'2026-06-13 23:29:45','2026-06-13 23:29:45'),(35,'article',12,'article_end','trainer',4,NULL,NULL,'Записаться',1,1,'2026-06-13 23:29:45','2026-06-13 23:29:45'),(36,'article',12,'article_end','membership',3,NULL,NULL,'Выбрать абонемент',1,2,'2026-06-13 23:29:45','2026-06-13 23:29:45'),(37,'article',13,'article_end','product',13,'Подобрано по теме','Полезное продолжение материала внутри экосистемы НашФит.','Смотреть товар',1,0,'2026-06-13 23:29:45','2026-06-13 23:29:45'),(38,'article',13,'article_end','trainer',5,NULL,NULL,'Записаться',1,1,'2026-06-13 23:29:45','2026-06-13 23:29:45'),(39,'article',13,'article_end','membership',3,NULL,NULL,'Выбрать абонемент',1,2,'2026-06-13 23:29:45','2026-06-13 23:29:45'),(40,'article',14,'article_end','product',14,'Подобрано по теме','Полезное продолжение материала внутри экосистемы НашФит.','Смотреть товар',1,0,'2026-06-13 23:29:45','2026-06-13 23:29:45'),(41,'article',14,'article_end','trainer',6,NULL,NULL,'Записаться',1,1,'2026-06-13 23:29:45','2026-06-13 23:29:45'),(42,'article',14,'article_end','membership',3,NULL,NULL,'Выбрать абонемент',1,2,'2026-06-13 23:29:45','2026-06-13 23:29:45'),(43,'article',15,'article_end','product',15,'Подобрано по теме','Полезное продолжение материала внутри экосистемы НашФит.','Смотреть товар',1,0,'2026-06-13 23:29:45','2026-06-13 23:29:45'),(44,'article',15,'article_end','trainer',7,NULL,NULL,'Записаться',1,1,'2026-06-13 23:29:45','2026-06-13 23:29:45'),(45,'article',15,'article_end','membership',3,NULL,NULL,'Выбрать абонемент',1,2,'2026-06-13 23:29:45','2026-06-13 23:29:45'),(46,'article',16,'article_end','product',16,'Подобрано по теме','Полезное продолжение материала внутри экосистемы НашФит.','Смотреть товар',1,0,'2026-06-13 23:29:45','2026-06-13 23:29:45'),(47,'article',16,'article_end','trainer',8,NULL,NULL,'Записаться',1,1,'2026-06-13 23:29:45','2026-06-13 23:29:45'),(48,'article',16,'article_end','membership',3,NULL,NULL,'Выбрать абонемент',1,2,'2026-06-13 23:29:45','2026-06-13 23:29:45'),(49,'article',17,'article_end','product',1,'Подобрано по теме','Полезное продолжение материала внутри экосистемы НашФит.','Смотреть товар',1,0,'2026-06-13 23:29:45','2026-06-13 23:29:45'),(50,'article',17,'article_end','trainer',1,NULL,NULL,'Записаться',1,1,'2026-06-13 23:29:45','2026-06-13 23:29:45'),(51,'article',17,'article_end','membership',3,NULL,NULL,'Выбрать абонемент',1,2,'2026-06-13 23:29:45','2026-06-13 23:29:45'),(52,'article',18,'article_end','product',2,'Подобрано по теме','Полезное продолжение материала внутри экосистемы НашФит.','Смотреть товар',1,0,'2026-06-13 23:29:45','2026-06-13 23:29:45'),(53,'article',18,'article_end','trainer',2,NULL,NULL,'Записаться',1,1,'2026-06-13 23:29:45','2026-06-13 23:29:45'),(54,'article',18,'article_end','membership',3,NULL,NULL,'Выбрать абонемент',1,2,'2026-06-13 23:29:45','2026-06-13 23:29:45'),(55,'program',1,'program_end','product',1,'Подобрано по теме','Полезное продолжение материала внутри экосистемы НашФит.','Смотреть товар',1,0,'2026-06-13 23:29:45','2026-06-13 23:29:45'),(56,'program',1,'program_end','trainer',1,NULL,NULL,'Записаться',1,1,'2026-06-13 23:29:45','2026-06-13 23:29:45'),(57,'program',1,'program_end','membership',3,NULL,NULL,'Выбрать абонемент',1,2,'2026-06-13 23:29:45','2026-06-13 23:29:45'),(58,'program',2,'program_end','product',2,'Подобрано по теме','Полезное продолжение материала внутри экосистемы НашФит.','Смотреть товар',1,0,'2026-06-13 23:29:45','2026-06-13 23:29:45'),(59,'program',2,'program_end','trainer',2,NULL,NULL,'Записаться',1,1,'2026-06-13 23:29:45','2026-06-13 23:29:45'),(60,'program',2,'program_end','membership',3,NULL,NULL,'Выбрать абонемент',1,2,'2026-06-13 23:29:45','2026-06-13 23:29:45'),(61,'program',3,'program_end','product',3,'Подобрано по теме','Полезное продолжение материала внутри экосистемы НашФит.','Смотреть товар',1,0,'2026-06-13 23:29:45','2026-06-13 23:29:45'),(62,'program',3,'program_end','trainer',3,NULL,NULL,'Записаться',1,1,'2026-06-13 23:29:45','2026-06-13 23:29:45'),(63,'program',3,'program_end','membership',3,NULL,NULL,'Выбрать абонемент',1,2,'2026-06-13 23:29:45','2026-06-13 23:29:45'),(64,'program',4,'program_end','product',4,'Подобрано по теме','Полезное продолжение материала внутри экосистемы НашФит.','Смотреть товар',1,0,'2026-06-13 23:29:45','2026-06-13 23:29:45'),(65,'program',4,'program_end','trainer',4,NULL,NULL,'Записаться',1,1,'2026-06-13 23:29:45','2026-06-13 23:29:45'),(66,'program',4,'program_end','membership',3,NULL,NULL,'Выбрать абонемент',1,2,'2026-06-13 23:29:45','2026-06-13 23:29:45'),(67,'program',5,'program_end','product',5,'Подобрано по теме','Полезное продолжение материала внутри экосистемы НашФит.','Смотреть товар',1,0,'2026-06-13 23:29:45','2026-06-13 23:29:45'),(68,'program',5,'program_end','trainer',5,NULL,NULL,'Записаться',1,1,'2026-06-13 23:29:45','2026-06-13 23:29:45'),(69,'program',5,'program_end','membership',3,NULL,NULL,'Выбрать абонемент',1,2,'2026-06-13 23:29:45','2026-06-13 23:29:45'),(70,'program',6,'program_end','product',6,'Подобрано по теме','Полезное продолжение материала внутри экосистемы НашФит.','Смотреть товар',1,0,'2026-06-13 23:29:45','2026-06-13 23:29:45'),(71,'program',6,'program_end','trainer',6,NULL,NULL,'Записаться',1,1,'2026-06-13 23:29:45','2026-06-13 23:29:45'),(72,'program',6,'program_end','membership',3,NULL,NULL,'Выбрать абонемент',1,2,'2026-06-13 23:29:45','2026-06-13 23:29:45'),(73,'program',7,'program_end','product',7,'Подобрано по теме','Полезное продолжение материала внутри экосистемы НашФит.','Смотреть товар',1,0,'2026-06-13 23:29:45','2026-06-13 23:29:45'),(74,'program',7,'program_end','trainer',7,NULL,NULL,'Записаться',1,1,'2026-06-13 23:29:45','2026-06-13 23:29:45'),(75,'program',7,'program_end','membership',3,NULL,NULL,'Выбрать абонемент',1,2,'2026-06-13 23:29:45','2026-06-13 23:29:45'),(76,'program',8,'program_end','product',8,'Подобрано по теме','Полезное продолжение материала внутри экосистемы НашФит.','Смотреть товар',1,0,'2026-06-13 23:29:45','2026-06-13 23:29:45'),(77,'program',8,'program_end','trainer',8,NULL,NULL,'Записаться',1,1,'2026-06-13 23:29:45','2026-06-13 23:29:45'),(78,'program',8,'program_end','membership',3,NULL,NULL,'Выбрать абонемент',1,2,'2026-06-13 23:29:45','2026-06-13 23:29:45'),(79,'program',9,'program_end','product',9,'Подобрано по теме','Полезное продолжение материала внутри экосистемы НашФит.','Смотреть товар',1,0,'2026-06-13 23:29:45','2026-06-13 23:29:45'),(80,'program',9,'program_end','trainer',1,NULL,NULL,'Записаться',1,1,'2026-06-13 23:29:45','2026-06-13 23:29:45'),(81,'program',9,'program_end','membership',3,NULL,NULL,'Выбрать абонемент',1,2,'2026-06-13 23:29:45','2026-06-13 23:29:45'),(82,'program',10,'program_end','product',10,'Подобрано по теме','Полезное продолжение материала внутри экосистемы НашФит.','Смотреть товар',1,0,'2026-06-13 23:29:45','2026-06-13 23:29:45'),(83,'program',10,'program_end','trainer',2,NULL,NULL,'Записаться',1,1,'2026-06-13 23:29:45','2026-06-13 23:29:45'),(84,'program',10,'program_end','membership',3,NULL,NULL,'Выбрать абонемент',1,2,'2026-06-13 23:29:45','2026-06-13 23:29:45'),(85,'program',11,'program_end','product',11,'Подобрано по теме','Полезное продолжение материала внутри экосистемы НашФит.','Смотреть товар',1,0,'2026-06-13 23:29:45','2026-06-13 23:29:45'),(86,'program',11,'program_end','trainer',3,NULL,NULL,'Записаться',1,1,'2026-06-13 23:29:45','2026-06-13 23:29:45'),(87,'program',11,'program_end','membership',3,NULL,NULL,'Выбрать абонемент',1,2,'2026-06-13 23:29:45','2026-06-13 23:29:45'),(88,'program',12,'program_end','product',12,'Подобрано по теме','Полезное продолжение материала внутри экосистемы НашФит.','Смотреть товар',1,0,'2026-06-13 23:29:45','2026-06-13 23:29:45'),(89,'program',12,'program_end','trainer',4,NULL,NULL,'Записаться',1,1,'2026-06-13 23:29:45','2026-06-13 23:29:45'),(90,'program',12,'program_end','membership',3,NULL,NULL,'Выбрать абонемент',1,2,'2026-06-13 23:29:45','2026-06-13 23:29:45'),(91,'article',9,'article_end','trainer',9,NULL,NULL,'Записаться',1,1,'2026-06-13 23:56:19','2026-06-13 23:56:19'),(92,'article',10,'article_end','trainer',10,NULL,NULL,'Записаться',1,1,'2026-06-13 23:56:19','2026-06-13 23:56:19'),(93,'article',11,'article_end','trainer',11,NULL,NULL,'Записаться',1,1,'2026-06-13 23:56:19','2026-06-13 23:56:19'),(94,'article',12,'article_end','trainer',12,NULL,NULL,'Записаться',1,1,'2026-06-13 23:56:19','2026-06-13 23:56:19'),(95,'article',13,'article_end','trainer',13,NULL,NULL,'Записаться',1,1,'2026-06-13 23:56:19','2026-06-13 23:56:19'),(96,'article',14,'article_end','trainer',14,NULL,NULL,'Записаться',1,1,'2026-06-13 23:56:19','2026-06-13 23:56:19'),(97,'article',15,'article_end','trainer',1,NULL,NULL,'Записаться',1,1,'2026-06-13 23:56:19','2026-06-13 23:56:19'),(98,'article',16,'article_end','trainer',2,NULL,NULL,'Записаться',1,1,'2026-06-13 23:56:19','2026-06-13 23:56:19'),(99,'article',17,'article_end','trainer',3,NULL,NULL,'Записаться',1,1,'2026-06-13 23:56:19','2026-06-13 23:56:19'),(100,'article',18,'article_end','trainer',4,NULL,NULL,'Записаться',1,1,'2026-06-13 23:56:19','2026-06-13 23:56:19'),(101,'program',9,'program_end','trainer',9,NULL,NULL,'Записаться',1,1,'2026-06-13 23:56:19','2026-06-13 23:56:19'),(102,'program',10,'program_end','trainer',10,NULL,NULL,'Записаться',1,1,'2026-06-13 23:56:19','2026-06-13 23:56:19'),(103,'program',11,'program_end','trainer',11,NULL,NULL,'Записаться',1,1,'2026-06-13 23:56:19','2026-06-13 23:56:19'),(104,'program',12,'program_end','trainer',12,NULL,NULL,'Записаться',1,1,'2026-06-13 23:56:19','2026-06-13 23:56:19');
/*!40000 ALTER TABLE `content_recommendations` ENABLE KEYS */;
UNLOCK TABLES;

--
-- Table structure for table `exercise_muscle`
--

DROP TABLE IF EXISTS `exercise_muscle`;
/*!40101 SET @saved_cs_client     = @@character_set_client */;
/*!50503 SET character_set_client = utf8mb4 */;
CREATE TABLE `exercise_muscle` (
  `id` bigint unsigned NOT NULL AUTO_INCREMENT,
  `exercise_id` bigint unsigned NOT NULL,
  `muscle_id` bigint unsigned NOT NULL,
  `role` enum('primary','secondary') COLLATE utf8mb4_unicode_ci NOT NULL DEFAULT 'primary',
  `created_at` timestamp NULL DEFAULT NULL,
  `updated_at` timestamp NULL DEFAULT NULL,
  PRIMARY KEY (`id`),
  UNIQUE KEY `exercise_muscle_exercise_id_muscle_id_unique` (`exercise_id`,`muscle_id`),
  KEY `exercise_muscle_muscle_id_role_index` (`muscle_id`,`role`),
  KEY `exercise_muscle_exercise_id_role_index` (`exercise_id`,`role`),
  CONSTRAINT `exercise_muscle_exercise_id_foreign` FOREIGN KEY (`exercise_id`) REFERENCES `exercises` (`id`) ON DELETE CASCADE,
  CONSTRAINT `exercise_muscle_muscle_id_foreign` FOREIGN KEY (`muscle_id`) REFERENCES `muscles` (`id`) ON DELETE CASCADE
) ENGINE=InnoDB AUTO_INCREMENT=117 DEFAULT CHARSET=utf8mb4 COLLATE=utf8mb4_unicode_ci;
/*!40101 SET character_set_client = @saved_cs_client */;

--
-- Dumping data for table `exercise_muscle`
--

LOCK TABLES `exercise_muscle` WRITE;
/*!40000 ALTER TABLE `exercise_muscle` DISABLE KEYS */;
INSERT INTO `exercise_muscle` VALUES (1,1,1,'primary','2026-06-14 05:03:56','2026-06-16 21:18:16'),(2,1,2,'secondary','2026-06-14 05:03:56','2026-06-16 21:18:16'),(3,1,4,'secondary','2026-06-14 05:03:56','2026-06-16 21:18:16'),(4,2,1,'primary','2026-06-14 05:03:56','2026-06-16 21:18:16'),(5,2,2,'secondary','2026-06-14 05:03:56','2026-06-16 21:18:16'),(6,2,4,'secondary','2026-06-14 05:03:56','2026-06-16 21:18:16'),(7,3,1,'primary','2026-06-14 05:03:56','2026-06-16 21:18:16'),(8,3,2,'secondary','2026-06-14 05:03:56','2026-06-16 21:18:16'),(9,3,4,'secondary','2026-06-14 05:03:56','2026-06-16 21:18:16'),(10,3,6,'secondary','2026-06-14 05:03:56','2026-06-16 21:18:16'),(11,4,1,'primary','2026-06-14 05:03:56','2026-06-16 21:18:16'),(12,4,2,'secondary','2026-06-14 05:03:56','2026-06-16 21:18:16'),(13,5,1,'primary','2026-06-14 05:03:56','2026-06-16 21:18:16'),(14,5,2,'secondary','2026-06-14 05:03:56','2026-06-16 21:18:16'),(15,6,8,'primary','2026-06-14 05:03:56','2026-06-16 21:18:16'),(16,6,3,'secondary','2026-06-14 05:03:56','2026-06-16 21:18:16'),(17,6,5,'secondary','2026-06-14 05:03:56','2026-06-16 21:18:16'),(18,6,9,'secondary','2026-06-14 05:03:56','2026-06-16 21:18:16'),(19,7,8,'primary','2026-06-14 05:03:56','2026-06-16 21:18:16'),(20,7,3,'secondary','2026-06-14 05:03:56','2026-06-16 21:18:16'),(21,7,5,'secondary','2026-06-14 05:03:56','2026-06-16 21:18:16'),(22,8,8,'primary','2026-06-14 05:03:56','2026-06-16 21:18:16'),(23,8,9,'secondary','2026-06-14 05:03:56','2026-06-16 21:18:16'),(24,8,3,'secondary','2026-06-14 05:03:56','2026-06-16 21:18:16'),(25,8,10,'secondary','2026-06-14 05:03:56','2026-06-16 21:18:16'),(26,9,8,'primary','2026-06-14 05:03:56','2026-06-16 21:18:16'),(27,9,9,'secondary','2026-06-14 05:03:56','2026-06-16 21:18:16'),(28,9,3,'secondary','2026-06-14 05:03:56','2026-06-16 21:18:16'),(29,10,8,'primary','2026-06-14 05:03:56','2026-06-16 21:18:16'),(30,10,1,'secondary','2026-06-14 05:03:56','2026-06-16 21:18:16'),(31,11,2,'primary','2026-06-14 05:03:56','2026-06-16 21:18:16'),(32,11,4,'secondary','2026-06-14 05:03:56','2026-06-16 21:18:16'),(33,12,2,'primary','2026-06-14 05:03:56','2026-06-16 21:18:16'),(34,12,9,'secondary','2026-06-14 05:03:56','2026-06-16 21:18:16'),(35,13,2,'primary','2026-06-14 05:03:56','2026-06-16 21:18:16'),(36,13,4,'secondary','2026-06-14 05:03:56','2026-06-16 21:18:16'),(37,13,6,'secondary','2026-06-14 05:03:56','2026-06-16 21:18:16'),(38,14,2,'primary','2026-06-14 05:03:56','2026-06-16 21:18:16'),(39,14,9,'secondary','2026-06-14 05:03:56','2026-06-16 21:18:16'),(40,15,2,'primary','2026-06-14 05:03:56','2026-06-16 21:18:16'),(41,15,9,'secondary','2026-06-14 05:03:56','2026-06-16 21:18:16'),(42,16,3,'primary','2026-06-14 05:03:56','2026-06-16 21:18:16'),(43,16,5,'secondary','2026-06-14 05:03:56','2026-06-16 21:18:16'),(44,17,3,'primary','2026-06-14 05:03:56','2026-06-16 21:18:16'),(45,17,5,'secondary','2026-06-14 05:03:56','2026-06-16 21:18:16'),(46,18,3,'primary','2026-06-14 05:03:56','2026-06-16 21:18:16'),(47,18,5,'primary','2026-06-14 05:03:56','2026-06-16 21:18:16'),(48,19,3,'primary','2026-06-14 05:03:56','2026-06-16 21:18:16'),(49,19,5,'secondary','2026-06-14 05:03:56','2026-06-16 21:18:16'),(50,20,4,'primary','2026-06-14 05:03:56','2026-06-16 21:18:16'),(51,21,4,'primary','2026-06-14 05:03:56','2026-06-16 21:18:16'),(52,21,5,'secondary','2026-06-14 05:03:56','2026-06-16 21:18:16'),(53,22,4,'primary','2026-06-14 05:03:56','2026-06-16 21:18:16'),(54,22,1,'primary','2026-06-14 05:03:56','2026-06-16 21:18:16'),(55,22,2,'secondary','2026-06-14 05:03:56','2026-06-16 21:18:16'),(56,23,4,'primary','2026-06-14 05:03:56','2026-06-16 21:18:16'),(57,23,1,'secondary','2026-06-14 05:03:56','2026-06-16 21:18:16'),(58,23,2,'secondary','2026-06-14 05:03:56','2026-06-16 21:18:16'),(59,24,5,'primary','2026-06-14 05:03:56','2026-06-16 21:18:16'),(60,24,9,'secondary','2026-06-14 05:03:56','2026-06-16 21:18:16'),(61,24,6,'secondary','2026-06-14 05:03:56','2026-06-16 21:18:16'),(62,24,14,'secondary','2026-06-14 05:03:56','2026-06-16 21:18:16'),(63,25,5,'primary','2026-06-14 05:03:56','2026-06-16 21:18:16'),(64,26,5,'primary','2026-06-14 05:03:56','2026-06-16 21:18:16'),(65,26,8,'secondary','2026-06-14 05:03:56','2026-06-16 21:18:16'),(66,27,6,'primary','2026-06-14 05:03:56','2026-06-16 21:18:16'),(67,27,7,'secondary','2026-06-14 05:03:56','2026-06-16 21:18:16'),(68,28,6,'primary','2026-06-14 05:03:56','2026-06-16 21:18:16'),(69,28,5,'secondary','2026-06-14 05:03:56','2026-06-16 21:18:16'),(70,29,6,'primary','2026-06-14 05:03:56','2026-06-16 21:18:16'),(71,29,7,'secondary','2026-06-14 05:03:56','2026-06-16 21:18:16'),(72,29,11,'secondary','2026-06-14 05:03:56','2026-06-16 21:18:16'),(73,30,6,'primary','2026-06-14 05:03:56','2026-06-16 21:18:16'),(74,31,7,'primary','2026-06-14 05:03:56','2026-06-16 21:18:16'),(75,31,6,'secondary','2026-06-14 05:03:56','2026-06-16 21:18:16'),(76,31,11,'secondary','2026-06-14 05:03:56','2026-06-16 21:18:16'),(77,32,7,'primary','2026-06-14 05:03:56','2026-06-16 21:18:16'),(78,32,6,'secondary','2026-06-14 05:03:56','2026-06-16 21:18:16'),(79,33,9,'primary','2026-06-14 05:03:56','2026-06-16 21:18:16'),(80,33,5,'secondary','2026-06-14 05:03:56','2026-06-16 21:18:16'),(81,34,9,'primary','2026-06-14 05:03:56','2026-06-16 21:18:16'),(82,34,2,'primary','2026-06-14 05:03:56','2026-06-16 21:18:16'),(83,35,10,'primary','2026-06-14 05:03:56','2026-06-16 21:18:16'),(84,35,11,'secondary','2026-06-14 05:03:56','2026-06-16 21:18:16'),(85,35,13,'secondary','2026-06-14 05:03:56','2026-06-16 21:18:16'),(86,36,10,'primary','2026-06-14 05:03:56','2026-06-16 21:18:16'),(87,36,6,'primary','2026-06-14 05:03:56','2026-06-16 21:18:16'),(88,36,11,'secondary','2026-06-14 05:03:56','2026-06-16 21:18:16'),(89,37,11,'primary','2026-06-14 05:03:56','2026-06-16 21:18:16'),(90,37,13,'secondary','2026-06-14 05:03:56','2026-06-16 21:18:16'),(91,38,11,'primary','2026-06-14 05:03:56','2026-06-16 21:18:16'),(92,38,13,'secondary','2026-06-14 05:03:56','2026-06-16 21:18:16'),(93,39,12,'primary','2026-06-14 05:03:56','2026-06-16 21:18:16'),(94,39,11,'primary','2026-06-14 05:03:56','2026-06-16 21:18:16'),(95,39,13,'secondary','2026-06-14 05:03:56','2026-06-16 21:18:16'),(96,39,14,'secondary','2026-06-14 05:03:56','2026-06-16 21:18:16'),(97,40,12,'primary','2026-06-14 05:03:56','2026-06-16 21:18:16'),(98,40,11,'primary','2026-06-14 05:03:56','2026-06-16 21:18:16'),(99,40,13,'secondary','2026-06-14 05:03:56','2026-06-16 21:18:16'),(100,40,6,'secondary','2026-06-14 05:03:56','2026-06-16 21:18:16'),(101,40,10,'secondary','2026-06-14 05:03:56','2026-06-16 21:18:16'),(102,41,12,'primary','2026-06-14 05:03:56','2026-06-16 21:18:16'),(103,41,11,'secondary','2026-06-14 05:03:56','2026-06-16 21:18:16'),(104,41,13,'secondary','2026-06-14 05:03:56','2026-06-16 21:18:16'),(105,42,12,'primary','2026-06-14 05:03:56','2026-06-16 21:18:16'),(106,43,13,'primary','2026-06-14 05:03:56','2026-06-16 21:18:16'),(107,43,11,'primary','2026-06-14 05:03:56','2026-06-16 21:18:16'),(108,43,10,'secondary','2026-06-14 05:03:56','2026-06-16 21:18:16'),(109,43,5,'secondary','2026-06-14 05:03:56','2026-06-16 21:18:16'),(110,44,13,'primary','2026-06-14 05:03:56','2026-06-16 21:18:16'),(111,45,13,'primary','2026-06-14 05:03:56','2026-06-16 21:18:16'),(112,45,11,'secondary','2026-06-14 05:03:56','2026-06-16 21:18:16'),(113,45,10,'secondary','2026-06-14 05:03:56','2026-06-16 21:18:16'),(114,46,14,'primary','2026-06-14 05:03:56','2026-06-16 21:18:16'),(115,47,14,'primary','2026-06-14 05:03:56','2026-06-16 21:18:16'),(116,48,14,'primary','2026-06-14 05:03:56','2026-06-16 21:18:16');
/*!40000 ALTER TABLE `exercise_muscle` ENABLE KEYS */;
UNLOCK TABLES;

--
-- Table structure for table `exercises`
--

DROP TABLE IF EXISTS `exercises`;
/*!40101 SET @saved_cs_client     = @@character_set_client */;
/*!50503 SET character_set_client = utf8mb4 */;
CREATE TABLE `exercises` (
  `id` bigint unsigned NOT NULL AUTO_INCREMENT,
  `slug` varchar(255) COLLATE utf8mb4_unicode_ci NOT NULL,
  `name` varchar(255) COLLATE utf8mb4_unicode_ci NOT NULL,
  `description` text COLLATE utf8mb4_unicode_ci,
  `technique` text COLLATE utf8mb4_unicode_ci,
  `common_mistakes` text COLLATE utf8mb4_unicode_ci,
  `difficulty` enum('beginner','intermediate','advanced') COLLATE utf8mb4_unicode_ci NOT NULL DEFAULT 'beginner',
  `equipment` varchar(255) COLLATE utf8mb4_unicode_ci DEFAULT NULL,
  `video_url` varchar(255) COLLATE utf8mb4_unicode_ci DEFAULT NULL,
  `thumbnail_url` varchar(255) COLLATE utf8mb4_unicode_ci DEFAULT NULL,
  `created_at` timestamp NULL DEFAULT NULL,
  `updated_at` timestamp NULL DEFAULT NULL,
  PRIMARY KEY (`id`),
  UNIQUE KEY `exercises_slug_unique` (`slug`)
) ENGINE=InnoDB AUTO_INCREMENT=49 DEFAULT CHARSET=utf8mb4 COLLATE=utf8mb4_unicode_ci;
/*!40101 SET character_set_client = @saved_cs_client */;

--
-- Dumping data for table `exercises`
--

LOCK TABLES `exercises` WRITE;
/*!40000 ALTER TABLE `exercises` DISABLE KEYS */;
INSERT INTO `exercises` VALUES (1,'bench-press','Жим штанги лёжа','Жим штанги лёжа — упражнение для развития силы, мышечного контроля и стабильной техники. Подбирайте нагрузку под свой уровень.','Держите корпус стабильно, выполняйте движение подконтрольно и не жертвуйте техникой ради веса.','Слишком большой вес, рывки, потеря амплитуды и отсутствие контроля в негативной фазе.','intermediate','Штанга, скамья',NULL,NULL,'2026-06-14 05:03:56','2026-06-14 05:03:56'),(2,'dumbbell-bench-press','Жим гантелей лёжа','Жим гантелей лёжа — упражнение для развития силы, мышечного контроля и стабильной техники. Подбирайте нагрузку под свой уровень.','Держите корпус стабильно, выполняйте движение подконтрольно и не жертвуйте техникой ради веса.','Слишком большой вес, рывки, потеря амплитуды и отсутствие контроля в негативной фазе.','intermediate','Гантели, скамья',NULL,NULL,'2026-06-14 05:03:56','2026-06-14 05:03:56'),(3,'push-ups','Отжимания','Отжимания — упражнение для развития силы, мышечного контроля и стабильной техники. Подбирайте нагрузку под свой уровень.','Держите корпус стабильно, выполняйте движение подконтрольно и не жертвуйте техникой ради веса.','Слишком большой вес, рывки, потеря амплитуды и отсутствие контроля в негативной фазе.','beginner','Вес тела',NULL,NULL,'2026-06-14 05:03:56','2026-06-14 05:03:56'),(4,'cable-fly','Сведение рук в кроссовере','Сведение рук в кроссовере — упражнение для развития силы, мышечного контроля и стабильной техники. Подбирайте нагрузку под свой уровень.','Держите корпус стабильно, выполняйте движение подконтрольно и не жертвуйте техникой ради веса.','Слишком большой вес, рывки, потеря амплитуды и отсутствие контроля в негативной фазе.','intermediate','Кроссовер',NULL,NULL,'2026-06-14 05:03:56','2026-06-14 05:03:56'),(5,'dumbbell-fly','Разводка гантелей','Разводка гантелей — упражнение для развития силы, мышечного контроля и стабильной техники. Подбирайте нагрузку под свой уровень.','Держите корпус стабильно, выполняйте движение подконтрольно и не жертвуйте техникой ради веса.','Слишком большой вес, рывки, потеря амплитуды и отсутствие контроля в негативной фазе.','intermediate','Гантели, скамья',NULL,NULL,'2026-06-14 05:03:56','2026-06-14 05:03:56'),(6,'pull-ups','Подтягивания','Подтягивания — упражнение для развития силы, мышечного контроля и стабильной техники. Подбирайте нагрузку под свой уровень.','Держите корпус стабильно, выполняйте движение подконтрольно и не жертвуйте техникой ради веса.','Слишком большой вес, рывки, потеря амплитуды и отсутствие контроля в негативной фазе.','intermediate','Турник',NULL,NULL,'2026-06-14 05:03:56','2026-06-14 05:03:56'),(7,'lat-pulldown','Тяга верхнего блока','Тяга верхнего блока — упражнение для развития силы, мышечного контроля и стабильной техники. Подбирайте нагрузку под свой уровень.','Держите корпус стабильно, выполняйте движение подконтрольно и не жертвуйте техникой ради веса.','Слишком большой вес, рывки, потеря амплитуды и отсутствие контроля в негативной фазе.','beginner','Блочный тренажёр',NULL,NULL,'2026-06-14 05:03:56','2026-06-14 05:03:56'),(8,'barbell-row','Тяга штанги в наклоне','Тяга штанги в наклоне — упражнение для развития силы, мышечного контроля и стабильной техники. Подбирайте нагрузку под свой уровень.','Держите корпус стабильно, выполняйте движение подконтрольно и не жертвуйте техникой ради веса.','Слишком большой вес, рывки, потеря амплитуды и отсутствие контроля в негативной фазе.','intermediate','Штанга',NULL,NULL,'2026-06-14 05:03:56','2026-06-14 05:03:56'),(9,'seated-row','Горизонтальная тяга','Горизонтальная тяга — упражнение для развития силы, мышечного контроля и стабильной техники. Подбирайте нагрузку под свой уровень.','Держите корпус стабильно, выполняйте движение подконтрольно и не жертвуйте техникой ради веса.','Слишком большой вес, рывки, потеря амплитуды и отсутствие контроля в негативной фазе.','beginner','Блочный тренажёр',NULL,NULL,'2026-06-14 05:03:56','2026-06-14 05:03:56'),(10,'pullover','Пуловер','Пуловер — упражнение для развития силы, мышечного контроля и стабильной техники. Подбирайте нагрузку под свой уровень.','Держите корпус стабильно, выполняйте движение подконтрольно и не жертвуйте техникой ради веса.','Слишком большой вес, рывки, потеря амплитуды и отсутствие контроля в негативной фазе.','intermediate','Гантель / блок',NULL,NULL,'2026-06-14 05:03:56','2026-06-14 05:03:56'),(11,'seated-dumbbell-press','Жим гантелей сидя','Жим гантелей сидя — упражнение для развития силы, мышечного контроля и стабильной техники. Подбирайте нагрузку под свой уровень.','Держите корпус стабильно, выполняйте движение подконтрольно и не жертвуйте техникой ради веса.','Слишком большой вес, рывки, потеря амплитуды и отсутствие контроля в негативной фазе.','intermediate','Гантели, скамья',NULL,NULL,'2026-06-14 05:03:56','2026-06-14 05:03:56'),(12,'lateral-raises','Махи гантелями в стороны','Махи гантелями в стороны — упражнение для развития силы, мышечного контроля и стабильной техники. Подбирайте нагрузку под свой уровень.','Держите корпус стабильно, выполняйте движение подконтрольно и не жертвуйте техникой ради веса.','Слишком большой вес, рывки, потеря амплитуды и отсутствие контроля в негативной фазе.','beginner','Гантели',NULL,NULL,'2026-06-14 05:03:56','2026-06-14 05:03:56'),(13,'overhead-press','Жим штанги стоя','Жим штанги стоя — упражнение для развития силы, мышечного контроля и стабильной техники. Подбирайте нагрузку под свой уровень.','Держите корпус стабильно, выполняйте движение подконтрольно и не жертвуйте техникой ради веса.','Слишком большой вес, рывки, потеря амплитуды и отсутствие контроля в негативной фазе.','intermediate','Штанга',NULL,NULL,'2026-06-14 05:03:56','2026-06-14 05:03:56'),(14,'rear-delt-fly','Разведения в наклоне','Разведения в наклоне — упражнение для развития силы, мышечного контроля и стабильной техники. Подбирайте нагрузку под свой уровень.','Держите корпус стабильно, выполняйте движение подконтрольно и не жертвуйте техникой ради веса.','Слишком большой вес, рывки, потеря амплитуды и отсутствие контроля в негативной фазе.','beginner','Гантели',NULL,NULL,'2026-06-14 05:03:56','2026-06-14 05:03:56'),(15,'upright-row','Тяга к подбородку','Тяга к подбородку — упражнение для развития силы, мышечного контроля и стабильной техники. Подбирайте нагрузку под свой уровень.','Держите корпус стабильно, выполняйте движение подконтрольно и не жертвуйте техникой ради веса.','Слишком большой вес, рывки, потеря амплитуды и отсутствие контроля в негативной фазе.','intermediate','Штанга / гантели',NULL,NULL,'2026-06-14 05:03:56','2026-06-14 05:03:56'),(16,'barbell-curl','Подъём штанги на бицепс','Подъём штанги на бицепс — упражнение для развития силы, мышечного контроля и стабильной техники. Подбирайте нагрузку под свой уровень.','Держите корпус стабильно, выполняйте движение подконтрольно и не жертвуйте техникой ради веса.','Слишком большой вес, рывки, потеря амплитуды и отсутствие контроля в негативной фазе.','beginner','Штанга',NULL,NULL,'2026-06-14 05:03:56','2026-06-14 05:03:56'),(17,'dumbbell-curl','Подъём гантелей на бицепс','Подъём гантелей на бицепс — упражнение для развития силы, мышечного контроля и стабильной техники. Подбирайте нагрузку под свой уровень.','Держите корпус стабильно, выполняйте движение подконтрольно и не жертвуйте техникой ради веса.','Слишком большой вес, рывки, потеря амплитуды и отсутствие контроля в негативной фазе.','beginner','Гантели',NULL,NULL,'2026-06-14 05:03:56','2026-06-14 05:03:56'),(18,'hammer-curl','Молотковые сгибания','Молотковые сгибания — упражнение для развития силы, мышечного контроля и стабильной техники. Подбирайте нагрузку под свой уровень.','Держите корпус стабильно, выполняйте движение подконтрольно и не жертвуйте техникой ради веса.','Слишком большой вес, рывки, потеря амплитуды и отсутствие контроля в негативной фазе.','beginner','Гантели',NULL,NULL,'2026-06-14 05:03:56','2026-06-14 05:03:56'),(19,'scott-curl','Сгибания на скамье Скотта','Сгибания на скамье Скотта — упражнение для развития силы, мышечного контроля и стабильной техники. Подбирайте нагрузку под свой уровень.','Держите корпус стабильно, выполняйте движение подконтрольно и не жертвуйте техникой ради веса.','Слишком большой вес, рывки, потеря амплитуды и отсутствие контроля в негативной фазе.','intermediate','Скамья Скотта, EZ-гриф',NULL,NULL,'2026-06-14 05:03:56','2026-06-14 05:03:56'),(20,'french-press','Французский жим','Французский жим — упражнение для развития силы, мышечного контроля и стабильной техники. Подбирайте нагрузку под свой уровень.','Держите корпус стабильно, выполняйте движение подконтрольно и не жертвуйте техникой ради веса.','Слишком большой вес, рывки, потеря амплитуды и отсутствие контроля в негативной фазе.','intermediate','EZ-гриф / гантели',NULL,NULL,'2026-06-14 05:03:56','2026-06-14 05:03:56'),(21,'triceps-pushdown','Разгибание рук на блоке','Разгибание рук на блоке — упражнение для развития силы, мышечного контроля и стабильной техники. Подбирайте нагрузку под свой уровень.','Держите корпус стабильно, выполняйте движение подконтрольно и не жертвуйте техникой ради веса.','Слишком большой вес, рывки, потеря амплитуды и отсутствие контроля в негативной фазе.','beginner','Блочный тренажёр',NULL,NULL,'2026-06-14 05:03:56','2026-06-14 05:03:56'),(22,'dips','Отжимания на брусьях','Отжимания на брусьях — упражнение для развития силы, мышечного контроля и стабильной техники. Подбирайте нагрузку под свой уровень.','Держите корпус стабильно, выполняйте движение подконтрольно и не жертвуйте техникой ради веса.','Слишком большой вес, рывки, потеря амплитуды и отсутствие контроля в негативной фазе.','intermediate','Брусья',NULL,NULL,'2026-06-14 05:03:56','2026-06-14 05:03:56'),(23,'close-grip-bench-press','Жим узким хватом','Жим узким хватом — упражнение для развития силы, мышечного контроля и стабильной техники. Подбирайте нагрузку под свой уровень.','Держите корпус стабильно, выполняйте движение подконтрольно и не жертвуйте техникой ради веса.','Слишком большой вес, рывки, потеря амплитуды и отсутствие контроля в негативной фазе.','intermediate','Штанга, скамья',NULL,NULL,'2026-06-14 05:03:56','2026-06-14 05:03:56'),(24,'farmers-walk','Фермерская прогулка','Фермерская прогулка — упражнение для развития силы, мышечного контроля и стабильной техники. Подбирайте нагрузку под свой уровень.','Держите корпус стабильно, выполняйте движение подконтрольно и не жертвуйте техникой ради веса.','Слишком большой вес, рывки, потеря амплитуды и отсутствие контроля в негативной фазе.','beginner','Гантели / гири',NULL,NULL,'2026-06-14 05:03:56','2026-06-14 05:03:56'),(25,'wrist-curl','Сгибания кистей','Сгибания кистей — упражнение для развития силы, мышечного контроля и стабильной техники. Подбирайте нагрузку под свой уровень.','Держите корпус стабильно, выполняйте движение подконтрольно и не жертвуйте техникой ради веса.','Слишком большой вес, рывки, потеря амплитуды и отсутствие контроля в негативной фазе.','beginner','Гантели / штанга',NULL,NULL,'2026-06-14 05:03:56','2026-06-14 05:03:56'),(26,'dead-hang','Вис на турнике','Вис на турнике — упражнение для развития силы, мышечного контроля и стабильной техники. Подбирайте нагрузку под свой уровень.','Держите корпус стабильно, выполняйте движение подконтрольно и не жертвуйте техникой ради веса.','Слишком большой вес, рывки, потеря амплитуды и отсутствие контроля в негативной фазе.','beginner','Турник',NULL,NULL,'2026-06-14 05:03:56','2026-06-14 05:03:56'),(27,'crunches','Скручивания','Скручивания — упражнение для развития силы, мышечного контроля и стабильной техники. Подбирайте нагрузку под свой уровень.','Держите корпус стабильно, выполняйте движение подконтрольно и не жертвуйте техникой ради веса.','Слишком большой вес, рывки, потеря амплитуды и отсутствие контроля в негативной фазе.','beginner','Коврик',NULL,NULL,'2026-06-14 05:03:56','2026-06-14 05:03:56'),(28,'hanging-leg-raise','Подъём ног в висе','Подъём ног в висе — упражнение для развития силы, мышечного контроля и стабильной техники. Подбирайте нагрузку под свой уровень.','Держите корпус стабильно, выполняйте движение подконтрольно и не жертвуйте техникой ради веса.','Слишком большой вес, рывки, потеря амплитуды и отсутствие контроля в негативной фазе.','intermediate','Турник',NULL,NULL,'2026-06-14 05:03:56','2026-06-14 05:03:56'),(29,'plank','Планка','Планка — упражнение для развития силы, мышечного контроля и стабильной техники. Подбирайте нагрузку под свой уровень.','Держите корпус стабильно, выполняйте движение подконтрольно и не жертвуйте техникой ради веса.','Слишком большой вес, рывки, потеря амплитуды и отсутствие контроля в негативной фазе.','beginner','Коврик',NULL,NULL,'2026-06-14 05:03:56','2026-06-14 05:03:56'),(30,'cable-crunch','Скручивания на блоке','Скручивания на блоке — упражнение для развития силы, мышечного контроля и стабильной техники. Подбирайте нагрузку под свой уровень.','Держите корпус стабильно, выполняйте движение подконтрольно и не жертвуйте техникой ради веса.','Слишком большой вес, рывки, потеря амплитуды и отсутствие контроля в негативной фазе.','intermediate','Блочный тренажёр',NULL,NULL,'2026-06-14 05:03:56','2026-06-14 05:03:56'),(31,'side-plank','Боковая планка','Боковая планка — упражнение для развития силы, мышечного контроля и стабильной техники. Подбирайте нагрузку под свой уровень.','Держите корпус стабильно, выполняйте движение подконтрольно и не жертвуйте техникой ради веса.','Слишком большой вес, рывки, потеря амплитуды и отсутствие контроля в негативной фазе.','beginner','Коврик',NULL,NULL,'2026-06-14 05:03:56','2026-06-14 05:03:56'),(32,'pallof-press','Pallof press','Pallof press — упражнение для развития силы, мышечного контроля и стабильной техники. Подбирайте нагрузку под свой уровень.','Держите корпус стабильно, выполняйте движение подконтрольно и не жертвуйте техникой ради веса.','Слишком большой вес, рывки, потеря амплитуды и отсутствие контроля в негативной фазе.','beginner','Блок / резинка',NULL,NULL,'2026-06-14 05:03:56','2026-06-14 05:03:56'),(33,'shrugs','Шраги','Шраги — упражнение для развития силы, мышечного контроля и стабильной техники. Подбирайте нагрузку под свой уровень.','Держите корпус стабильно, выполняйте движение подконтрольно и не жертвуйте техникой ради веса.','Слишком большой вес, рывки, потеря амплитуды и отсутствие контроля в негативной фазе.','beginner','Гантели / штанга',NULL,NULL,'2026-06-14 05:03:56','2026-06-14 05:03:56'),(34,'face-pull','Face pull','Face pull — упражнение для развития силы, мышечного контроля и стабильной техники. Подбирайте нагрузку под свой уровень.','Держите корпус стабильно, выполняйте движение подконтрольно и не жертвуйте техникой ради веса.','Слишком большой вес, рывки, потеря амплитуды и отсутствие контроля в негативной фазе.','beginner','Блок / резинка',NULL,NULL,'2026-06-14 05:03:56','2026-06-14 05:03:56'),(35,'hyperextension','Гиперэкстензия','Гиперэкстензия — упражнение для развития силы, мышечного контроля и стабильной техники. Подбирайте нагрузку под свой уровень.','Держите корпус стабильно, выполняйте движение подконтрольно и не жертвуйте техникой ради веса.','Слишком большой вес, рывки, потеря амплитуды и отсутствие контроля в негативной фазе.','beginner','Римский стул',NULL,NULL,'2026-06-14 05:03:56','2026-06-14 05:03:56'),(36,'bird-dog','Bird-dog','Bird-dog — упражнение для развития силы, мышечного контроля и стабильной техники. Подбирайте нагрузку под свой уровень.','Держите корпус стабильно, выполняйте движение подконтрольно и не жертвуйте техникой ради веса.','Слишком большой вес, рывки, потеря амплитуды и отсутствие контроля в негативной фазе.','beginner','Коврик',NULL,NULL,'2026-06-14 05:03:56','2026-06-14 05:03:56'),(37,'glute-bridge','Ягодичный мост','Ягодичный мост — упражнение для развития силы, мышечного контроля и стабильной техники. Подбирайте нагрузку под свой уровень.','Держите корпус стабильно, выполняйте движение подконтрольно и не жертвуйте техникой ради веса.','Слишком большой вес, рывки, потеря амплитуды и отсутствие контроля в негативной фазе.','beginner','Коврик / штанга',NULL,NULL,'2026-06-14 05:03:56','2026-06-14 05:03:56'),(38,'hip-thrust','Хип-траст','Хип-траст — упражнение для развития силы, мышечного контроля и стабильной техники. Подбирайте нагрузку под свой уровень.','Держите корпус стабильно, выполняйте движение подконтрольно и не жертвуйте техникой ради веса.','Слишком большой вес, рывки, потеря амплитуды и отсутствие контроля в негативной фазе.','intermediate','Скамья, штанга',NULL,NULL,'2026-06-14 05:03:56','2026-06-14 05:03:56'),(39,'lunges','Выпады','Выпады — упражнение для развития силы, мышечного контроля и стабильной техники. Подбирайте нагрузку под свой уровень.','Держите корпус стабильно, выполняйте движение подконтрольно и не жертвуйте техникой ради веса.','Слишком большой вес, рывки, потеря амплитуды и отсутствие контроля в негативной фазе.','beginner','Вес тела / гантели',NULL,NULL,'2026-06-14 05:03:56','2026-06-14 05:03:56'),(40,'squat','Приседания','Приседания — упражнение для развития силы, мышечного контроля и стабильной техники. Подбирайте нагрузку под свой уровень.','Держите корпус стабильно, выполняйте движение подконтрольно и не жертвуйте техникой ради веса.','Слишком большой вес, рывки, потеря амплитуды и отсутствие контроля в негативной фазе.','intermediate','Штанга / вес тела',NULL,NULL,'2026-06-14 05:03:56','2026-06-14 05:03:56'),(41,'leg-press','Жим ногами','Жим ногами — упражнение для развития силы, мышечного контроля и стабильной техники. Подбирайте нагрузку под свой уровень.','Держите корпус стабильно, выполняйте движение подконтрольно и не жертвуйте техникой ради веса.','Слишком большой вес, рывки, потеря амплитуды и отсутствие контроля в негативной фазе.','beginner','Тренажёр',NULL,NULL,'2026-06-14 05:03:56','2026-06-14 05:03:56'),(42,'leg-extension','Разгибание ног в тренажёре','Разгибание ног в тренажёре — упражнение для развития силы, мышечного контроля и стабильной техники. Подбирайте нагрузку под свой уровень.','Держите корпус стабильно, выполняйте движение подконтрольно и не жертвуйте техникой ради веса.','Слишком большой вес, рывки, потеря амплитуды и отсутствие контроля в негативной фазе.','beginner','Тренажёр',NULL,NULL,'2026-06-14 05:03:56','2026-06-14 05:03:56'),(43,'romanian-deadlift','Румынская тяга','Румынская тяга — упражнение для развития силы, мышечного контроля и стабильной техники. Подбирайте нагрузку под свой уровень.','Держите корпус стабильно, выполняйте движение подконтрольно и не жертвуйте техникой ради веса.','Слишком большой вес, рывки, потеря амплитуды и отсутствие контроля в негативной фазе.','intermediate','Штанга / гантели',NULL,NULL,'2026-06-14 05:03:56','2026-06-14 05:03:56'),(44,'leg-curl','Сгибание ног в тренажёре','Сгибание ног в тренажёре — упражнение для развития силы, мышечного контроля и стабильной техники. Подбирайте нагрузку под свой уровень.','Держите корпус стабильно, выполняйте движение подконтрольно и не жертвуйте техникой ради веса.','Слишком большой вес, рывки, потеря амплитуды и отсутствие контроля в негативной фазе.','beginner','Тренажёр',NULL,NULL,'2026-06-14 05:03:56','2026-06-14 05:03:56'),(45,'stiff-leg-deadlift','Становая тяга на прямых ногах','Становая тяга на прямых ногах — упражнение для развития силы, мышечного контроля и стабильной техники. Подбирайте нагрузку под свой уровень.','Держите корпус стабильно, выполняйте движение подконтрольно и не жертвуйте техникой ради веса.','Слишком большой вес, рывки, потеря амплитуды и отсутствие контроля в негативной фазе.','advanced','Штанга',NULL,NULL,'2026-06-14 05:03:56','2026-06-14 05:03:56'),(46,'standing-calf-raise','Подъёмы на носки стоя','Подъёмы на носки стоя — упражнение для развития силы, мышечного контроля и стабильной техники. Подбирайте нагрузку под свой уровень.','Держите корпус стабильно, выполняйте движение подконтрольно и не жертвуйте техникой ради веса.','Слишком большой вес, рывки, потеря амплитуды и отсутствие контроля в негативной фазе.','beginner','Тренажёр / гантели',NULL,NULL,'2026-06-14 05:03:56','2026-06-14 05:03:56'),(47,'seated-calf-raise','Подъёмы на носки сидя','Подъёмы на носки сидя — упражнение для развития силы, мышечного контроля и стабильной техники. Подбирайте нагрузку под свой уровень.','Держите корпус стабильно, выполняйте движение подконтрольно и не жертвуйте техникой ради веса.','Слишком большой вес, рывки, потеря амплитуды и отсутствие контроля в негативной фазе.','beginner','Тренажёр',NULL,NULL,'2026-06-14 05:03:56','2026-06-14 05:03:56'),(48,'leg-press-calf-raise','Жим носками в тренажёре','Жим носками в тренажёре — упражнение для развития силы, мышечного контроля и стабильной техники. Подбирайте нагрузку под свой уровень.','Держите корпус стабильно, выполняйте движение подконтрольно и не жертвуйте техникой ради веса.','Слишком большой вес, рывки, потеря амплитуды и отсутствие контроля в негативной фазе.','beginner','Жим ногами',NULL,NULL,'2026-06-14 05:03:56','2026-06-14 05:03:56');
/*!40000 ALTER TABLE `exercises` ENABLE KEYS */;
UNLOCK TABLES;

--
-- Table structure for table `failed_jobs`
--

DROP TABLE IF EXISTS `failed_jobs`;
/*!40101 SET @saved_cs_client     = @@character_set_client */;
/*!50503 SET character_set_client = utf8mb4 */;
CREATE TABLE `failed_jobs` (
  `id` bigint unsigned NOT NULL AUTO_INCREMENT,
  `uuid` varchar(255) COLLATE utf8mb4_unicode_ci NOT NULL,
  `connection` text COLLATE utf8mb4_unicode_ci NOT NULL,
  `queue` text COLLATE utf8mb4_unicode_ci NOT NULL,
  `payload` longtext COLLATE utf8mb4_unicode_ci NOT NULL,
  `exception` longtext COLLATE utf8mb4_unicode_ci NOT NULL,
  `failed_at` timestamp NOT NULL DEFAULT CURRENT_TIMESTAMP,
  PRIMARY KEY (`id`),
  UNIQUE KEY `failed_jobs_uuid_unique` (`uuid`)
) ENGINE=InnoDB DEFAULT CHARSET=utf8mb4 COLLATE=utf8mb4_unicode_ci;
/*!40101 SET character_set_client = @saved_cs_client */;

--
-- Dumping data for table `failed_jobs`
--

LOCK TABLES `failed_jobs` WRITE;
/*!40000 ALTER TABLE `failed_jobs` DISABLE KEYS */;
/*!40000 ALTER TABLE `failed_jobs` ENABLE KEYS */;
UNLOCK TABLES;

--
-- Table structure for table `gym_locations`
--

DROP TABLE IF EXISTS `gym_locations`;
/*!40101 SET @saved_cs_client     = @@character_set_client */;
/*!50503 SET character_set_client = utf8mb4 */;
CREATE TABLE `gym_locations` (
  `id` bigint unsigned NOT NULL AUTO_INCREMENT,
  `name` varchar(255) COLLATE utf8mb4_unicode_ci NOT NULL,
  `address` varchar(255) COLLATE utf8mb4_unicode_ci NOT NULL,
  `description` text COLLATE utf8mb4_unicode_ci,
  `phone` varchar(40) COLLATE utf8mb4_unicode_ci DEFAULT NULL,
  `email` varchar(255) COLLATE utf8mb4_unicode_ci DEFAULT NULL,
  `working_hours` varchar(255) COLLATE utf8mb4_unicode_ci DEFAULT NULL,
  `weekend_hours` varchar(255) COLLATE utf8mb4_unicode_ci DEFAULT NULL,
  `features` json DEFAULT NULL,
  `latitude` decimal(10,6) DEFAULT NULL,
  `longitude` decimal(10,6) DEFAULT NULL,
  `map_url` text COLLATE utf8mb4_unicode_ci,
  `is_active` tinyint(1) NOT NULL DEFAULT '1',
  `sort_order` smallint unsigned NOT NULL DEFAULT '0',
  `created_at` timestamp NULL DEFAULT NULL,
  `updated_at` timestamp NULL DEFAULT NULL,
  PRIMARY KEY (`id`)
) ENGINE=InnoDB AUTO_INCREMENT=4 DEFAULT CHARSET=utf8mb4 COLLATE=utf8mb4_unicode_ci;
/*!40101 SET character_set_client = @saved_cs_client */;

--
-- Dumping data for table `gym_locations`
--

LOCK TABLES `gym_locations` WRITE;
/*!40000 ALTER TABLE `gym_locations` DISABLE KEYS */;
INSERT INTO `gym_locations` VALUES (1,'НашФит Центр','ул. Спортивная, 10','Флагманский клуб НашФит: большая силовая зона, кардио-линия, зона функционального тренинга и вводные тренировки для новичков.','+7 (999) 000-00-00','center@nashfit.ru','Пн–Пт: 07:00–23:00','Сб–Вс: 08:00–22:00','[\"Силовая зона\", \"Кардио\", \"Функциональная зона\", \"Групповые классы\"]',55.755864,37.617698,'https://yandex.ru/map-widget/v1/?text=%D0%9D%D0%B0%D1%88%D0%A4%D0%B8%D1%82%20%D0%A6%D0%B5%D0%BD%D1%82%D1%80&z=14',1,10,'2026-06-14 04:54:34','2026-06-14 04:54:34'),(2,'НашФит Север','пр. Победы, 42','Клуб для регулярных тренировок рядом с домом: тренажёры, свободные веса, зона растяжки и персональные занятия.','+7 (999) 100-20-30','north@nashfit.ru','Ежедневно: 08:00–22:00','Сб–Вс: 09:00–21:00','[\"Свободные веса\", \"Растяжка\", \"Персональные тренировки\", \"Душевые\"]',55.790000,37.560000,'https://yandex.ru/map-widget/v1/?text=%D0%9D%D0%B0%D1%88%D0%A4%D0%B8%D1%82%20%D0%A1%D0%B5%D0%B2%D0%B5%D1%80&z=14',1,20,'2026-06-14 04:54:34','2026-06-14 08:07:06'),(3,'НашФит Юг','ул. Атлетов, 7','Компактный зал для силовых тренировок, восстановления и консультаций тренера по программе.','+7 (999) 300-40-50','south@nashfit.ru','Пн–Пт: 07:30–22:30','Сб–Вс: 09:00–21:00','[\"Силовой зал\", \"Кардио\", \"Массажный ролл\", \"Парковка\"]',55.700000,37.620000,'https://yandex.ru/map-widget/v1/?text=%D0%9D%D0%B0%D1%88%D0%A4%D0%B8%D1%82%20%D0%AE%D0%B3&z=14',1,30,'2026-06-14 04:54:34','2026-06-14 04:54:34');
/*!40000 ALTER TABLE `gym_locations` ENABLE KEYS */;
UNLOCK TABLES;

--
-- Table structure for table `memberships`
--

DROP TABLE IF EXISTS `memberships`;
/*!40101 SET @saved_cs_client     = @@character_set_client */;
/*!50503 SET character_set_client = utf8mb4 */;
CREATE TABLE `memberships` (
  `id` bigint unsigned NOT NULL AUTO_INCREMENT,
  `name` varchar(255) COLLATE utf8mb4_unicode_ci NOT NULL,
  `slug` varchar(255) COLLATE utf8mb4_unicode_ci NOT NULL,
  `description` text COLLATE utf8mb4_unicode_ci,
  `duration_months` int unsigned DEFAULT NULL,
  `trial_visits` int unsigned DEFAULT NULL,
  `price` bigint unsigned NOT NULL DEFAULT '0',
  `old_price` bigint unsigned DEFAULT NULL,
  `features` json DEFAULT NULL,
  `badge` varchar(255) COLLATE utf8mb4_unicode_ci DEFAULT NULL,
  `is_trial` tinyint(1) NOT NULL DEFAULT '0',
  `is_featured` tinyint(1) NOT NULL DEFAULT '0',
  `is_active` tinyint(1) NOT NULL DEFAULT '1',
  `sort_order` int unsigned NOT NULL DEFAULT '0',
  `created_at` timestamp NULL DEFAULT NULL,
  `updated_at` timestamp NULL DEFAULT NULL,
  PRIMARY KEY (`id`),
  UNIQUE KEY `memberships_slug_unique` (`slug`),
  KEY `memberships_is_trial_index` (`is_trial`),
  KEY `memberships_is_featured_index` (`is_featured`),
  KEY `memberships_is_active_index` (`is_active`)
) ENGINE=InnoDB AUTO_INCREMENT=7 DEFAULT CHARSET=utf8mb4 COLLATE=utf8mb4_unicode_ci;
/*!40101 SET character_set_client = @saved_cs_client */;

--
-- Dumping data for table `memberships`
--

LOCK TABLES `memberships` WRITE;
/*!40000 ALTER TABLE `memberships` DISABLE KEYS */;
INSERT INTO `memberships` VALUES (1,'3 бесплатных посещения','trial-3-visits','Пробный формат для новых гостей: познакомьтесь с залом, тренерами и атмосферой без оплаты.',NULL,3,0,NULL,'[\"3 бесплатных визита\", \"Доступ в зал и раздевалки\", \"Можно подобрать тренера\", \"Без привязки карты\"]','Пробный доступ',1,0,1,0,'2026-06-13 23:29:44','2026-06-13 23:29:44'),(2,'1 месяц','1-month','Короткий старт, чтобы протестировать режим тренировок и спокойно войти в график.',1,0,390000,NULL,'[\"Доступ в тренажёрный зал и функциональные зоны\", \"Бесплатные программы тренировок в приложении\", \"Прогресс, рекомендации и история активности\", \"Скидки на персональные тренировки и магазин\"]','Старт',0,0,1,1,'2026-06-13 23:29:44','2026-06-13 23:29:44'),(3,'3 месяца','3-months','Оптимальный вариант для первой заметной цели: привычка, техника и стабильность.',3,0,990000,1170000,'[\"Доступ в тренажёрный зал и функциональные зоны\", \"Бесплатные программы тренировок в приложении\", \"Прогресс, рекомендации и история активности\", \"Скидки на персональные тренировки и магазин\"]','Популярно',0,1,1,2,'2026-06-13 23:29:44','2026-06-13 23:29:44'),(4,'6 месяцев','6-months','Для системного прогресса в силе, снижении веса, выносливости или наборе массы.',6,0,1690000,2340000,'[\"Доступ в тренажёрный зал и функциональные зоны\", \"Бесплатные программы тренировок в приложении\", \"Прогресс, рекомендации и история активности\", \"Скидки на персональные тренировки и магазин\", \"Приоритетные рекомендации по программам\"]','Лучший выбор',0,1,1,3,'2026-06-13 23:29:44','2026-06-13 23:29:44'),(5,'1 год','12-months','Годовой абонемент для стабильного режима: тренировки, программы, прогресс и привычка без ежемесячных решений.',12,0,2790000,4680000,'[\"Доступ в тренажёрный зал и функциональные зоны\", \"Бесплатные программы тренировок в приложении\", \"Прогресс, рекомендации и история активности\", \"Скидки на персональные тренировки и магазин\", \"Максимальная экономия за месяц\"]','Выгодно за год',0,0,1,4,'2026-06-13 23:29:44','2026-06-13 23:56:14'),(6,'2 года','24-months','Двухлетний абонемент для тех, кто планирует долгий результат и хочет максимальную выгоду за месяц.',24,0,4590000,9360000,'[\"Доступ в тренажёрный зал и функциональные зоны\", \"Бесплатные программы тренировок в приложении\", \"Прогресс, рекомендации и история активности\", \"Скидки на персональные тренировки и магазин\", \"Самая низкая цена за месяц\"]','Максимальная выгода',0,0,1,5,'2026-06-13 23:29:44','2026-06-13 23:56:14');
/*!40000 ALTER TABLE `memberships` ENABLE KEYS */;
UNLOCK TABLES;

--
-- Table structure for table `migrations`
--

DROP TABLE IF EXISTS `migrations`;
/*!40101 SET @saved_cs_client     = @@character_set_client */;
/*!50503 SET character_set_client = utf8mb4 */;
CREATE TABLE `migrations` (
  `id` int unsigned NOT NULL AUTO_INCREMENT,
  `migration` varchar(255) COLLATE utf8mb4_unicode_ci NOT NULL,
  `batch` int NOT NULL,
  PRIMARY KEY (`id`)
) ENGINE=InnoDB AUTO_INCREMENT=47 DEFAULT CHARSET=utf8mb4 COLLATE=utf8mb4_unicode_ci;
/*!40101 SET character_set_client = @saved_cs_client */;

--
-- Dumping data for table `migrations`
--

LOCK TABLES `migrations` WRITE;
/*!40000 ALTER TABLE `migrations` DISABLE KEYS */;
INSERT INTO `migrations` VALUES (1,'2014_10_12_000000_create_users_table',1),(2,'2014_10_12_100000_create_password_reset_tokens_table',1),(3,'2019_08_19_000000_create_failed_jobs_table',1),(4,'2019_12_14_000001_create_personal_access_tokens_table',1),(5,'2026_02_03_000001_create_trainers_table',1),(6,'2026_02_03_0000025_create_categories_table',1),(7,'2026_02_03_000002_create_programs_table',1),(8,'2026_02_03_000003_create_products_table',1),(9,'2026_02_03_000004_create_articles_table',1),(10,'2026_02_03_000007_create_gym_locations_table',1),(11,'2026_02_03_000008_create_bookings_table',1),(12,'2026_02_03_000009_create_contact_requests_table',1),(13,'2026_02_03_000010_create_reviews_table',1),(14,'2026_02_04_000011_add_is_admin_to_users_table',1),(15,'2026_02_04_000020_create_orders_table',1),(16,'2026_02_04_000021_create_order_items_table',1),(17,'2026_02_05_000012_create_categories_tags_carts_payments_workouts_tables',1),(18,'2026_02_09_042141_add_slug_to_categories_table',1),(19,'2026_03_03_013100_add_payment_status_and_currency_to_orders_table',1),(20,'2026_03_16_072223_add_2fa_to_users_table',1),(21,'2026_03_16_080333_add_instagram_to_trainers_table',1),(22,'2026_03_16_115248_add_ban_to_users_table',1),(23,'2026_04_07_000000_add_age_and_phone_to_trainers_table',1),(24,'2026_04_07_000001_create_trainer_schedules_table',1),(25,'2026_06_12_000001_create_program_progresses_table',1),(26,'2026_06_12_000003_make_programs_free_and_add_program_plans',1),(27,'2026_06_12_010000_upgrade_articles_for_journal',1),(28,'2026_06_12_020000_create_monetization_foundation',1),(29,'2026_06_12_120000_upgrade_shop_experience',1),(30,'2026_06_12_130000_repair_shop_stage2_schema',1),(31,'2026_06_12_140000_fix_product_reviews',1),(32,'2026_06_12_150000_create_content_recommendations_table',1),(33,'2026_06_12_160000_create_notifications_and_activity_events',1),(34,'2026_06_13_230000_repair_shop_demo_schema',1),(35,'2026_06_13_235500_repair_notifications_schema',1),(36,'2026_06_14_000001_create_muscles_table',2),(37,'2026_06_14_000002_create_exercises_table',2),(38,'2026_06_14_000003_create_exercise_muscle_table',2),(39,'2026_06_14_090000_repair_bookings_for_account_dashboard',2),(40,'2026_06_14_170000_upgrade_gym_locations_for_home',2),(41,'2026_06_14_220000_add_avatar_url_to_users_table',3),(42,'2026_06_17_230000_dedupe_payment_notifications',4),(43,'2026_06_18_000000_seed_trainer_services_for_all_trainers',4),(44,'2026_06_18_010000_seed_trainer_schedules_and_services',4),(45,'2026_06_18_030000_repair_editable_trainer_services',4),(46,'2026_06_18_050000_repair_account_security',5);
/*!40000 ALTER TABLE `migrations` ENABLE KEYS */;
UNLOCK TABLES;

--
-- Table structure for table `muscles`
--

DROP TABLE IF EXISTS `muscles`;
/*!40101 SET @saved_cs_client     = @@character_set_client */;
/*!50503 SET character_set_client = utf8mb4 */;
CREATE TABLE `muscles` (
  `id` bigint unsigned NOT NULL AUTO_INCREMENT,
  `slug` varchar(255) COLLATE utf8mb4_unicode_ci NOT NULL,
  `name` varchar(255) COLLATE utf8mb4_unicode_ci NOT NULL,
  `latin_name` varchar(255) COLLATE utf8mb4_unicode_ci DEFAULT NULL,
  `description` text COLLATE utf8mb4_unicode_ci,
  `function` text COLLATE utf8mb4_unicode_ci,
  `how_to_grow` text COLLATE utf8mb4_unicode_ci,
  `body_side` enum('front','back','both') COLLATE utf8mb4_unicode_ci NOT NULL DEFAULT 'front',
  `created_at` timestamp NULL DEFAULT NULL,
  `updated_at` timestamp NULL DEFAULT NULL,
  PRIMARY KEY (`id`),
  UNIQUE KEY `muscles_slug_unique` (`slug`)
) ENGINE=InnoDB AUTO_INCREMENT=15 DEFAULT CHARSET=utf8mb4 COLLATE=utf8mb4_unicode_ci;
/*!40101 SET character_set_client = @saved_cs_client */;

--
-- Dumping data for table `muscles`
--

LOCK TABLES `muscles` WRITE;
/*!40000 ALTER TABLE `muscles` DISABLE KEYS */;
INSERT INTO `muscles` VALUES (1,'chest','Грудные мышцы','Pectoralis major','Грудные мышцы участвуют в жимовых движениях, приведении рук к корпусу и формируют сильный верх тела.','Приведение руки, сгибание плеча, горизонтальное сведение рук и жимовые движения.','Для роста грудных мышц нужны жимовые движения под разными углами, прогрессия нагрузки, контроль техники и стабильные лопатки.','front','2026-06-14 05:03:56','2026-06-14 05:03:56'),(2,'shoulders','Плечи / дельты','Deltoideus','Дельтовидные мышцы формируют плечевой пояс и помогают контролировать руку в разных плоскостях.','Отведение, сгибание и разгибание плеча, стабилизация плечевого сустава.','Комбинируйте жимы, махи в стороны, заднюю дельту и упражнения для стабильности лопаток.','both','2026-06-14 05:03:56','2026-06-14 05:03:56'),(3,'biceps','Бицепс','Biceps brachii','Бицепс сгибает руку в локте и участвует в супинации предплечья.','Сгибание локтя, супинация предплечья и помощь в тяговых движениях.','Используйте сгибания со штангой и гантелями, нейтральный хват и контролируемую негативную фазу.','front','2026-06-14 05:03:56','2026-06-14 05:03:56'),(4,'triceps','Трицепс','Triceps brachii','Трицепс разгибает руку в локте и сильно влияет на жимовые движения.','Разгибание локтя, стабилизация плеча и помощь во всех жимах.','Комбинируйте разгибания на блоке, французский жим, брусья и жим узким хватом.','back','2026-06-14 05:03:56','2026-06-14 05:03:56'),(5,'forearms','Предплечья','Antebrachium','Предплечья отвечают за хват, контроль кисти и устойчивость в тягах.','Сгибание и разгибание кисти, удержание веса и стабилизация хвата.','Развивайте хват через фермерскую прогулку, висы, сгибания кистей и удержания веса.','both','2026-06-14 05:03:56','2026-06-14 05:03:56'),(6,'abs','Пресс','Rectus abdominis','Прямая мышца живота помогает сгибать корпус и стабилизировать позвоночник.','Сгибание корпуса, стабилизация таза и контроль корпуса в базовых упражнениях.','Сочетайте скручивания, подъёмы ног, планки и прогрессию нагрузки без рывков поясницей.','front','2026-06-14 05:03:56','2026-06-14 05:03:56'),(7,'obliques','Косые мышцы живота','Obliquus externus et internus abdominis','Косые мышцы помогают поворачивать корпус и защищают поясницу при движениях.','Ротация и боковое сгибание корпуса, анти-ротационная стабилизация.','Используйте боковые планки, Pallof press, контролируемые повороты и переносы веса.','front','2026-06-14 05:03:56','2026-06-14 05:03:56'),(8,'lats','Широчайшие мышцы спины','Latissimus dorsi','Широчайшие формируют силу тяговых движений и V-образный силуэт.','Приведение плеча, разгибание плеча и тяга руки к корпусу.','Основа — подтягивания, тяги верхнего блока, горизонтальные тяги и контроль лопаток.','back','2026-06-14 05:03:56','2026-06-14 05:03:56'),(9,'traps','Трапеции','Trapezius','Трапеции стабилизируют лопатки, шею и верх спины.','Подъём, опускание и приведение лопаток, стабилизация плечевого пояса.','Шраги, тяги, face pull и контроль осанки помогают развить верх спины без перегруза шеи.','back','2026-06-14 05:03:56','2026-06-14 05:03:56'),(10,'lower_back','Поясница','Erector spinae','Разгибатели позвоночника помогают держать корпус и безопасно выполнять тяги.','Разгибание позвоночника, стабилизация корпуса, удержание нейтральной спины.','Начинайте с гиперэкстензии и bird-dog, затем добавляйте тяги с идеальной техникой.','back','2026-06-14 05:03:56','2026-06-14 05:03:56'),(11,'glutes','Ягодицы','Gluteus maximus / medius','Ягодичные мышцы отвечают за разгибание бедра, стабильность таза и силу нижней части тела.','Разгибание и отведение бедра, стабилизация таза, мощность в приседаниях и тягах.','Используйте хип-траст, ягодичный мост, выпады и румынскую тягу с прогрессией нагрузки.','back','2026-06-14 05:03:56','2026-06-14 05:03:56'),(12,'quads','Квадрицепсы','Quadriceps femoris','Квадрицепсы разгибают колено и дают силу в приседаниях, выпадах и жиме ногами.','Разгибание колена, стабилизация коленного сустава, работа в приседаниях.','Приседайте в контролируемой амплитуде, добавляйте жим ногами, выпады и разгибания ног.','front','2026-06-14 05:03:56','2026-06-14 05:03:56'),(13,'hamstrings','Бицепс бедра','Hamstrings','Задняя поверхность бедра сгибает колено и помогает разгибать бедро.','Сгибание колена, разгибание бедра и стабилизация таза.','Добавьте румынскую тягу, сгибания ног, становую на прямых ногах и гиперэкстензию.','back','2026-06-14 05:03:56','2026-06-14 05:03:56'),(14,'calves','Икры','Gastrocnemius / Soleus','Икроножные и камбаловидные мышцы отвечают за подъём на носки, прыжки и устойчивую походку.','Подошвенное сгибание стопы, стабилизация голеностопа, работа при беге и ходьбе.','Тренируйте икры стоя и сидя, меняйте темп, делайте паузу в верхней точке и растяжение внизу.','both','2026-06-14 05:03:56','2026-06-14 05:03:56');
/*!40000 ALTER TABLE `muscles` ENABLE KEYS */;
UNLOCK TABLES;

--
-- Table structure for table `order_items`
--

DROP TABLE IF EXISTS `order_items`;
/*!40101 SET @saved_cs_client     = @@character_set_client */;
/*!50503 SET character_set_client = utf8mb4 */;
CREATE TABLE `order_items` (
  `id` bigint unsigned NOT NULL AUTO_INCREMENT,
  `order_id` bigint unsigned NOT NULL,
  `product_id` bigint unsigned NOT NULL,
  `product_variant_id` bigint unsigned DEFAULT NULL,
  `name` varchar(255) COLLATE utf8mb4_unicode_ci NOT NULL,
  `variant_name` varchar(255) COLLATE utf8mb4_unicode_ci DEFAULT NULL,
  `variant_options` json DEFAULT NULL,
  `sku` varchar(255) COLLATE utf8mb4_unicode_ci DEFAULT NULL,
  `image_url` varchar(255) COLLATE utf8mb4_unicode_ci DEFAULT NULL,
  `price` bigint unsigned NOT NULL,
  `quantity` int unsigned NOT NULL,
  `line_total` bigint unsigned NOT NULL,
  `created_at` timestamp NULL DEFAULT NULL,
  `updated_at` timestamp NULL DEFAULT NULL,
  PRIMARY KEY (`id`),
  KEY `order_items_product_id_foreign` (`product_id`),
  KEY `order_items_order_id_index` (`order_id`),
  KEY `order_items_product_variant_id_foreign` (`product_variant_id`),
  CONSTRAINT `order_items_order_id_foreign` FOREIGN KEY (`order_id`) REFERENCES `orders` (`id`) ON DELETE CASCADE,
  CONSTRAINT `order_items_product_id_foreign` FOREIGN KEY (`product_id`) REFERENCES `products` (`id`) ON DELETE RESTRICT,
  CONSTRAINT `order_items_product_variant_id_foreign` FOREIGN KEY (`product_variant_id`) REFERENCES `product_variants` (`id`) ON DELETE SET NULL
) ENGINE=InnoDB AUTO_INCREMENT=24 DEFAULT CHARSET=utf8mb4 COLLATE=utf8mb4_unicode_ci;
/*!40101 SET character_set_client = @saved_cs_client */;

--
-- Dumping data for table `order_items`
--

LOCK TABLES `order_items` WRITE;
/*!40000 ALTER TABLE `order_items` DISABLE KEYS */;
INSERT INTO `order_items` VALUES (1,1,1,1,'Сывороточный протеин Pro','Шоколад · 900 г','{\"Вкус\": \"Шоколад\", \"Объём\": \"900 г\"}','NF-WHEY-CHO-900','/demo/products/nutrition.svg',249000,1,249000,'2026-06-13 23:29:45','2026-06-13 23:29:45'),(2,1,5,10,'Магний Recovery','60 капсул','{\"Объём\": \"60 капсул\"}','NF-MAG-60','/demo/products/recovery.svg',89000,2,178000,'2026-06-13 23:29:45','2026-06-13 23:29:45'),(3,2,2,4,'Креатин моногидрат','300 г','{\"Объём\": \"300 г\"}','NF-CREATINE-300','/demo/products/nutrition.svg',129000,1,129000,'2026-06-13 23:29:45','2026-06-13 23:29:45'),(4,2,6,11,'Массажный ролл','Чёрный','{\"Цвет\": \"Чёрный\"}','NF-ROLLER-BLACK','/demo/products/recovery.svg',169000,2,338000,'2026-06-13 23:29:45','2026-06-13 23:29:45'),(5,3,3,6,'Протеиновые батончики, 12 шт.','Шоколад','{\"Вкус\": \"Шоколад\"}','NF-BARS-CHO','/demo/products/nutrition.svg',169000,1,169000,'2026-06-13 23:29:45','2026-06-13 23:29:45'),(6,3,7,13,'Массажный пистолет Mini','Графит','{\"Цвет\": \"Графит\"}','NF-GUN-GRAPH','/demo/products/recovery.svg',599000,2,1198000,'2026-06-13 23:29:45','2026-06-13 23:29:45'),(7,4,4,8,'Предтренировочный комплекс Focus','Цитрус · 250 г','{\"Вкус\": \"Цитрус\", \"Объём\": \"250 г\"}','NF-PRE-CIT-250','/demo/products/nutrition.svg',189000,1,189000,'2026-06-13 23:29:45','2026-06-13 23:29:45'),(8,4,8,14,'Набор фитнес-резинок','Light','{\"Сопротивление\": \"Light\"}','NF-BANDS-LIGHT','/demo/products/equipment.svg',149000,2,298000,'2026-06-13 23:29:45','2026-06-13 23:29:45'),(9,5,5,10,'Магний Recovery','60 капсул','{\"Объём\": \"60 капсул\"}','NF-MAG-60','/demo/products/recovery.svg',89000,1,89000,'2026-06-13 23:29:45','2026-06-13 23:29:45'),(10,5,9,17,'Разборная гантель','10 кг','{\"Вес\": \"10 кг\"}','NF-DUMB-10','/demo/products/equipment.svg',449000,2,898000,'2026-06-13 23:29:45','2026-06-13 23:29:45'),(11,6,6,11,'Массажный ролл','Чёрный','{\"Цвет\": \"Чёрный\"}','NF-ROLLER-BLACK','/demo/products/recovery.svg',169000,1,169000,'2026-06-13 23:29:45','2026-06-13 23:29:45'),(12,6,10,19,'Гиря для дома','6 кг','{\"Вес\": \"6 кг\"}','NF-KETTLE-6','/demo/products/equipment.svg',249000,2,498000,'2026-06-13 23:29:45','2026-06-13 23:29:45'),(13,7,6,11,'Массажный ролл','Чёрный','{\"Цвет\": \"Чёрный\"}','NF-ROLLER-BLACK','/demo/products/recovery.svg',169000,1,169000,'2026-06-13 23:37:05','2026-06-13 23:37:05'),(14,8,6,11,'Массажный ролл','Чёрный','{\"Цвет\": \"Чёрный\"}','NF-ROLLER-BLACK','/demo/products/recovery.svg',169000,1,169000,'2026-06-14 00:11:44','2026-06-14 00:11:44'),(15,9,25,51,'Коврик для йоги','Charcoal 6 мм','{\"color\": \"Charcoal\", \"thickness\": \"6 мм\"}','NF-YOGA-CHARCOAL-6MM','/seed-images/products/kovrik-dlya-yogi/lifestyle.webp',249000,1,249000,'2026-06-14 08:03:01','2026-06-14 08:03:01'),(16,10,25,50,'Коврик для йоги','Sage 6 мм','{\"color\": \"Sage\", \"thickness\": \"6 мм\"}','NF-YOGA-SAGE-6MM','/seed-images/products/kovrik-dlya-yogi/main.webp',249000,1,249000,'2026-06-14 09:00:16','2026-06-14 09:00:16'),(17,11,24,48,'Резиновый эспандер','5 уровней сопротивления','{\"levels\": \"10/20/30/40/50 lbs\"}','NF-BANDS-5LEVELS','/seed-images/products/rezinovyy-espander/main.webp',99000,1,99000,'2026-06-16 06:29:29','2026-06-16 06:29:29'),(18,11,25,51,'Коврик для йоги','Charcoal 6 мм','{\"color\": \"Charcoal\", \"thickness\": \"6 мм\"}','NF-YOGA-CHARCOAL-6MM','/seed-images/products/kovrik-dlya-yogi/lifestyle.webp',249000,1,249000,'2026-06-16 06:29:29','2026-06-16 06:29:29'),(19,12,17,35,'Whey Protein Gold Standard','Vanilla 2 кг','{\"size\": \"2 кг\", \"flavor\": \"Vanilla\"}','NF-WHEY-GS-VAN-2KG','/seed-images/products/whey-protein-gold-standard/variant-vanilla-2kg.webp',799000,2,1598000,'2026-06-17 17:15:47','2026-06-17 17:15:47'),(20,13,25,50,'Коврик для йоги','Sage 6 мм','{\"color\": \"Sage\", \"thickness\": \"6 мм\"}','NF-YOGA-SAGE-6MM','/seed-images/products/kovrik-dlya-yogi/main.webp',249000,1,249000,'2026-06-17 19:02:36','2026-06-17 19:02:36'),(21,14,25,50,'Коврик для йоги','Sage 6 мм','{\"color\": \"Sage\", \"thickness\": \"6 мм\"}','NF-YOGA-SAGE-6MM','/seed-images/products/kovrik-dlya-yogi/main.webp',249000,1,249000,'2026-06-17 19:03:28','2026-06-17 19:03:28'),(22,15,24,48,'Резиновый эспандер','5 уровней сопротивления','{\"levels\": \"10/20/30/40/50 lbs\"}','NF-BANDS-5LEVELS','/seed-images/products/rezinovyy-espander/main.webp',99000,1,99000,'2026-06-17 19:41:32','2026-06-17 19:41:32'),(23,16,23,46,'Multivitamin Sport','90 tablets','{\"count\": \"90 tablets\"}','NF-MULTI-90T','/seed-images/products/multivitamin-sport/main.webp',179000,1,179000,'2026-06-17 20:03:30','2026-06-17 20:03:30');
/*!40000 ALTER TABLE `order_items` ENABLE KEYS */;
UNLOCK TABLES;

--
-- Table structure for table `orders`
--

DROP TABLE IF EXISTS `orders`;
/*!40101 SET @saved_cs_client     = @@character_set_client */;
/*!50503 SET character_set_client = utf8mb4 */;
CREATE TABLE `orders` (
  `id` bigint unsigned NOT NULL AUTO_INCREMENT,
  `user_id` bigint unsigned DEFAULT NULL,
  `status` varchar(32) COLLATE utf8mb4_unicode_ci NOT NULL DEFAULT 'new',
  `payment_status` varchar(32) COLLATE utf8mb4_unicode_ci NOT NULL DEFAULT 'pending',
  `currency` varchar(3) COLLATE utf8mb4_unicode_ci NOT NULL DEFAULT 'RUB',
  `items_count` int unsigned NOT NULL DEFAULT '0',
  `subtotal` bigint unsigned NOT NULL DEFAULT '0',
  `discount` bigint unsigned NOT NULL DEFAULT '0',
  `delivery` bigint unsigned NOT NULL DEFAULT '0',
  `delivery_method` varchar(32) COLLATE utf8mb4_unicode_ci NOT NULL DEFAULT 'pickup',
  `pickup_location` varchar(255) COLLATE utf8mb4_unicode_ci DEFAULT NULL,
  `total` bigint unsigned NOT NULL DEFAULT '0',
  `customer_name` varchar(255) COLLATE utf8mb4_unicode_ci DEFAULT NULL,
  `customer_phone` varchar(255) COLLATE utf8mb4_unicode_ci DEFAULT NULL,
  `customer_email` varchar(255) COLLATE utf8mb4_unicode_ci DEFAULT NULL,
  `address_line` varchar(255) COLLATE utf8mb4_unicode_ci DEFAULT NULL,
  `city` varchar(255) COLLATE utf8mb4_unicode_ci DEFAULT NULL,
  `postal_code` varchar(255) COLLATE utf8mb4_unicode_ci DEFAULT NULL,
  `comment` text COLLATE utf8mb4_unicode_ci,
  `promo_code_id` bigint unsigned DEFAULT NULL,
  `promotion_id` bigint unsigned DEFAULT NULL,
  `created_at` timestamp NULL DEFAULT NULL,
  `updated_at` timestamp NULL DEFAULT NULL,
  `delivery_price` decimal(10,2) NOT NULL DEFAULT '0.00',
  `recipient_name` varchar(255) COLLATE utf8mb4_unicode_ci DEFAULT NULL,
  `phone` varchar(60) COLLATE utf8mb4_unicode_ci DEFAULT NULL,
  PRIMARY KEY (`id`),
  KEY `orders_user_id_foreign` (`user_id`),
  KEY `orders_payment_status_index` (`payment_status`),
  KEY `orders_promo_code_id_foreign` (`promo_code_id`),
  KEY `orders_promotion_id_foreign` (`promotion_id`),
  CONSTRAINT `orders_promo_code_id_foreign` FOREIGN KEY (`promo_code_id`) REFERENCES `promo_codes` (`id`) ON DELETE SET NULL,
  CONSTRAINT `orders_promotion_id_foreign` FOREIGN KEY (`promotion_id`) REFERENCES `promotions` (`id`) ON DELETE SET NULL,
  CONSTRAINT `orders_user_id_foreign` FOREIGN KEY (`user_id`) REFERENCES `users` (`id`) ON DELETE SET NULL
) ENGINE=InnoDB AUTO_INCREMENT=17 DEFAULT CHARSET=utf8mb4 COLLATE=utf8mb4_unicode_ci;
/*!40101 SET character_set_client = @saved_cs_client */;

--
-- Dumping data for table `orders`
--

LOCK TABLES `orders` WRITE;
/*!40000 ALTER TABLE `orders` DISABLE KEYS */;
INSERT INTO `orders` VALUES (1,9,'completed','paid','RUB',3,427000,35000,0,'pickup','НашФит Центр',392000,'Мария Соколова','+79990002001','demo.user1@nashfit.local',NULL,'Москва','101000','Демонстрационный заказ НашФит #1',NULL,NULL,'2026-06-13 23:29:45','2026-06-13 23:29:45',0.00,NULL,NULL),(2,10,'processing','paid','RUB',3,467000,0,39000,'delivery',NULL,506000,'Алексей Миронов','+79990002002','demo.user2@nashfit.local','ул. Демонстрационная, 11','Москва','101000','Демонстрационный заказ НашФит #2',NULL,NULL,'2026-06-13 23:29:45','2026-06-13 23:29:45',0.00,NULL,NULL),(3,11,'paid','paid','RUB',3,1367000,35000,0,'pickup','НашФит Центр',1332000,'Ольга Никитина','+79990002003','demo.user3@nashfit.local',NULL,'Москва','101000','Демонстрационный заказ НашФит #3',NULL,NULL,'2026-06-13 23:29:45','2026-06-13 23:29:45',0.00,NULL,NULL),(4,12,'completed','paid','RUB',3,487000,0,39000,'delivery',NULL,526000,'Сергей Петров','+79990002004','demo.user4@nashfit.local','ул. Демонстрационная, 13','Москва','101000','Демонстрационный заказ НашФит #4',NULL,NULL,'2026-06-13 23:29:45','2026-06-13 23:29:45',0.00,NULL,NULL),(5,13,'processing','paid','RUB',3,987000,35000,0,'pickup','НашФит Центр',952000,'Дарья Крылова','+79990002005','demo.user5@nashfit.local',NULL,'Москва','101000','Демонстрационный заказ НашФит #5',NULL,NULL,'2026-06-13 23:29:45','2026-06-13 23:29:45',0.00,NULL,NULL),(6,14,'paid','paid','RUB',3,667000,0,39000,'delivery',NULL,706000,'Никита Власов','+79990002006','demo.user6@nashfit.local','ул. Демонстрационная, 15','Москва','101000','Демонстрационный заказ НашФит #6',NULL,NULL,'2026-06-13 23:29:45','2026-06-13 23:29:45',0.00,NULL,NULL),(7,15,'paid','paid','RUB',1,169000,0,0,'pickup','Фитнес-клуб «НашФит»',169000,'Дэк','+72345678921','ahmetzanov.samat@yandex.ru',NULL,NULL,NULL,NULL,NULL,NULL,'2026-06-13 23:37:05','2026-06-13 23:37:06',0.00,NULL,NULL),(8,15,'paid','paid','RUB',1,169000,0,0,'pickup','Фитнес-клуб «НашФит»',169000,'Дэк','+72345678921','ahmetzanov.samat@yandex.ru',NULL,NULL,NULL,NULL,NULL,NULL,'2026-06-14 00:11:44','2026-06-14 00:11:45',0.00,NULL,NULL),(9,22,'paid','paid','RUB',1,249000,0,0,'pickup','Фитнес-клуб «НашФит»',249000,'Дэк','+71234567890','ahmetzanov.samat1@yandex.ru',NULL,NULL,NULL,NULL,NULL,NULL,'2026-06-14 08:03:01','2026-06-14 08:03:04',0.00,NULL,NULL),(10,22,'paid','paid','RUB',1,249000,0,0,'pickup','Фитнес-клуб «НашФит»',249000,'Дэк','+71234567890','ahmetzanov.samat1@yandex.ru',NULL,NULL,NULL,NULL,NULL,NULL,'2026-06-14 09:00:16','2026-06-14 09:00:17',0.00,NULL,NULL),(11,15,'completed','paid','RUB',2,348000,0,0,'pickup','Фитнес-клуб «НашФит»',348000,'Дэк','+72345678921','ahmetzanov.samat@yandex.ru',NULL,NULL,NULL,NULL,NULL,NULL,'2026-06-16 06:29:29','2026-06-17 16:40:47',0.00,NULL,NULL),(12,26,'paid','paid','RUB',2,1598000,0,0,'pickup','Фитнес-клуб «НашФит»',1598000,'Александр Администраторов','+79990000001','admin@nashfit.local',NULL,NULL,NULL,NULL,NULL,NULL,'2026-06-17 17:15:47','2026-06-17 17:15:54',0.00,NULL,NULL),(13,26,'paid','paid','RUB',1,249000,0,0,'pickup','Фитнес-клуб «НашФит»',249000,'Александр Администраторов','+79990000001','admin@nashfit.local',NULL,NULL,NULL,NULL,NULL,NULL,'2026-06-17 19:02:36','2026-06-17 19:02:52',0.00,NULL,NULL),(14,26,'paid','paid','RUB',1,249000,0,0,'pickup','Фитнес-клуб «НашФит»',249000,'Александр Администраторов','+79990000001','admin@nashfit.local',NULL,NULL,NULL,NULL,NULL,NULL,'2026-06-17 19:03:28','2026-06-17 19:03:47',0.00,NULL,NULL),(15,26,'paid','paid','RUB',1,99000,0,0,'pickup','Фитнес-клуб «НашФит»',99000,'Александр Администраторов','+79990000001','admin@nashfit.local',NULL,NULL,NULL,NULL,NULL,NULL,'2026-06-17 19:41:32','2026-06-17 19:41:46',0.00,NULL,NULL),(16,1,'paid','paid','RUB',1,179000,0,0,'pickup','Фитнес-клуб «НашФит»',179000,'Анна Волкова','+79990001001','demo.trainer1@nashfit.local',NULL,NULL,NULL,NULL,NULL,NULL,'2026-06-17 20:03:30','2026-06-17 20:03:57',0.00,NULL,NULL);
/*!40000 ALTER TABLE `orders` ENABLE KEYS */;
UNLOCK TABLES;

--
-- Table structure for table `password_reset_tokens`
--

DROP TABLE IF EXISTS `password_reset_tokens`;
/*!40101 SET @saved_cs_client     = @@character_set_client */;
/*!50503 SET character_set_client = utf8mb4 */;
CREATE TABLE `password_reset_tokens` (
  `email` varchar(255) COLLATE utf8mb4_unicode_ci NOT NULL,
  `token` varchar(255) COLLATE utf8mb4_unicode_ci NOT NULL,
  `created_at` timestamp NULL DEFAULT NULL,
  PRIMARY KEY (`email`)
) ENGINE=InnoDB DEFAULT CHARSET=utf8mb4 COLLATE=utf8mb4_unicode_ci;
/*!40101 SET character_set_client = @saved_cs_client */;

--
-- Dumping data for table `password_reset_tokens`
--

LOCK TABLES `password_reset_tokens` WRITE;
/*!40000 ALTER TABLE `password_reset_tokens` DISABLE KEYS */;
/*!40000 ALTER TABLE `password_reset_tokens` ENABLE KEYS */;
UNLOCK TABLES;

--
-- Table structure for table `payment_intents`
--

DROP TABLE IF EXISTS `payment_intents`;
/*!40101 SET @saved_cs_client     = @@character_set_client */;
/*!50503 SET character_set_client = utf8mb4 */;
CREATE TABLE `payment_intents` (
  `id` bigint unsigned NOT NULL AUTO_INCREMENT,
  `order_id` bigint unsigned NOT NULL,
  `provider` varchar(255) COLLATE utf8mb4_unicode_ci NOT NULL DEFAULT 'mock_provider',
  `status` varchar(255) COLLATE utf8mb4_unicode_ci NOT NULL DEFAULT 'pending',
  `client_secret` varchar(255) COLLATE utf8mb4_unicode_ci NOT NULL,
  `idempotency_key` varchar(255) COLLATE utf8mb4_unicode_ci DEFAULT NULL,
  `confirmed_at` timestamp NULL DEFAULT NULL,
  `created_at` timestamp NULL DEFAULT NULL,
  `updated_at` timestamp NULL DEFAULT NULL,
  PRIMARY KEY (`id`),
  UNIQUE KEY `payment_intents_client_secret_unique` (`client_secret`),
  KEY `payment_intents_order_id_foreign` (`order_id`),
  KEY `payment_intents_status_index` (`status`),
  KEY `payment_intents_idempotency_key_index` (`idempotency_key`),
  CONSTRAINT `payment_intents_order_id_foreign` FOREIGN KEY (`order_id`) REFERENCES `orders` (`id`) ON DELETE CASCADE
) ENGINE=InnoDB DEFAULT CHARSET=utf8mb4 COLLATE=utf8mb4_unicode_ci;
/*!40101 SET character_set_client = @saved_cs_client */;

--
-- Dumping data for table `payment_intents`
--

LOCK TABLES `payment_intents` WRITE;
/*!40000 ALTER TABLE `payment_intents` DISABLE KEYS */;
/*!40000 ALTER TABLE `payment_intents` ENABLE KEYS */;
UNLOCK TABLES;

--
-- Table structure for table `payments`
--

DROP TABLE IF EXISTS `payments`;
/*!40101 SET @saved_cs_client     = @@character_set_client */;
/*!50503 SET character_set_client = utf8mb4 */;
CREATE TABLE `payments` (
  `id` bigint unsigned NOT NULL AUTO_INCREMENT,
  `user_id` bigint unsigned DEFAULT NULL,
  `payable_type` varchar(255) COLLATE utf8mb4_unicode_ci DEFAULT NULL,
  `payable_id` bigint unsigned DEFAULT NULL,
  `provider` varchar(255) COLLATE utf8mb4_unicode_ci NOT NULL DEFAULT 'mock',
  `status` varchar(255) COLLATE utf8mb4_unicode_ci NOT NULL DEFAULT 'pending',
  `amount` bigint unsigned NOT NULL DEFAULT '0',
  `currency` varchar(3) COLLATE utf8mb4_unicode_ci NOT NULL DEFAULT 'RUB',
  `external_id` varchar(255) COLLATE utf8mb4_unicode_ci DEFAULT NULL,
  `idempotency_key` varchar(255) COLLATE utf8mb4_unicode_ci DEFAULT NULL,
  `metadata` json DEFAULT NULL,
  `paid_at` timestamp NULL DEFAULT NULL,
  `failed_at` timestamp NULL DEFAULT NULL,
  `created_at` timestamp NULL DEFAULT NULL,
  `updated_at` timestamp NULL DEFAULT NULL,
  PRIMARY KEY (`id`),
  UNIQUE KEY `payments_external_id_unique` (`external_id`),
  KEY `payments_user_id_foreign` (`user_id`),
  KEY `payments_payable_type_payable_id_index` (`payable_type`,`payable_id`),
  KEY `payments_status_index` (`status`),
  KEY `payments_idempotency_key_index` (`idempotency_key`),
  CONSTRAINT `payments_user_id_foreign` FOREIGN KEY (`user_id`) REFERENCES `users` (`id`) ON DELETE SET NULL
) ENGINE=InnoDB AUTO_INCREMENT=28 DEFAULT CHARSET=utf8mb4 COLLATE=utf8mb4_unicode_ci;
/*!40101 SET character_set_client = @saved_cs_client */;

--
-- Dumping data for table `payments`
--

LOCK TABLES `payments` WRITE;
/*!40000 ALTER TABLE `payments` DISABLE KEYS */;
INSERT INTO `payments` VALUES (1,9,'App\\Models\\Order',1,'mock','paid',392000,'RUB','demo-order-1',NULL,'{\"demo\": true}','2026-06-14 08:07:14',NULL,'2026-06-13 23:29:45','2026-06-14 08:07:14'),(2,10,'App\\Models\\Order',2,'mock','paid',506000,'RUB','demo-order-2',NULL,'{\"demo\": true}','2026-06-14 08:07:14',NULL,'2026-06-13 23:29:45','2026-06-14 08:07:14'),(3,11,'App\\Models\\Order',3,'mock','paid',1332000,'RUB','demo-order-3',NULL,'{\"demo\": true}','2026-06-14 08:07:14',NULL,'2026-06-13 23:29:45','2026-06-14 08:07:14'),(4,12,'App\\Models\\Order',4,'mock','paid',526000,'RUB','demo-order-4',NULL,'{\"demo\": true}','2026-06-14 08:07:14',NULL,'2026-06-13 23:29:45','2026-06-14 08:07:14'),(5,13,'App\\Models\\Order',5,'mock','paid',952000,'RUB','demo-order-5',NULL,'{\"demo\": true}','2026-06-14 08:07:14',NULL,'2026-06-13 23:29:45','2026-06-14 08:07:14'),(6,14,'App\\Models\\Order',6,'mock','paid',706000,'RUB','demo-order-6',NULL,'{\"demo\": true}','2026-06-14 08:07:14',NULL,'2026-06-13 23:29:45','2026-06-14 08:07:14'),(7,15,'App\\Models\\UserMembership',5,'mock','paid',2455200,'RUB','mock_d4600498-6865-445b-b01b-69cffa8c3285','8c8ae9ef-2daa-4b38-a35a-2b8f22cda992','{\"kind\": \"membership\", \"mode\": \"demo\", \"last4\": \"4242\", \"cardholder\": \"ИВАН ИВАНОВ\", \"membership_id\": 5}','2026-06-14 00:59:51',NULL,'2026-06-13 23:32:59','2026-06-14 00:59:51'),(8,15,'App\\Models\\UserMembership',6,'mock','paid',4039200,'RUB','mock_a1543768-c4e4-4214-81cf-16462aec1f4e','0ca712a6-e7f6-4038-a2ec-8a0768cb6b2a','{\"kind\": \"membership\", \"mode\": \"demo\", \"last4\": \"4242\", \"cardholder\": \"ИВАН ИВАНОВ\", \"membership_id\": 6}','2026-06-13 23:35:14',NULL,'2026-06-13 23:34:48','2026-06-13 23:35:14'),(9,15,'App\\Models\\Order',7,'mock','paid',169000,'RUB','mock_4639d5fc-d986-4ed6-85fa-1ea7c59a4168','aa8ca39e-ebab-454d-b5c1-5512f5952c67','{\"kind\": \"store_order\", \"mode\": \"demo\", \"last4\": \"4242\", \"order_id\": 7, \"cardholder\": \"ИВАН ИВАНОВ\"}','2026-06-13 23:37:06',NULL,'2026-06-13 23:37:05','2026-06-13 23:37:06'),(10,15,'App\\Models\\Order',8,'mock','paid',169000,'RUB','mock_77a24f56-cc3e-4fd1-8262-35ea178d16c0','f6d2ec76-e97e-44d7-96a5-211e1bbd09fb','{\"kind\": \"store_order\", \"mode\": \"demo\", \"last4\": \"4242\", \"order_id\": 8, \"cardholder\": \"ИВАН ИВАНОВ\"}','2026-06-14 00:11:45',NULL,'2026-06-14 00:11:44','2026-06-14 00:11:45'),(11,15,'App\\Models\\Booking',7,'mock','paid',0,'RUB','mock_2d927415-e3d1-434a-98a5-242e621f51ee','zero_0d1fadfc-559f-423e-9f10-c15cd6b6c060','{\"kind\": \"trainer_booking\", \"service_id\": 45, \"trainer_id\": 12}','2026-06-14 00:12:28',NULL,'2026-06-14 00:12:28','2026-06-14 00:12:28'),(12,22,'App\\Models\\Booking',8,'mock','paid',250000,'RUB','mock_47d640cd-75ad-41ac-ab3b-721a40dc8a71','cf7da53b-7038-425f-ad52-f9080add6b1d','{\"kind\": \"trainer_booking\", \"mode\": \"demo\", \"last4\": \"4242\", \"cardholder\": \"ИВАН ИВАНОВ\", \"service_id\": 26, \"trainer_id\": 7}','2026-06-14 01:10:57',NULL,'2026-06-14 01:10:55','2026-06-14 01:10:57'),(13,22,'App\\Models\\Booking',9,'mock','paid',150000,'RUB','mock_48ea18fc-b1dd-4cf1-a56e-c9f197eb59a5','cfe19d41-0a1d-4177-9114-596e55b75a25','{\"kind\": \"trainer_booking\", \"mode\": \"demo\", \"last4\": \"4242\", \"cardholder\": \"ИВАН ИВАНОВ\", \"service_id\": 24, \"trainer_id\": 6}','2026-06-14 08:01:35',NULL,'2026-06-14 08:01:33','2026-06-14 08:01:35'),(14,22,'App\\Models\\UserMembership',9,'mock','paid',1487200,'RUB','mock_dc3ef4e9-d331-4afa-aa15-8e6f904be150','d8eb2586-38ea-410a-9b19-db4cc05a16ea','{\"kind\": \"membership\", \"mode\": \"demo\", \"last4\": \"4242\", \"cardholder\": \"ИВАН ИВАНОВ\", \"membership_id\": 4}','2026-06-14 08:02:39',NULL,'2026-06-14 08:02:37','2026-06-14 08:02:39'),(15,22,'App\\Models\\Order',9,'mock','paid',249000,'RUB','mock_eeb6de8d-aae4-4b9a-a66a-675a58b178a7','b10c66d1-9ce5-4264-a471-716f3e34560f','{\"kind\": \"store_order\", \"mode\": \"demo\", \"last4\": \"4242\", \"order_id\": 9, \"cardholder\": \"ИВАН ИВАНОВ\"}','2026-06-14 08:03:03',NULL,'2026-06-14 08:03:01','2026-06-14 08:03:03'),(16,22,'App\\Models\\Booking',10,'mock','paid',132000,'RUB','mock_92825365-5a0e-4767-9896-00103b6084b5','8801dee5-69b7-492b-baef-a666860b47a5','{\"kind\": \"trainer_booking\", \"mode\": \"demo\", \"last4\": \"4242\", \"cardholder\": \"ИВАН ИВАНОВ\", \"service_id\": 4, \"trainer_id\": 1}','2026-06-14 08:53:51',NULL,'2026-06-14 08:53:44','2026-06-14 08:53:51'),(17,22,'App\\Models\\Order',10,'mock','paid',249000,'RUB','mock_fead503c-fffd-4725-9eff-2fda608f2a43','5dda28db-7f90-4e15-9fe4-b6bf8844fbbe','{\"kind\": \"store_order\", \"mode\": \"demo\", \"last4\": \"4242\", \"order_id\": 10, \"cardholder\": \"ИВАН ИВАНОВ\"}','2026-06-14 09:00:17',NULL,'2026-06-14 09:00:16','2026-06-14 09:00:17'),(18,15,'App\\Models\\Booking',11,'mock','paid',0,'RUB','mock_98d4148e-2c19-4e17-8905-3125665be5da','zero_fc23d70d-6205-4a2f-be09-33d931cf0abb','{\"kind\": \"trainer_booking\", \"service_id\": 29, \"trainer_id\": 8}','2026-06-16 06:22:55',NULL,'2026-06-16 06:22:55','2026-06-16 06:22:55'),(19,15,'App\\Models\\Order',11,'mock','paid',348000,'RUB','mock_0a352152-fa88-4a5a-ac7b-7c037527e553','3874cb47-7a4a-45de-913d-89489265b94a','{\"kind\": \"store_order\", \"mode\": \"demo\", \"last4\": \"4242\", \"order_id\": 11, \"cardholder\": \"ИВАН ИВАНОВ\"}','2026-06-16 06:29:30',NULL,'2026-06-16 06:29:29','2026-06-16 06:29:30'),(20,26,'App\\Models\\Order',12,'mock','paid',1598000,'RUB','mock_ad9107a6-0172-4ded-a8a6-8c5170dad1d8','15f56f16-1cb1-4052-b77f-21e97514e66a','{\"kind\": \"store_order\", \"mode\": \"demo\", \"last4\": \"4242\", \"order_id\": 12, \"cardholder\": \"ИВАН ИВАНОВ\"}','2026-06-17 17:15:54',NULL,'2026-06-17 17:15:48','2026-06-17 17:15:54'),(21,26,'App\\Models\\Booking',12,'yookassa','paid',250000,'RUB','31c52cd3-000f-5000-8000-10445ec56ad1','yookassa_31c52cd3-000f-5000-8000-10445ec56ad1','{\"kind\": \"trainer_booking\", \"yookassa\": {\"paid\": true, \"status\": \"succeeded\", \"synced_at\": \"2026-06-17T22:02:03+00:00\", \"payment_id\": \"31c52cd3-000f-5000-8000-10445ec56ad1\", \"refundable\": true, \"confirmation_url\": \"https://yoomoney.ru/checkout/payments/v2/contract?orderId=31c52cd3-000f-5000-8000-10445ec56ad1\"}, \"service_id\": 46, \"trainer_id\": 12, \"yookassa_last_payload\": {\"id\": \"31c52cd3-000f-5000-8000-10445ec56ad1\", \"paid\": true, \"test\": true, \"amount\": {\"value\": \"2500.00\", \"currency\": \"RUB\"}, \"status\": \"succeeded\", \"metadata\": {\"user_id\": \"26\", \"payable_id\": \"12\", \"payable_type\": \"App\\\\Models\\\\Booking\", \"local_payment_id\": \"21\"}, \"recipient\": {\"account_id\": \"1387858\", \"gateway_id\": \"2761824\"}, \"created_at\": \"2026-06-17T22:00:51.097Z\", \"refundable\": true, \"captured_at\": \"2026-06-17T22:01:55.281Z\", \"description\": \"Персональная тренировка с Алиса Корнеева\", \"income_amount\": {\"value\": \"2412.50\", \"currency\": \"RUB\"}, \"payment_method\": {\"id\": \"31c52cd3-000f-5000-8000-10445ec56ad1\", \"type\": \"yoo_money\", \"saved\": false, \"title\": \"YooMoney wallet 410011758831136\", \"status\": \"inactive\", \"account_number\": \"410011758831136\"}, \"refunded_amount\": {\"value\": \"0.00\", \"currency\": \"RUB\"}}}','2026-06-17 19:02:03',NULL,'2026-06-17 19:00:38','2026-06-17 19:02:03'),(22,26,'App\\Models\\Order',13,'yookassa','paid',249000,'RUB','31c52d40-000f-5001-8000-1caef5bb72f8','yookassa_31c52d40-000f-5001-8000-1caef5bb72f8','{\"kind\": \"store_order\", \"order_id\": 13, \"yookassa\": {\"paid\": true, \"status\": \"succeeded\", \"synced_at\": \"2026-06-17T22:02:52+00:00\", \"payment_id\": \"31c52d40-000f-5001-8000-1caef5bb72f8\", \"refundable\": true, \"confirmation_url\": \"https://yoomoney.ru/checkout/payments/v2/contract?orderId=31c52d40-000f-5001-8000-1caef5bb72f8\"}, \"yookassa_last_payload\": {\"id\": \"31c52d40-000f-5001-8000-1caef5bb72f8\", \"paid\": true, \"test\": true, \"amount\": {\"value\": \"2490.00\", \"currency\": \"RUB\"}, \"status\": \"succeeded\", \"metadata\": {\"user_id\": \"26\", \"payable_id\": \"13\", \"payable_type\": \"App\\\\Models\\\\Order\", \"local_payment_id\": \"22\"}, \"recipient\": {\"account_id\": \"1387858\", \"gateway_id\": \"2761824\"}, \"created_at\": \"2026-06-17T22:02:40.992Z\", \"refundable\": true, \"captured_at\": \"2026-06-17T22:02:46.019Z\", \"description\": \"Заказ #13\", \"income_amount\": {\"value\": \"2402.85\", \"currency\": \"RUB\"}, \"payment_method\": {\"id\": \"31c52d40-000f-5001-8000-1caef5bb72f8\", \"type\": \"yoo_money\", \"saved\": false, \"title\": \"YooMoney wallet 410011758831136\", \"status\": \"inactive\", \"account_number\": \"410011758831136\"}, \"refunded_amount\": {\"value\": \"0.00\", \"currency\": \"RUB\"}}}','2026-06-17 19:02:52',NULL,'2026-06-17 19:02:36','2026-06-17 19:02:52'),(23,26,'App\\Models\\Order',14,'yookassa','paid',249000,'RUB','31c52d74-000f-5001-9000-183c3d2d7eae','yookassa_31c52d74-000f-5001-9000-183c3d2d7eae','{\"kind\": \"store_order\", \"order_id\": 14, \"yookassa\": {\"paid\": true, \"status\": \"succeeded\", \"synced_at\": \"2026-06-17T22:03:47+00:00\", \"payment_id\": \"31c52d74-000f-5001-9000-183c3d2d7eae\", \"refundable\": true, \"confirmation_url\": \"https://yoomoney.ru/checkout/payments/v2/contract?orderId=31c52d74-000f-5001-9000-183c3d2d7eae\"}, \"yookassa_last_payload\": {\"id\": \"31c52d74-000f-5001-9000-183c3d2d7eae\", \"paid\": true, \"test\": true, \"amount\": {\"value\": \"2490.00\", \"currency\": \"RUB\"}, \"status\": \"succeeded\", \"metadata\": {\"user_id\": \"26\", \"payable_id\": \"14\", \"payable_type\": \"App\\\\Models\\\\Order\", \"local_payment_id\": \"23\"}, \"recipient\": {\"account_id\": \"1387858\", \"gateway_id\": \"2761824\"}, \"created_at\": \"2026-06-17T22:03:32.594Z\", \"refundable\": true, \"captured_at\": \"2026-06-17T22:03:38.571Z\", \"description\": \"Заказ #14\", \"income_amount\": {\"value\": \"2402.85\", \"currency\": \"RUB\"}, \"payment_method\": {\"id\": \"31c52d74-000f-5001-9000-183c3d2d7eae\", \"type\": \"yoo_money\", \"saved\": false, \"title\": \"YooMoney wallet 410011758831136\", \"status\": \"inactive\", \"account_number\": \"410011758831136\"}, \"refunded_amount\": {\"value\": \"0.00\", \"currency\": \"RUB\"}}}','2026-06-17 19:03:47',NULL,'2026-06-17 19:03:28','2026-06-17 19:03:47'),(24,26,'App\\Models\\Order',15,'yookassa','paid',99000,'RUB','31c5365f-000f-5000-b000-1903630e9c83','yookassa_31c5365f-000f-5000-b000-1903630e9c83','{\"kind\": \"store_order\", \"order_id\": 15, \"yookassa\": {\"paid\": true, \"status\": \"succeeded\", \"synced_at\": \"2026-06-17T22:41:48+00:00\", \"payment_id\": \"31c5365f-000f-5000-b000-1903630e9c83\", \"refundable\": true, \"confirmation_url\": \"https://yoomoney.ru/checkout/payments/v2/contract?orderId=31c5365f-000f-5000-b000-1903630e9c83\"}, \"yookassa_last_payload\": {\"id\": \"31c5365f-000f-5000-b000-1903630e9c83\", \"paid\": true, \"test\": true, \"amount\": {\"value\": \"990.00\", \"currency\": \"RUB\"}, \"status\": \"succeeded\", \"metadata\": {\"user_id\": \"26\", \"payable_id\": \"15\", \"payable_type\": \"App\\\\Models\\\\Order\", \"local_payment_id\": \"24\"}, \"recipient\": {\"account_id\": \"1387858\", \"gateway_id\": \"2761824\"}, \"created_at\": \"2026-06-17T22:41:35.749Z\", \"refundable\": true, \"captured_at\": \"2026-06-17T22:41:41.586Z\", \"description\": \"Заказ #15\", \"income_amount\": {\"value\": \"955.35\", \"currency\": \"RUB\"}, \"payment_method\": {\"id\": \"31c5365f-000f-5000-b000-1903630e9c83\", \"type\": \"yoo_money\", \"saved\": false, \"title\": \"YooMoney wallet 410011758831136\", \"status\": \"inactive\", \"account_number\": \"410011758831136\"}, \"refunded_amount\": {\"value\": \"0.00\", \"currency\": \"RUB\"}}}','2026-06-17 19:41:48',NULL,'2026-06-17 19:41:32','2026-06-17 19:41:48'),(25,1,'App\\Models\\Order',16,'yookassa','paid',179000,'RUB','31c53b86-000f-5001-9000-198f42e89801','yookassa_31c53b86-000f-5001-9000-198f42e89801','{\"kind\": \"store_order\", \"order_id\": 16, \"yookassa\": {\"paid\": true, \"status\": \"succeeded\", \"synced_at\": \"2026-06-17T23:03:58+00:00\", \"payment_id\": \"31c53b86-000f-5001-9000-198f42e89801\", \"refundable\": true, \"confirmation_url\": \"https://yoomoney.ru/checkout/payments/v2/contract?orderId=31c53b86-000f-5001-9000-198f42e89801\"}, \"yookassa_last_payload\": {\"id\": \"31c53b86-000f-5001-9000-198f42e89801\", \"paid\": true, \"test\": true, \"amount\": {\"value\": \"1790.00\", \"currency\": \"RUB\"}, \"status\": \"succeeded\", \"metadata\": {\"user_id\": \"1\", \"payable_id\": \"16\", \"payable_type\": \"App\\\\Models\\\\Order\", \"local_payment_id\": \"25\"}, \"recipient\": {\"account_id\": \"1387858\", \"gateway_id\": \"2761824\"}, \"created_at\": \"2026-06-17T23:03:34.590Z\", \"refundable\": true, \"captured_at\": \"2026-06-17T23:03:52.177Z\", \"description\": \"Заказ #16\", \"income_amount\": {\"value\": \"1727.35\", \"currency\": \"RUB\"}, \"payment_method\": {\"id\": \"31c53b86-000f-5001-9000-198f42e89801\", \"type\": \"yoo_money\", \"saved\": false, \"title\": \"YooMoney wallet 410011758831136\", \"status\": \"inactive\", \"account_number\": \"410011758831136\"}, \"refunded_amount\": {\"value\": \"0.00\", \"currency\": \"RUB\"}}}','2026-06-17 20:03:57',NULL,'2026-06-17 20:03:30','2026-06-17 20:03:58'),(26,1,'App\\Models\\Booking',13,'yookassa','paid',150000,'RUB','31c53be1-000f-5000-b000-131157940e0b','yookassa_31c53be1-000f-5000-b000-131157940e0b','{\"kind\": \"trainer_booking\", \"yookassa\": {\"paid\": true, \"status\": \"succeeded\", \"synced_at\": \"2026-06-17T23:05:15+00:00\", \"payment_id\": \"31c53be1-000f-5000-b000-131157940e0b\", \"refundable\": true, \"confirmation_url\": \"https://yoomoney.ru/checkout/payments/v2/contract?orderId=31c53be1-000f-5000-b000-131157940e0b\"}, \"service_id\": 48, \"trainer_id\": 12, \"yookassa_last_payload\": {\"id\": \"31c53be1-000f-5000-b000-131157940e0b\", \"paid\": true, \"test\": true, \"amount\": {\"value\": \"1500.00\", \"currency\": \"RUB\"}, \"status\": \"succeeded\", \"metadata\": {\"user_id\": \"1\", \"payable_id\": \"13\", \"payable_type\": \"App\\\\Models\\\\Booking\", \"local_payment_id\": \"26\"}, \"recipient\": {\"account_id\": \"1387858\", \"gateway_id\": \"2761824\"}, \"created_at\": \"2026-06-17T23:05:05.407Z\", \"refundable\": true, \"captured_at\": \"2026-06-17T23:05:11.086Z\", \"description\": \"Консультация тренера с Алиса Корнеева\", \"income_amount\": {\"value\": \"1447.50\", \"currency\": \"RUB\"}, \"payment_method\": {\"id\": \"31c53be1-000f-5000-b000-131157940e0b\", \"type\": \"yoo_money\", \"saved\": false, \"title\": \"YooMoney wallet 410011758831136\", \"status\": \"inactive\", \"account_number\": \"410011758831136\"}, \"refunded_amount\": {\"value\": \"0.00\", \"currency\": \"RUB\"}}}','2026-06-17 20:05:14',NULL,'2026-06-17 20:05:01','2026-06-17 20:05:15'),(27,29,'App\\Models\\Booking',14,'yookassa','paid',0,'RUB',NULL,'zero_aec2090e-e17e-4d28-aacc-e429ba7ea5e3','{\"kind\": \"trainer_booking\", \"service_id\": 114, \"trainer_id\": 20}','2026-06-17 21:15:53',NULL,'2026-06-17 21:15:53','2026-06-17 21:15:53');
/*!40000 ALTER TABLE `payments` ENABLE KEYS */;
UNLOCK TABLES;

--
-- Table structure for table `personal_access_tokens`
--

DROP TABLE IF EXISTS `personal_access_tokens`;
/*!40101 SET @saved_cs_client     = @@character_set_client */;
/*!50503 SET character_set_client = utf8mb4 */;
CREATE TABLE `personal_access_tokens` (
  `id` bigint unsigned NOT NULL AUTO_INCREMENT,
  `tokenable_type` varchar(255) COLLATE utf8mb4_unicode_ci NOT NULL,
  `tokenable_id` bigint unsigned NOT NULL,
  `name` varchar(255) COLLATE utf8mb4_unicode_ci NOT NULL,
  `token` varchar(64) COLLATE utf8mb4_unicode_ci NOT NULL,
  `abilities` text COLLATE utf8mb4_unicode_ci,
  `last_used_at` timestamp NULL DEFAULT NULL,
  `expires_at` timestamp NULL DEFAULT NULL,
  `created_at` timestamp NULL DEFAULT NULL,
  `updated_at` timestamp NULL DEFAULT NULL,
  PRIMARY KEY (`id`),
  UNIQUE KEY `personal_access_tokens_token_unique` (`token`),
  KEY `personal_access_tokens_tokenable_type_tokenable_id_index` (`tokenable_type`,`tokenable_id`)
) ENGINE=InnoDB AUTO_INCREMENT=15 DEFAULT CHARSET=utf8mb4 COLLATE=utf8mb4_unicode_ci;
/*!40101 SET character_set_client = @saved_cs_client */;

--
-- Dumping data for table `personal_access_tokens`
--

LOCK TABLES `personal_access_tokens` WRITE;
/*!40000 ALTER TABLE `personal_access_tokens` DISABLE KEYS */;
INSERT INTO `personal_access_tokens` VALUES (8,'App\\Models\\User',29,'nashfit-spa','aab19f60cef50eecfc964aa0b93e95b705d8b8913846764099dc2c0c8ef230b6','[\"*\"]','2026-06-17 21:19:58',NULL,'2026-06-17 20:18:36','2026-06-17 21:19:58'),(11,'App\\Models\\User',15,'nashfit-spa','7853f9ea165385206b88d7f53260bc7d3ddd578d83a4233d08f36694892c1c2a','[\"*\"]',NULL,NULL,'2026-06-17 21:41:42','2026-06-17 21:41:42'),(13,'App\\Models\\User',15,'nashfit-spa','35d76382acbb9286bb154952df070e37f5d5b41f05f89741a541c1836448383f','[\"*\"]','2026-06-17 22:12:15',NULL,'2026-06-17 22:11:40','2026-06-17 22:12:15'),(14,'App\\Models\\User',15,'nashfit-spa','30d3a4f006062e6a40370d092299a0c8f8107952dd75c5334a7b8419fec092cc','[\"*\"]','2026-06-18 03:19:20',NULL,'2026-06-17 22:13:19','2026-06-18 03:19:20');
/*!40000 ALTER TABLE `personal_access_tokens` ENABLE KEYS */;
UNLOCK TABLES;

--
-- Table structure for table `product_relations`
--

DROP TABLE IF EXISTS `product_relations`;
/*!40101 SET @saved_cs_client     = @@character_set_client */;
/*!50503 SET character_set_client = utf8mb4 */;
CREATE TABLE `product_relations` (
  `id` bigint unsigned NOT NULL AUTO_INCREMENT,
  `product_id` bigint unsigned NOT NULL,
  `related_product_id` bigint unsigned NOT NULL,
  `type` varchar(32) COLLATE utf8mb4_unicode_ci NOT NULL DEFAULT 'related',
  `sort_order` smallint unsigned NOT NULL DEFAULT '0',
  `created_at` timestamp NULL DEFAULT NULL,
  `updated_at` timestamp NULL DEFAULT NULL,
  PRIMARY KEY (`id`),
  UNIQUE KEY `product_relation_unique` (`product_id`,`related_product_id`,`type`),
  KEY `product_relations_related_product_id_foreign` (`related_product_id`),
  KEY `product_relations_type_index` (`type`),
  CONSTRAINT `product_relations_product_id_foreign` FOREIGN KEY (`product_id`) REFERENCES `products` (`id`) ON DELETE CASCADE,
  CONSTRAINT `product_relations_related_product_id_foreign` FOREIGN KEY (`related_product_id`) REFERENCES `products` (`id`) ON DELETE CASCADE
) ENGINE=InnoDB AUTO_INCREMENT=33 DEFAULT CHARSET=utf8mb4 COLLATE=utf8mb4_unicode_ci;
/*!40101 SET character_set_client = @saved_cs_client */;

--
-- Dumping data for table `product_relations`
--

LOCK TABLES `product_relations` WRITE;
/*!40000 ALTER TABLE `product_relations` DISABLE KEYS */;
INSERT INTO `product_relations` VALUES (1,1,2,'also_bought',0,'2026-06-14 08:07:11','2026-06-14 08:07:11'),(2,1,6,'recommended',1,'2026-06-14 08:07:11','2026-06-14 08:07:11'),(3,2,3,'also_bought',0,'2026-06-14 08:07:11','2026-06-14 08:07:11'),(4,2,7,'recommended',1,'2026-06-14 08:07:11','2026-06-14 08:07:11'),(5,3,4,'also_bought',0,'2026-06-14 08:07:11','2026-06-14 08:07:11'),(6,3,8,'recommended',1,'2026-06-14 08:07:11','2026-06-14 08:07:11'),(7,4,5,'also_bought',0,'2026-06-14 08:07:11','2026-06-14 08:07:11'),(8,4,9,'recommended',1,'2026-06-14 08:07:11','2026-06-14 08:07:11'),(9,5,6,'also_bought',0,'2026-06-14 08:07:11','2026-06-14 08:07:11'),(10,5,10,'recommended',1,'2026-06-14 08:07:11','2026-06-14 08:07:11'),(11,6,7,'also_bought',0,'2026-06-14 08:07:11','2026-06-14 08:07:11'),(12,6,11,'recommended',1,'2026-06-14 08:07:11','2026-06-14 08:07:11'),(13,7,8,'also_bought',0,'2026-06-14 08:07:11','2026-06-14 08:07:11'),(14,7,12,'recommended',1,'2026-06-14 08:07:11','2026-06-14 08:07:11'),(15,8,9,'also_bought',0,'2026-06-14 08:07:11','2026-06-14 08:07:11'),(16,8,13,'recommended',1,'2026-06-14 08:07:11','2026-06-14 08:07:11'),(17,9,10,'also_bought',0,'2026-06-14 08:07:11','2026-06-14 08:07:11'),(18,9,14,'recommended',1,'2026-06-14 08:07:11','2026-06-14 08:07:11'),(19,10,11,'also_bought',0,'2026-06-14 08:07:11','2026-06-14 08:07:11'),(20,10,15,'recommended',1,'2026-06-14 08:07:11','2026-06-14 08:07:11'),(21,11,12,'also_bought',0,'2026-06-14 08:07:11','2026-06-14 08:07:11'),(22,11,16,'recommended',1,'2026-06-14 08:07:11','2026-06-14 08:07:11'),(23,12,13,'also_bought',0,'2026-06-14 08:07:11','2026-06-14 08:07:11'),(24,12,1,'recommended',1,'2026-06-14 08:07:11','2026-06-14 08:07:11'),(25,13,14,'also_bought',0,'2026-06-14 08:07:11','2026-06-14 08:07:11'),(26,13,2,'recommended',1,'2026-06-14 08:07:11','2026-06-14 08:07:11'),(27,14,15,'also_bought',0,'2026-06-14 08:07:11','2026-06-14 08:07:11'),(28,14,3,'recommended',1,'2026-06-14 08:07:11','2026-06-14 08:07:11'),(29,15,16,'also_bought',0,'2026-06-14 08:07:11','2026-06-14 08:07:11'),(30,15,4,'recommended',1,'2026-06-14 08:07:11','2026-06-14 08:07:11'),(31,16,1,'also_bought',0,'2026-06-14 08:07:11','2026-06-14 08:07:11'),(32,16,5,'recommended',1,'2026-06-14 08:07:11','2026-06-14 08:07:11');
/*!40000 ALTER TABLE `product_relations` ENABLE KEYS */;
UNLOCK TABLES;

--
-- Table structure for table `product_variants`
--

DROP TABLE IF EXISTS `product_variants`;
/*!40101 SET @saved_cs_client     = @@character_set_client */;
/*!50503 SET character_set_client = utf8mb4 */;
CREATE TABLE `product_variants` (
  `id` bigint unsigned NOT NULL AUTO_INCREMENT,
  `product_id` bigint unsigned NOT NULL,
  `name` varchar(255) COLLATE utf8mb4_unicode_ci NOT NULL,
  `sku` varchar(255) COLLATE utf8mb4_unicode_ci NOT NULL,
  `options` json DEFAULT NULL,
  `price` decimal(10,2) DEFAULT NULL,
  `old_price` decimal(10,2) DEFAULT NULL,
  `stock` int unsigned NOT NULL DEFAULT '0',
  `image_url` varchar(255) COLLATE utf8mb4_unicode_ci DEFAULT NULL,
  `is_active` tinyint(1) NOT NULL DEFAULT '1',
  `sort_order` smallint unsigned NOT NULL DEFAULT '0',
  `created_at` timestamp NULL DEFAULT NULL,
  `updated_at` timestamp NULL DEFAULT NULL,
  PRIMARY KEY (`id`),
  UNIQUE KEY `product_variants_sku_unique` (`sku`),
  KEY `product_variants_product_id_is_active_index` (`product_id`,`is_active`),
  KEY `product_variants_is_active_index` (`is_active`),
  CONSTRAINT `product_variants_product_id_foreign` FOREIGN KEY (`product_id`) REFERENCES `products` (`id`) ON DELETE CASCADE
) ENGINE=InnoDB AUTO_INCREMENT=54 DEFAULT CHARSET=utf8mb4 COLLATE=utf8mb4_unicode_ci;
/*!40101 SET character_set_client = @saved_cs_client */;

--
-- Dumping data for table `product_variants`
--

LOCK TABLES `product_variants` WRITE;
/*!40000 ALTER TABLE `product_variants` DISABLE KEYS */;
INSERT INTO `product_variants` VALUES (1,1,'Шоколад · 900 г','NF-WHEY-CHO-900','{\"Вкус\": \"Шоколад\", \"Объём\": \"900 г\"}',2490.00,NULL,18,'/demo/products/nutrition.svg',1,0,'2026-06-13 23:29:44','2026-06-13 23:29:44'),(2,1,'Ваниль · 900 г','NF-WHEY-VAN-900','{\"Вкус\": \"Ваниль\", \"Объём\": \"900 г\"}',2490.00,NULL,14,'/demo/products/nutrition.svg',1,1,'2026-06-13 23:29:44','2026-06-13 23:29:44'),(3,1,'Клубника · 450 г','NF-WHEY-STR-450','{\"Вкус\": \"Клубника\", \"Объём\": \"450 г\"}',2490.00,NULL,9,'/demo/products/nutrition.svg',1,2,'2026-06-13 23:29:44','2026-06-13 23:29:44'),(4,2,'300 г','NF-CREATINE-300','{\"Объём\": \"300 г\"}',1290.00,NULL,25,'/demo/products/nutrition.svg',1,0,'2026-06-13 23:29:44','2026-06-13 23:29:44'),(5,2,'500 г','NF-CREATINE-500','{\"Объём\": \"500 г\"}',1290.00,NULL,11,'/demo/products/nutrition.svg',1,1,'2026-06-13 23:29:44','2026-06-13 23:29:44'),(6,3,'Шоколад','NF-BARS-CHO','{\"Вкус\": \"Шоколад\"}',1690.00,NULL,18,'/demo/products/nutrition.svg',1,0,'2026-06-13 23:29:44','2026-06-13 23:29:44'),(7,3,'Кокос','NF-BARS-COC','{\"Вкус\": \"Кокос\"}',1690.00,NULL,13,'/demo/products/nutrition.svg',1,1,'2026-06-13 23:29:44','2026-06-13 23:29:44'),(8,4,'Цитрус · 250 г','NF-PRE-CIT-250','{\"Вкус\": \"Цитрус\", \"Объём\": \"250 г\"}',1890.00,NULL,15,'/demo/products/nutrition.svg',1,0,'2026-06-13 23:29:44','2026-06-13 23:29:44'),(9,4,'Ягоды · 250 г','NF-PRE-BER-250','{\"Вкус\": \"Ягоды\", \"Объём\": \"250 г\"}',1890.00,NULL,8,'/demo/products/nutrition.svg',1,1,'2026-06-13 23:29:44','2026-06-13 23:29:44'),(10,5,'60 капсул','NF-MAG-60','{\"Объём\": \"60 капсул\"}',890.00,NULL,24,'/demo/products/recovery.svg',1,0,'2026-06-13 23:29:44','2026-06-13 23:29:44'),(11,6,'Чёрный','NF-ROLLER-BLACK','{\"Цвет\": \"Чёрный\"}',1690.00,NULL,19,'/demo/products/recovery.svg',1,0,'2026-06-13 23:29:44','2026-06-14 08:07:10'),(12,6,'Бирюзовый','NF-ROLLER-MINT','{\"Цвет\": \"Бирюзовый\"}',1690.00,NULL,9,'/demo/products/recovery.svg',1,1,'2026-06-13 23:29:44','2026-06-13 23:29:44'),(13,7,'Графит','NF-GUN-GRAPH','{\"Цвет\": \"Графит\"}',5990.00,NULL,7,'/demo/products/recovery.svg',1,0,'2026-06-13 23:29:44','2026-06-13 23:29:44'),(14,8,'Light','NF-BANDS-LIGHT','{\"Сопротивление\": \"Light\"}',1490.00,NULL,18,'/demo/products/equipment.svg',1,0,'2026-06-13 23:29:44','2026-06-13 23:29:44'),(15,8,'Medium','NF-BANDS-MED','{\"Сопротивление\": \"Medium\"}',1490.00,NULL,15,'/demo/products/equipment.svg',1,1,'2026-06-13 23:29:44','2026-06-13 23:29:44'),(16,8,'Heavy','NF-BANDS-HEAVY','{\"Сопротивление\": \"Heavy\"}',1490.00,NULL,10,'/demo/products/equipment.svg',1,2,'2026-06-13 23:29:44','2026-06-13 23:29:44'),(17,9,'10 кг','NF-DUMB-10','{\"Вес\": \"10 кг\"}',4490.00,NULL,12,'/demo/products/equipment.svg',1,0,'2026-06-13 23:29:44','2026-06-13 23:29:44'),(18,9,'20 кг','NF-DUMB-20','{\"Вес\": \"20 кг\"}',4490.00,NULL,6,'/demo/products/equipment.svg',1,1,'2026-06-13 23:29:44','2026-06-13 23:29:44'),(19,10,'6 кг','NF-KETTLE-6','{\"Вес\": \"6 кг\"}',2490.00,NULL,12,'/demo/products/equipment.svg',1,0,'2026-06-13 23:29:45','2026-06-13 23:29:45'),(20,10,'10 кг','NF-KETTLE-10','{\"Вес\": \"10 кг\"}',2490.00,NULL,7,'/demo/products/equipment.svg',1,1,'2026-06-13 23:29:45','2026-06-13 23:29:45'),(21,10,'14 кг','NF-KETTLE-14','{\"Вес\": \"14 кг\"}',2490.00,NULL,4,'/demo/products/equipment.svg',1,2,'2026-06-13 23:29:45','2026-06-13 23:29:45'),(22,11,'Мятный','NF-STRAP-MINT','{\"Цвет\": \"Мятный\"}',690.00,NULL,17,'/demo/products/home.svg',1,0,'2026-06-13 23:29:45','2026-06-13 23:29:45'),(23,11,'Графитовый','NF-STRAP-GRAPH','{\"Цвет\": \"Графитовый\"}',690.00,NULL,13,'/demo/products/home.svg',1,1,'2026-06-13 23:29:45','2026-06-13 23:29:45'),(24,12,'6 мм · Мятный','NF-MAT-MINT-6','{\"Цвет\": \"Мятный\", \"Толщина\": \"6 мм\"}',2790.00,NULL,11,'/demo/products/home.svg',1,0,'2026-06-13 23:29:45','2026-06-14 08:07:10'),(25,12,'8 мм · Графит','NF-MAT-GRAPH-8','{\"Цвет\": \"Графит\", \"Толщина\": \"8 мм\"}',2790.00,NULL,8,'/demo/products/home.svg',1,1,'2026-06-13 23:29:45','2026-06-14 08:07:10'),(26,13,'2 × 1 кг','NF-ANKLE-1','{\"Вес\": \"2 × 1 кг\"}',1990.00,NULL,13,'/demo/products/home.svg',1,0,'2026-06-13 23:29:45','2026-06-13 23:29:45'),(27,13,'2 × 2 кг','NF-ANKLE-2','{\"Вес\": \"2 × 2 кг\"}',1990.00,NULL,7,'/demo/products/home.svg',1,1,'2026-06-13 23:29:45','2026-06-13 23:29:45'),(28,14,'S','NF-GLOVES-S','{\"Размер\": \"S\"}',1390.00,NULL,8,'/demo/products/apparel.svg',1,0,'2026-06-13 23:29:45','2026-06-13 23:29:45'),(29,14,'M','NF-GLOVES-M','{\"Размер\": \"M\"}',1390.00,NULL,14,'/demo/products/apparel.svg',1,1,'2026-06-13 23:29:45','2026-06-13 23:29:45'),(30,14,'L','NF-GLOVES-L','{\"Размер\": \"L\"}',1390.00,NULL,10,'/demo/products/apparel.svg',1,2,'2026-06-13 23:29:45','2026-06-13 23:29:45'),(31,15,'Чёрная','NF-BAG-BLACK','{\"Цвет\": \"Чёрный\"}',3490.00,NULL,9,'/demo/products/apparel.svg',1,0,'2026-06-13 23:29:45','2026-06-13 23:29:45'),(32,15,'Оливковая','NF-BAG-OLIVE','{\"Цвет\": \"Оливковый\"}',3490.00,NULL,6,'/demo/products/apparel.svg',1,1,'2026-06-13 23:29:45','2026-06-13 23:29:45'),(33,16,'Стандарт','NF-HRM-STD','{\"Комплектация\": \"Стандарт\"}',5490.00,NULL,8,'/demo/products/equipment.svg',1,0,'2026-06-13 23:29:45','2026-06-13 23:29:45'),(34,17,'Chocolate 900 г','NF-WHEY-GS-CHOC-900','{\"size\": \"900 г\", \"flavor\": \"Chocolate\"}',4990.00,NULL,24,'/seed-images/products/whey-protein-gold-standard/main.webp',1,1,'2026-06-14 07:10:13','2026-06-16 21:18:10'),(35,17,'Vanilla 2 кг','NF-WHEY-GS-VAN-2KG','{\"size\": \"2 кг\", \"flavor\": \"Vanilla\"}',7990.00,NULL,16,'/seed-images/products/whey-protein-gold-standard/variant-vanilla-2kg.webp',1,2,'2026-06-14 07:10:13','2026-06-17 17:15:54'),(36,18,'Vanilla 900 г','NF-CASEIN-VAN-900','{\"size\": \"900 г\", \"flavor\": \"Vanilla\"}',4490.00,NULL,16,'/seed-images/products/casein-protein/main.webp',1,1,'2026-06-14 07:10:13','2026-06-16 21:18:10'),(37,18,'Night Recovery Set','NF-CASEIN-RECOVERY-SET','{\"format\": \"банка + шейкер\"}',4990.00,NULL,12,'/seed-images/products/casein-protein/lifestyle.webp',1,2,'2026-06-14 07:10:13','2026-06-14 07:10:13'),(38,19,'Chocolate 3 кг','NF-GAINER-CHOC-3KG','{\"size\": \"3 кг\", \"flavor\": \"Chocolate\"}',5490.00,NULL,15,'/seed-images/products/mass-gainer-pro/main.webp',1,1,'2026-06-14 07:10:13','2026-06-16 21:18:11'),(39,19,'Mass Fuel Kit','NF-GAINER-FUEL-KIT','{\"format\": \"гейнер + шейкер\"}',5990.00,NULL,10,'/seed-images/products/mass-gainer-pro/lifestyle.webp',1,2,'2026-06-14 07:10:13','2026-06-14 07:10:13'),(40,20,'Berry Blast 400 г','NF-BCAA-BERRY-400','{\"size\": \"400 г\", \"flavor\": \"Berry Blast\"}',2490.00,NULL,60,'/seed-images/products/bcaa-5000/main.webp',1,1,'2026-06-14 07:10:13','2026-06-16 21:18:11'),(41,20,'Fruit Punch 390 г','NF-BCAA-FRUIT-390','{\"size\": \"390 г\", \"flavor\": \"Fruit Punch\"}',2490.00,NULL,40,'/seed-images/products/bcaa-5000/lifestyle.webp',1,2,'2026-06-14 07:10:13','2026-06-16 21:18:11'),(42,21,'Unflavored 300 г','NF-GLUTA-UNF-300','{\"size\": \"300 г\", \"flavor\": \"Unflavored\"}',1990.00,NULL,45,'/seed-images/products/l-glutamine/main.webp',1,1,'2026-06-14 07:10:13','2026-06-16 21:18:11'),(43,21,'Recovery Kit','NF-GLUTA-REC-KIT','{\"format\": \"порошок + шейкер\"}',2490.00,NULL,20,'/seed-images/products/l-glutamine/lifestyle.webp',1,2,'2026-06-14 07:10:13','2026-06-14 07:10:13'),(44,22,'120 softgels','NF-OMEGA-120','{\"count\": \"120 softgels\"}',1490.00,NULL,80,'/seed-images/products/omega-3-ultra/main.webp',1,1,'2026-06-14 07:10:13','2026-06-14 07:10:13'),(45,22,'Wellness Pack','NF-OMEGA-WELLNESS','{\"format\": \"банка + wellness-сцена\"}',1690.00,NULL,70,'/seed-images/products/omega-3-ultra/lifestyle.webp',1,2,'2026-06-14 07:10:13','2026-06-14 07:10:13'),(46,23,'90 tablets','NF-MULTI-90T','{\"count\": \"90 tablets\"}',1790.00,NULL,79,'/seed-images/products/multivitamin-sport/main.webp',1,1,'2026-06-14 07:10:13','2026-06-17 20:03:57'),(47,23,'60 capsules lifestyle','NF-MULTI-60C-LIFE','{\"count\": \"60 capsules\"}',1590.00,NULL,40,'/seed-images/products/multivitamin-sport/lifestyle.webp',1,2,'2026-06-14 07:10:13','2026-06-14 07:10:13'),(48,24,'5 уровней сопротивления','NF-BANDS-5LEVELS','{\"levels\": \"10/20/30/40/50 lbs\"}',990.00,NULL,139,'/seed-images/products/rezinovyy-espander/main.webp',1,1,'2026-06-14 07:10:13','2026-06-17 19:41:46'),(49,24,'Home Workout Set','NF-BANDS-HOME-SET','{\"format\": \"комплект для дома\"}',1290.00,NULL,60,'/seed-images/products/rezinovyy-espander/lifestyle.webp',1,2,'2026-06-14 07:10:13','2026-06-14 07:10:13'),(50,25,'Sage 6 мм','NF-YOGA-SAGE-6MM','{\"color\": \"Sage\", \"thickness\": \"6 мм\"}',2490.00,NULL,33,'/seed-images/products/kovrik-dlya-yogi/main.webp',1,1,'2026-06-14 07:10:13','2026-06-17 19:03:47'),(51,25,'Charcoal 6 мм','NF-YOGA-CHARCOAL-6MM','{\"color\": \"Charcoal\", \"thickness\": \"6 мм\"}',2490.00,NULL,25,'/seed-images/products/kovrik-dlya-yogi/lifestyle.webp',1,2,'2026-06-14 07:10:13','2026-06-16 21:18:11'),(52,26,'Smoke 1 л','NF-BOTTLE-SMOKE-1L','{\"color\": \"Smoke\", \"volume\": \"1 л\"}',590.00,NULL,160,'/seed-images/products/butylka-dlya-vody-1l/main.webp',1,1,'2026-06-14 07:10:13','2026-06-14 07:10:13'),(53,26,'Black Gym 1 л','NF-BOTTLE-BLACK-1L','{\"color\": \"Black\", \"volume\": \"1 л\"}',690.00,NULL,140,'/seed-images/products/butylka-dlya-vody-1l/lifestyle.webp',1,2,'2026-06-14 07:10:13','2026-06-14 07:10:13');
/*!40000 ALTER TABLE `product_variants` ENABLE KEYS */;
UNLOCK TABLES;

--
-- Table structure for table `product_views`
--

DROP TABLE IF EXISTS `product_views`;
/*!40101 SET @saved_cs_client     = @@character_set_client */;
/*!50503 SET character_set_client = utf8mb4 */;
CREATE TABLE `product_views` (
  `id` bigint unsigned NOT NULL AUTO_INCREMENT,
  `user_id` bigint unsigned NOT NULL,
  `product_id` bigint unsigned NOT NULL,
  `viewed_at` timestamp NOT NULL,
  `created_at` timestamp NULL DEFAULT NULL,
  `updated_at` timestamp NULL DEFAULT NULL,
  PRIMARY KEY (`id`),
  UNIQUE KEY `product_views_user_id_product_id_unique` (`user_id`,`product_id`),
  KEY `product_views_product_id_foreign` (`product_id`),
  KEY `product_views_user_id_viewed_at_index` (`user_id`,`viewed_at`),
  CONSTRAINT `product_views_product_id_foreign` FOREIGN KEY (`product_id`) REFERENCES `products` (`id`) ON DELETE CASCADE,
  CONSTRAINT `product_views_user_id_foreign` FOREIGN KEY (`user_id`) REFERENCES `users` (`id`) ON DELETE CASCADE
) ENGINE=InnoDB AUTO_INCREMENT=7 DEFAULT CHARSET=utf8mb4 COLLATE=utf8mb4_unicode_ci;
/*!40101 SET character_set_client = @saved_cs_client */;

--
-- Dumping data for table `product_views`
--

LOCK TABLES `product_views` WRITE;
/*!40000 ALTER TABLE `product_views` DISABLE KEYS */;
INSERT INTO `product_views` VALUES (1,15,6,'2026-06-13 23:38:08','2026-06-13 23:38:08','2026-06-13 23:38:08'),(2,15,4,'2026-06-13 23:38:28','2026-06-13 23:38:28','2026-06-13 23:38:28'),(3,15,13,'2026-06-13 23:38:39','2026-06-13 23:38:39','2026-06-13 23:38:39'),(4,22,25,'2026-06-14 08:59:49','2026-06-14 08:59:49','2026-06-14 08:59:49'),(5,15,25,'2026-06-16 06:29:08','2026-06-16 06:29:08','2026-06-16 06:29:08'),(6,26,17,'2026-06-17 17:14:27','2026-06-17 17:14:27','2026-06-17 17:14:27');
/*!40000 ALTER TABLE `product_views` ENABLE KEYS */;
UNLOCK TABLES;

--
-- Table structure for table `product_wishlists`
--

DROP TABLE IF EXISTS `product_wishlists`;
/*!40101 SET @saved_cs_client     = @@character_set_client */;
/*!50503 SET character_set_client = utf8mb4 */;
CREATE TABLE `product_wishlists` (
  `id` bigint unsigned NOT NULL AUTO_INCREMENT,
  `user_id` bigint unsigned NOT NULL,
  `product_id` bigint unsigned NOT NULL,
  `created_at` timestamp NULL DEFAULT NULL,
  `updated_at` timestamp NULL DEFAULT NULL,
  PRIMARY KEY (`id`),
  UNIQUE KEY `product_wishlists_user_id_product_id_unique` (`user_id`,`product_id`),
  KEY `product_wishlists_product_id_foreign` (`product_id`),
  CONSTRAINT `product_wishlists_product_id_foreign` FOREIGN KEY (`product_id`) REFERENCES `products` (`id`) ON DELETE CASCADE,
  CONSTRAINT `product_wishlists_user_id_foreign` FOREIGN KEY (`user_id`) REFERENCES `users` (`id`) ON DELETE CASCADE
) ENGINE=InnoDB AUTO_INCREMENT=2 DEFAULT CHARSET=utf8mb4 COLLATE=utf8mb4_unicode_ci;
/*!40101 SET character_set_client = @saved_cs_client */;

--
-- Dumping data for table `product_wishlists`
--

LOCK TABLES `product_wishlists` WRITE;
/*!40000 ALTER TABLE `product_wishlists` DISABLE KEYS */;
INSERT INTO `product_wishlists` VALUES (1,1,23,'2026-06-17 20:04:24','2026-06-17 20:04:24');
/*!40000 ALTER TABLE `product_wishlists` ENABLE KEYS */;
UNLOCK TABLES;

--
-- Table structure for table `products`
--

DROP TABLE IF EXISTS `products`;
/*!40101 SET @saved_cs_client     = @@character_set_client */;
/*!50503 SET character_set_client = utf8mb4 */;
CREATE TABLE `products` (
  `id` bigint unsigned NOT NULL AUTO_INCREMENT,
  `slug` varchar(255) COLLATE utf8mb4_unicode_ci DEFAULT NULL,
  `name` varchar(255) COLLATE utf8mb4_unicode_ci NOT NULL,
  `short_description` varchar(500) COLLATE utf8mb4_unicode_ci DEFAULT NULL,
  `description` text COLLATE utf8mb4_unicode_ci,
  `brand` varchar(255) COLLATE utf8mb4_unicode_ci DEFAULT NULL,
  `sku` varchar(255) COLLATE utf8mb4_unicode_ci DEFAULT NULL,
  `price` decimal(10,2) NOT NULL DEFAULT '0.00',
  `old_price` decimal(10,2) DEFAULT NULL,
  `stock` int unsigned NOT NULL DEFAULT '0',
  `image_url` varchar(255) COLLATE utf8mb4_unicode_ci DEFAULT NULL,
  `gallery` json DEFAULT NULL,
  `attributes` json DEFAULT NULL,
  `badges` json DEFAULT NULL,
  `category_id` bigint unsigned DEFAULT NULL,
  `created_at` timestamp NULL DEFAULT NULL,
  `updated_at` timestamp NULL DEFAULT NULL,
  `is_featured` tinyint(1) NOT NULL DEFAULT '0',
  `is_new` tinyint(1) NOT NULL DEFAULT '0',
  `trainer_pick` tinyint(1) NOT NULL DEFAULT '0',
  `home_use` tinyint(1) NOT NULL DEFAULT '0',
  `is_active` tinyint(1) NOT NULL DEFAULT '1',
  `views_count` bigint unsigned NOT NULL DEFAULT '0',
  PRIMARY KEY (`id`),
  UNIQUE KEY `products_slug_unique` (`slug`),
  UNIQUE KEY `products_sku_unique` (`sku`),
  KEY `products_category_id_foreign` (`category_id`),
  KEY `products_price_index` (`price`),
  KEY `products_brand_index` (`brand`),
  KEY `products_is_featured_index` (`is_featured`),
  KEY `products_is_new_index` (`is_new`),
  KEY `products_trainer_pick_index` (`trainer_pick`),
  KEY `products_home_use_index` (`home_use`),
  KEY `products_is_active_index` (`is_active`),
  CONSTRAINT `products_category_id_foreign` FOREIGN KEY (`category_id`) REFERENCES `categories` (`id`) ON DELETE SET NULL
) ENGINE=InnoDB AUTO_INCREMENT=27 DEFAULT CHARSET=utf8mb4 COLLATE=utf8mb4_unicode_ci;
/*!40101 SET character_set_client = @saved_cs_client */;

--
-- Dumping data for table `products`
--

LOCK TABLES `products` WRITE;
/*!40000 ALTER TABLE `products` DISABLE KEYS */;
INSERT INTO `products` VALUES (1,'whey-protein-pro','Сывороточный протеин Pro','Мягкий сывороточный протеин для добора белка после тренировки или в течение дня.','Сывороточный протеин Pro помогает закрыть дневную норму белка без тяжёлых перекусов. Хорошо размешивается в шейкере, подходит после силовой тренировки, утренней зарядки или как белковая добавка к каше и смузи. Вкус сделан спокойным, без приторности, чтобы продукт не надоедал при регулярном использовании.','НашФит Nutrition','NF-WHEYPROTEINP',2490.00,2890.00,41,'/demo/products/nutrition.svg','[\"/demo/products/nutrition.svg\"]','{\"Белок\": \"24 г на порцию\", \"Гарантия\": \"12 месяцев\", \"Подходит для\": \"Набор массы, восстановление, контроль питания\", \"Когда принимать\": \"После тренировки или между приёмами пищи\"}','[\"Выбор тренера\", \"Для восстановления\"]',1,'2026-06-13 23:29:44','2026-06-14 08:07:10',1,1,1,0,1,180),(2,'creatine-mono','Креатин моногидрат','Классический креатин моногидрат для силового прогресса и работы в подходах.','Креатин моногидрат — базовая добавка для тех, кто работает над силой, мощностью и объёмом тренировок. Его удобно принимать ежедневно: без сложных схем загрузки, просто в воде, соке или вместе с протеином. Подходит для тренажёрного зала, функционального тренинга и домашних силовых занятий.','НашФит Nutrition','NF-CREATINEMONO',1290.00,NULL,36,'/demo/products/nutrition.svg','[\"/demo/products/nutrition.svg\"]','{\"Цель\": \"Сила, мощность, рабочий объём\", \"Порция\": \"3–5 г в день\", \"Формат\": \"Порошок без сахара\", \"Гарантия\": \"12 месяцев\"}','[\"Силовая база\"]',1,'2026-06-13 23:29:44','2026-06-14 08:07:10',1,0,0,0,1,175),(3,'protein-bars-box','Протеиновые батончики, 12 шт.','Коробка белковых батончиков для перекуса после тренировки, работы или дороги.','Протеиновые батончики удобно держать в сумке, шкафчике или машине. Они помогают не срываться на случайные сладости, когда между приёмами пищи большой перерыв. Текстура плотная, вкус десертный, но состав рассчитан на фитнес-режим: больше белка, понятная калорийность и удобная порция.','НашФит Nutrition','NF-PROTEINBARSB',1690.00,NULL,31,'/demo/products/nutrition.svg','[\"/demo/products/nutrition.svg\"]','{\"Формат\": \"Готовый перекус\", \"Гарантия\": \"12 месяцев\", \"В коробке\": \"12 батончиков\", \"Подходит для\": \"Работа, дорога, после тренировки\"}','[\"Удобный перекус\"]',1,'2026-06-13 23:29:44','2026-06-14 08:07:10',1,0,0,0,1,170),(4,'preworkout-focus','Предтренировочный комплекс Focus','Предтренировочный комплекс для концентрации и бодрого старта занятия.','Focus помогает собраться перед тренировкой, когда день был длинным, а занятие пропускать не хочется. Формула рассчитана на ощущение бодрости без перегруженного вкуса. Подойдёт для силовых, интервальных и беговых тренировок, где важны концентрация, темп и рабочее настроение.','НашФит Nutrition','NF-PREWORKOUTFO',1890.00,2290.00,23,'/demo/products/nutrition.svg','[\"/demo/products/nutrition.svg\"]','{\"Цель\": \"Энергия, фокус, темп\", \"Формат\": \"Порошок для напитка\", \"Гарантия\": \"12 месяцев\", \"Когда принимать\": \"За 20–30 минут до тренировки\"}','[\"Перед тренировкой\"]',1,'2026-06-13 23:29:44','2026-06-14 08:07:10',1,0,0,0,1,165),(5,'magnesium-recovery','Магний Recovery','Магний для вечернего восстановления, режима сна и расслабления мышц.','Магний Recovery подходит тем, кто тренируется регулярно и хочет лучше восстанавливаться между занятиями. Его удобно добавить в вечерний ритуал: после душа, растяжки или лёгкой прогулки. Добавка не заменяет сон и питание, но помогает поддерживать спокойный режим восстановления.','НашФит Recovery','NF-MAGNESIUMREC',890.00,NULL,24,'/demo/products/recovery.svg','[\"/demo/products/recovery.svg\"]','{\"Цель\": \"Восстановление и режим\", \"Формат\": \"60 капсул\", \"Гарантия\": \"12 месяцев\", \"Когда принимать\": \"Вечером или по рекомендации специалиста\"}','[\"Восстановление\"]',3,'2026-06-13 23:29:44','2026-06-14 08:07:10',1,0,1,0,1,160),(6,'foam-roller','Массажный ролл','Плотный массажный ролл для разминки, заминки и работы с зажатостью.','Массажный ролл помогает подготовить мышцы к нагрузке и мягко снять напряжение после тренировки. Его используют для икр, бёдер, спины, широчайших и ягодичных мышц. Поверхность достаточно плотная для заметного эффекта, но без чрезмерной жёсткости для новичков.','НашФит Recovery','NF-FOAMROLLER',1690.00,NULL,28,'/demo/products/recovery.svg','[\"/demo/products/recovery.svg\"]','{\"Длина\": \"Универсальная\", \"Гарантия\": \"12 месяцев\", \"Жёсткость\": \"Средняя\", \"Подходит для\": \"Разминка, заминка, мобильность\"}','[\"Для заминки\"]',3,'2026-06-13 23:29:44','2026-06-14 08:07:10',1,1,0,0,1,155),(7,'massage-gun-mini','Массажный пистолет Mini','Компактный массажный пистолет для восстановления после зала и рабочего дня.','Mini легко брать с собой в зал или поездку. Он помогает быстро пройтись по напряжённым зонам после силовой тренировки, бега или долгого сидения. Несколько насадок позволяют работать с крупными мышцами и более точечно — с зонами, где нужна аккуратность.','НашФит Recovery','NF-MASSAGEGUNMI',5990.00,6390.00,7,'/demo/products/recovery.svg','[\"/demo/products/recovery.svg\"]','{\"Формат\": \"Компактный\", \"Насадки\": \"Для разных зон\", \"Гарантия\": \"12 месяцев\", \"Подходит для\": \"После тренировки и дороги\"}','[\"Компактный\"]',3,'2026-06-13 23:29:44','2026-06-14 08:07:10',0,0,0,0,1,150),(8,'resistance-bands-set','Набор фитнес-резинок','Набор резинок разного сопротивления для ягодиц, плеч, спины и разминки.','Фитнес-резинки подходят для домашних тренировок, активации мышц перед залом и добивочных упражнений. В наборе несколько уровней сопротивления: можно начать мягко и постепенно усложнять нагрузку. Особенно полезны для ягодичных, плечевого пояса, осанки и работы над техникой.','НашФит Gear','NF-RESISTANCEBA',1490.00,NULL,43,'/demo/products/equipment.svg','[\"/demo/products/equipment.svg\"]','{\"В наборе\": \"3 уровня сопротивления\", \"Гарантия\": \"12 месяцев\", \"Материал\": \"Эластичный латекс\", \"Подходит для\": \"Дом, зал, разминка\"}','[\"Для дома\", \"Популярно\"]',2,'2026-06-13 23:29:44','2026-06-14 08:07:10',0,0,0,1,1,145),(9,'adjustable-dumbbell','Разборная гантель','Разборная гантель для домашней силовой тренировки без лишнего инвентаря.','Разборная гантель заменяет сразу несколько фиксированных весов и экономит место дома. Подходит для жима, тяг, выпадов, приседаний, подъёмов на бицепс и упражнений на плечи. Вес можно подбирать под упражнение и уровень, а не ограничиваться одним вариантом нагрузки.','НашФит Gear','NF-ADJUSTABLEDU',4490.00,NULL,18,'/demo/products/equipment.svg','[\"/demo/products/equipment.svg\"]','{\"Тип\": \"Разборная\", \"Гарантия\": \"12 месяцев\", \"Подходит для\": \"Силовые тренировки дома\", \"Преимущество\": \"Экономит место\"}','[\"Домашняя сила\"]',2,'2026-06-13 23:29:44','2026-06-14 08:07:10',0,0,1,1,1,140),(10,'kettlebell-home','Гиря для дома','Гиря для функциональных упражнений, силы хвата и выносливости.','Гиря подходит для махов, приседаний, тяг, жимов и переносок. Это универсальный инструмент для тренировок всего тела: можно развивать силу, координацию и кардио-нагрузку в одном комплексе. Хороший вариант для тех, кто хочет больше динамики, чем с обычными гантелями.','НашФит Gear','NF-KETTLEBELLHO',2490.00,2890.00,23,'/demo/products/equipment.svg','[\"/demo/products/equipment.svg\"]','{\"Цель\": \"Функциональная сила\", \"Гарантия\": \"12 месяцев\", \"Покрытие\": \"Матовая поверхность\", \"Подходит для\": \"Дом и зал\"}','[\"Функционально\"]',2,'2026-06-13 23:29:45','2026-06-14 08:07:10',0,0,0,1,1,135),(11,'yoga-strap','Ремень для йоги','Ремень для йоги и растяжки, чтобы безопасно углублять амплитуду.','Ремень помогает выполнять наклоны, раскрытие плеч, растяжку задней поверхности бедра и упражнения на мобильность без рывков. Он особенно полезен новичкам: позволяет держать правильное положение и постепенно увеличивать амплитуду без давления на суставы.','НашФит Gear','NF-YOGASTRAP',690.00,NULL,30,'/demo/products/home.svg','[\"/demo/products/home.svg\"]','{\"Цель\": \"Растяжка и мобильность\", \"Длина\": \"Универсальная\", \"Гарантия\": \"12 месяцев\", \"Подходит для\": \"Йога, пилатес, восстановление\"}','[\"Для йоги\"]',5,'2026-06-13 23:29:45','2026-06-14 08:07:10',0,1,0,1,1,130),(12,'fitness-mat-pro','Коврик для фитнеса Pro','Плотный коврик для силовых, йоги, растяжки и тренировок дома.','Коврик Pro не скользит на базовых упражнениях и даёт комфортную опору для коленей, локтей и спины. Подходит для утренней зарядки, йоги, пилатеса, упражнений на пресс и домашних силовых комплексов. Легко сворачивается и не занимает много места.','НашФит Gear','NF-FITNESSMATPR',2790.00,NULL,19,'/demo/products/home.svg','[\"/demo/products/home.svg\"]','{\"Уход\": \"Легко протирается\", \"Гарантия\": \"12 месяцев\", \"Назначение\": \"Йога, фитнес, пресс\", \"Поверхность\": \"Нескользящая\"}','[\"Для дома\"]',5,'2026-06-13 23:29:45','2026-06-14 08:07:10',0,0,0,1,1,125),(13,'ankle-weights','Утяжелители для ног','Утяжелители для ног и рук, чтобы добавить нагрузку в домашние упражнения.','Утяжелители помогают усложнить махи, подъёмы ног, ягодичные упражнения и лёгкие кардио-комплексы. Мягкая фиксация держится уверенно, а вес распределяется комфортно. Хороший способ прогрессировать дома, когда обычные упражнения стали слишком лёгкими.','НашФит Gear','NF-ANKLEWEIGHTS',1990.00,2390.00,20,'/demo/products/home.svg','[\"/demo/products/home.svg\"]','{\"Цель\": \"Тонус и усложнение упражнений\", \"Гарантия\": \"12 месяцев\", \"Крепление\": \"Липучка\", \"Использование\": \"Ноги и руки\"}','[\"Тонус\"]',5,'2026-06-13 23:29:45','2026-06-14 08:07:10',0,0,1,1,1,120),(14,'training-gloves','Перчатки для тренировок','Перчатки для хвата, защиты ладоней и уверенной работы с весами.','Перчатки помогают держать гриф, гантели и рукояти тренажёров увереннее, особенно при высокой влажности или большом объёме подходов. Ладони меньше натираются, а кисть ощущает более стабильную опору. Подойдут для силовых тренировок и функциональных комплексов.','НашФит Gear','NF-TRAININGGLOV',1390.00,NULL,32,'/demo/products/apparel.svg','[\"/demo/products/apparel.svg\"]','{\"Гарантия\": \"12 месяцев\", \"Материал\": \"Дышащая ткань\", \"Назначение\": \"Хват и защита ладоней\", \"Подходит для\": \"Тренажёры, гантели, турник\"}','[\"Для хвата\"]',4,'2026-06-13 23:29:45','2026-06-14 08:07:10',0,0,0,0,1,115),(15,'gym-bag-city','Спортивная сумка City','Спортивная сумка для формы, обуви, шейкера и вещей на день.','City — это сумка для тех, кто совмещает зал, работу и городские дела. Внутри достаточно места для формы, полотенца, бутылки и аксессуаров. Отдельные зоны помогают не смешивать чистые вещи и тренировочный инвентарь, а плотные ручки удобны для ежедневного использования.','НашФит','NF-GYMBAGCITY',3490.00,NULL,15,'/demo/products/apparel.svg','[\"/demo/products/apparel.svg\"]','{\"Формат\": \"Город + зал\", \"Гарантия\": \"12 месяцев\", \"Отделения\": \"Для формы и аксессуаров\", \"Подходит для\": \"Ежедневные тренировки\"}','[\"Для зала\"]',4,'2026-06-13 23:29:45','2026-06-14 08:07:10',0,0,0,0,1,110),(16,'heart-rate-monitor','Нагрудный пульсометр','Нагрудный пульсометр для контроля интенсивности и кардио-прогресса.','Пульсометр помогает тренироваться не на ощущениях, а по понятным зонам нагрузки. Он полезен для бега, интервальных занятий, снижения веса и восстановления: можно видеть, когда стоит прибавить, а когда лучше снизить темп. Подходит новичкам и опытным любителям кардио.','НашФит Tech','NF-HEARTRATEMON',5490.00,5890.00,8,'/demo/products/equipment.svg','[\"/demo/products/equipment.svg\"]','{\"Тип\": \"Нагрудный датчик\", \"Цель\": \"Контроль пульса\", \"Гарантия\": \"12 месяцев\", \"Подходит для\": \"Бег, HIIT, кардио\"}','[\"Кардио-контроль\"]',2,'2026-06-13 23:29:45','2026-06-14 08:07:10',0,1,0,1,1,105),(17,'whey-protein-gold-standard','Whey Protein Gold Standard','Сывороточный протеин для добора белка после тренировки и в течение дня.','Сывороточный протеин премиум-класса. 24 г белка на порцию, быстрое усвоение, мягкая текстура и удобные варианты вкуса.','NashFit','NF-WHEY-GS',4990.00,5490.00,40,'/seed-images/products/whey-protein-gold-standard/main.webp','[\"/seed-images/products/whey-protein-gold-standard/main.webp\", \"/seed-images/products/whey-protein-gold-standard/variant-vanilla-2kg.webp\"]','{\"Цель\": \"набор белка и восстановление\", \"Белок\": \"24 г на порцию\", \"Вкусы\": \"Chocolate / Vanilla\", \"Формат\": \"порошок\"}','[\"Хит\", \"Для силы\", \"Проверено тренерами\"]',6,'2026-06-14 07:10:13','2026-06-17 17:15:54',1,0,1,1,1,2),(18,'casein-protein','Casein Protein','Казеин для медленного высвобождения аминокислот и ночного восстановления.','Казеиновый протеин для вечернего приёма. Помогает закрыть белок на ночь и поддержать восстановление после нагрузки.','NashFit','NF-CASEIN',4490.00,4990.00,30,'/seed-images/products/casein-protein/main.webp','[\"/seed-images/products/casein-protein/main.webp\", \"/seed-images/products/casein-protein/lifestyle.webp\"]','{\"Тип\": \"мицеллярный казеин\", \"Вкус\": \"Vanilla\", \"Цель\": \"ночное восстановление\"}','[\"Восстановление\", \"Перед сном\"]',6,'2026-06-14 07:10:13','2026-06-16 21:18:10',1,0,1,1,1,0),(19,'mass-gainer-pro','Mass Gainer Pro','Высококалорийный гейнер для набора массы и восстановления энергии.','Гейнер для атлетов, которым сложно добирать калории. Содержит белки и углеводы для роста массы и восстановления.','NashFit','NF-GAINER-PRO',5490.00,5990.00,25,'/seed-images/products/mass-gainer-pro/main.webp','[\"/seed-images/products/mass-gainer-pro/main.webp\", \"/seed-images/products/mass-gainer-pro/lifestyle.webp\"]','{\"Вкус\": \"Chocolate\", \"Белок\": \"50 г\", \"Калорийность\": \"1250 ккал на порцию\"}','[\"Масса\", \"1250 ккал\"]',7,'2026-06-14 07:10:13','2026-06-16 21:18:11',1,0,1,0,1,0),(20,'bcaa-5000','BCAA 5000','BCAA для восстановления, выносливости и поддержки мышц во время нагрузки.','Аминокислоты с разветвлённой цепью. 5 г на порцию, яркий вкус и удобный формат для тренировки.','NashFit','NF-BCAA-5000',2490.00,2790.00,100,'/seed-images/products/bcaa-5000/main.webp','[\"/seed-images/products/bcaa-5000/main.webp\", \"/seed-images/products/bcaa-5000/lifestyle.webp\"]','{\"BCAA\": \"5 г\", \"Вкус\": \"Berry Blast / Fruit Punch\", \"Цель\": \"восстановление\"}','[\"Для тренировки\", \"В наличии\"]',8,'2026-06-14 07:10:13','2026-06-14 07:10:13',1,1,1,1,1,0),(21,'l-glutamine','L-Glutamine','Глютамин для восстановления после интенсивных тренировок.','Глютамин 5 г на порцию. Подходит для восстановления, поддержки иммунитета и режима после тяжёлых тренировок.','NashFit','NF-GLUTAMINE',1990.00,2290.00,80,'/seed-images/products/l-glutamine/main.webp','[\"/seed-images/products/l-glutamine/main.webp\", \"/seed-images/products/l-glutamine/lifestyle.webp\"]','{\"Вкус\": \"Unflavored\", \"Порция\": \"5 г\", \"Формат\": \"порошок\"}','[\"Восстановление\", \"Без вкуса\"]',8,'2026-06-14 07:10:13','2026-06-16 21:18:11',0,0,1,1,1,0),(22,'omega-3-ultra','Omega-3 Ultra','Омега-3 высокой концентрации для сердца, суставов и общего здоровья.','Рыбий жир высокой концентрации. Поддерживает сердце, сосуды и суставы в период регулярных тренировок.','NashFit','NF-OMEGA-3',1490.00,1690.00,150,'/seed-images/products/omega-3-ultra/main.webp','[\"/seed-images/products/omega-3-ultra/main.webp\", \"/seed-images/products/omega-3-ultra/lifestyle.webp\"]','{\"Формат\": \"softgels\", \"Дозировка\": \"1000 мг\", \"Количество\": \"120 капсул\"}','[\"Здоровье\", \"Суставы\"]',9,'2026-06-14 07:10:13','2026-06-16 21:18:11',0,0,0,1,1,0),(23,'multivitamin-sport','Multivitamin Sport','Комплекс витаминов и минералов для активных людей.','Ежедневная поддержка энергии, иммунитета и общего самочувствия при регулярных тренировках.','NashFit','NF-MULTI-SPORT',1790.00,1990.00,119,'/seed-images/products/multivitamin-sport/main.webp','[\"/seed-images/products/multivitamin-sport/main.webp\", \"/seed-images/products/multivitamin-sport/lifestyle.webp\"]','{\"Порций\": \"30\", \"Формат\": \"таблетки / капсулы\", \"Поддержка\": \"энергия, иммунитет, восстановление\"}','[\"Ежедневно\", \"Витамины\"]',9,'2026-06-14 07:10:13','2026-06-17 20:03:57',1,1,0,1,1,0),(24,'rezinovyy-espander','Резиновый эспандер','Набор эспандеров разной жёсткости для дома, зала и разминки.','Комплект эспандеров с несколькими уровнями сопротивления, ручками, креплением и сумкой для хранения.','NashFit','NF-BANDS-SET',990.00,1290.00,199,'/seed-images/products/rezinovyy-espander/main.webp','[\"/seed-images/products/rezinovyy-espander/main.webp\", \"/seed-images/products/rezinovyy-espander/lifestyle.webp\"]','{\"Уровни\": \"10–50 lbs\", \"Комплект\": \"ленты, ручки, крепление, мешок\", \"Назначение\": \"домашние тренировки\"}','[\"Дом\", \"Инвентарь\"]',2,'2026-06-14 07:10:13','2026-06-17 19:41:46',1,0,1,1,1,0),(25,'kovrik-dlya-yogi','Коврик для йоги','Противоскользящий коврик 6 мм для йоги, растяжки и домашней практики.','Плотный коврик с текстурной поверхностью, ремнём для переноски и спокойным премиальным дизайном.','NashFit','NF-YOGA-MAT',2490.00,2790.00,58,'/seed-images/products/kovrik-dlya-yogi/main.webp','[\"/seed-images/products/kovrik-dlya-yogi/main.webp\", \"/seed-images/products/kovrik-dlya-yogi/lifestyle.webp\"]','{\"Цвета\": \"sage / charcoal\", \"Толщина\": \"6 мм\", \"Поверхность\": \"anti-slip\"}','[\"Йога\", \"Anti-slip\"]',2,'2026-06-14 07:10:13','2026-06-17 19:03:47',1,0,0,1,1,6),(26,'butylka-dlya-vody-1l','Бутылка для воды 1л','Спортивная бутылка 1 л с мерной шкалой и герметичной крышкой.','BPA-free бутылка для тренировок с удобной шкалой, ремешком и надёжной крышкой.','NashFit','NF-WATER-BOTTLE-1L',590.00,790.00,300,'/seed-images/products/butylka-dlya-vody-1l/main.webp','[\"/seed-images/products/butylka-dlya-vody-1l/main.webp\", \"/seed-images/products/butylka-dlya-vody-1l/lifestyle.webp\"]','{\"Объём\": \"1 л\", \"Шкала\": \"ml / oz\", \"Материал\": \"BPA-free пластик\"}','[\"BPA-free\", \"1 литр\"]',2,'2026-06-14 07:10:13','2026-06-16 21:18:11',0,0,0,1,1,0);
/*!40000 ALTER TABLE `products` ENABLE KEYS */;
UNLOCK TABLES;

--
-- Table structure for table `program_progresses`
--

DROP TABLE IF EXISTS `program_progresses`;
/*!40101 SET @saved_cs_client     = @@character_set_client */;
/*!50503 SET character_set_client = utf8mb4 */;
CREATE TABLE `program_progresses` (
  `id` bigint unsigned NOT NULL AUTO_INCREMENT,
  `user_id` bigint unsigned NOT NULL,
  `program_id` bigint unsigned NOT NULL,
  `completed_weeks` smallint unsigned NOT NULL DEFAULT '0',
  `status` varchar(20) COLLATE utf8mb4_unicode_ci NOT NULL DEFAULT 'active',
  `started_at` timestamp NULL DEFAULT NULL,
  `completed_at` timestamp NULL DEFAULT NULL,
  `last_activity_at` timestamp NULL DEFAULT NULL,
  `created_at` timestamp NULL DEFAULT NULL,
  `updated_at` timestamp NULL DEFAULT NULL,
  PRIMARY KEY (`id`),
  UNIQUE KEY `program_progresses_user_id_program_id_unique` (`user_id`,`program_id`),
  KEY `program_progresses_program_id_foreign` (`program_id`),
  KEY `program_progresses_status_index` (`status`),
  KEY `program_progresses_last_activity_at_index` (`last_activity_at`),
  CONSTRAINT `program_progresses_program_id_foreign` FOREIGN KEY (`program_id`) REFERENCES `programs` (`id`) ON DELETE CASCADE,
  CONSTRAINT `program_progresses_user_id_foreign` FOREIGN KEY (`user_id`) REFERENCES `users` (`id`) ON DELETE CASCADE
) ENGINE=InnoDB AUTO_INCREMENT=16 DEFAULT CHARSET=utf8mb4 COLLATE=utf8mb4_unicode_ci;
/*!40101 SET character_set_client = @saved_cs_client */;

--
-- Dumping data for table `program_progresses`
--

LOCK TABLES `program_progresses` WRITE;
/*!40000 ALTER TABLE `program_progresses` DISABLE KEYS */;
INSERT INTO `program_progresses` VALUES (1,9,1,1,'active','2026-05-31 08:07:14',NULL,'2026-06-14 08:07:14','2026-06-13 23:29:45','2026-06-14 08:07:14'),(2,10,2,2,'active','2026-05-31 08:07:14',NULL,'2026-06-13 08:07:14','2026-06-13 23:29:45','2026-06-14 08:07:14'),(3,11,3,3,'active','2026-05-31 08:07:14',NULL,'2026-06-12 08:07:14','2026-06-13 23:29:45','2026-06-14 08:07:14'),(4,12,4,1,'active','2026-05-31 08:07:14',NULL,'2026-06-11 08:07:14','2026-06-13 23:29:45','2026-06-14 08:07:14'),(5,13,5,2,'active','2026-05-31 08:07:14',NULL,'2026-06-10 08:07:14','2026-06-13 23:29:45','2026-06-14 08:07:14'),(6,14,6,3,'active','2026-05-31 08:07:14',NULL,'2026-06-09 08:07:14','2026-06-13 23:29:45','2026-06-14 08:07:14'),(8,15,2,8,'completed','2026-06-13 23:57:32','2026-06-14 00:58:51','2026-06-14 00:58:51','2026-06-13 23:57:32','2026-06-14 00:58:51'),(9,22,1,1,'active','2026-06-14 01:10:25',NULL,'2026-06-14 01:11:17','2026-06-14 01:10:25','2026-06-14 01:11:17'),(10,22,2,5,'active','2026-06-14 05:22:43',NULL,'2026-06-14 05:23:00','2026-06-14 05:22:43','2026-06-14 05:23:00'),(11,22,3,3,'active','2026-06-14 08:01:56',NULL,'2026-06-14 08:02:00','2026-06-14 08:01:56','2026-06-14 08:02:00'),(12,22,5,2,'active','2026-06-14 08:54:39',NULL,'2026-06-14 08:54:45','2026-06-14 08:54:39','2026-06-14 08:54:45'),(13,15,1,0,'active','2026-06-16 06:23:18',NULL,'2026-06-16 06:23:18','2026-06-16 06:23:18','2026-06-16 06:23:18'),(14,15,7,3,'active','2026-06-16 06:23:46',NULL,'2026-06-16 06:24:03','2026-06-16 06:23:46','2026-06-16 06:24:03'),(15,1,1,2,'active','2026-06-17 20:04:46',NULL,'2026-06-17 20:04:50','2026-06-17 20:04:46','2026-06-17 20:04:50');
/*!40000 ALTER TABLE `program_progresses` ENABLE KEYS */;
UNLOCK TABLES;

--
-- Table structure for table `programs`
--

DROP TABLE IF EXISTS `programs`;
/*!40101 SET @saved_cs_client     = @@character_set_client */;
/*!50503 SET character_set_client = utf8mb4 */;
CREATE TABLE `programs` (
  `id` bigint unsigned NOT NULL AUTO_INCREMENT,
  `trainer_id` bigint unsigned DEFAULT NULL,
  `title` varchar(255) COLLATE utf8mb4_unicode_ci NOT NULL,
  `description` text COLLATE utf8mb4_unicode_ci NOT NULL,
  `level` varchar(255) COLLATE utf8mb4_unicode_ci NOT NULL,
  `duration_weeks` tinyint unsigned DEFAULT NULL,
  `price` decimal(10,2) NOT NULL DEFAULT '0.00',
  `image_url` varchar(255) COLLATE utf8mb4_unicode_ci DEFAULT NULL,
  `created_at` timestamp NULL DEFAULT NULL,
  `updated_at` timestamp NULL DEFAULT NULL,
  PRIMARY KEY (`id`),
  KEY `programs_trainer_id_foreign` (`trainer_id`),
  KEY `programs_level_index` (`level`),
  CONSTRAINT `programs_trainer_id_foreign` FOREIGN KEY (`trainer_id`) REFERENCES `trainers` (`id`) ON DELETE SET NULL
) ENGINE=InnoDB AUTO_INCREMENT=13 DEFAULT CHARSET=utf8mb4 COLLATE=utf8mb4_unicode_ci;
/*!40101 SET character_set_client = @saved_cs_client */;

--
-- Dumping data for table `programs`
--

LOCK TABLES `programs` WRITE;
/*!40000 ALTER TABLE `programs` DISABLE KEYS */;
INSERT INTO `programs` VALUES (1,1,'Функциональный старт','Четырёхнедельный вход в тренировки без перегруза: техника базовых движений, лёгкие круги, кор и привычка заниматься регулярно. Подходит тем, кто возвращается после перерыва или начинает с нуля.','Начальный',4,0.00,'/seed-images/programs/funktsionalnyy-start.png','2026-06-13 23:29:45','2026-06-17 22:36:07'),(2,2,'Сильное тело','Силовая программа на восемь недель: ноги, спина, грудь, плечи и корпус. Внутри — прогрессия рабочих весов, контроль техники и разгрузочные акценты, чтобы сила росла без хаоса.','Средний',8,0.00,'/seed-images/programs/moshch-i-sila.png','2026-06-13 23:29:45','2026-06-17 22:36:07'),(3,2,'Основа набора массы','Десятинедельный план гипертрофии для тех, кто хочет набрать мышечную массу системно: прогрессия объёма, работа в целевых повторениях, питание и восстановление без случайных тренировок.','Средний',10,0.00,'/seed-images/programs/silovaya-baza.png','2026-06-13 23:29:45','2026-06-17 22:36:07'),(4,1,'Умное снижение веса','Программа для снижения веса без наказаний: силовые основы, низкоударное кардио, шаги, питание и восстановление. Цель — расход энергии, тонус и привычки, которые реально выдержать.','Начальный',8,0.00,'/demo/covers/weight-loss.svg','2026-06-13 23:29:45','2026-06-13 23:56:16'),(5,3,'Перезагрузка мобильности','Шестинедельный план для тех, кто чувствует скованность в плечах, тазобедренных и спине. Программа сочетает мягкую силу, дыхание, контроль амплитуды и короткие домашние задания.','Начальный',6,0.00,'/demo/covers/mobility.svg','2026-06-13 23:29:45','2026-06-13 23:56:16'),(6,14,'Утренняя йога','Короткая утренняя практика на четыре недели: дыхание, мягкая мобилизация, баланс и спокойное включение тела. Подходит для дома и не требует сложных асан.','Начальный',4,0.00,'/demo/covers/yoga.svg','2026-06-13 23:29:45','2026-06-13 23:56:16'),(7,4,'Основы бокса','Бокс для новичков без спаррингов: стойка, передвижения, базовые удары, координация и кардио. Программа развивает выносливость и уверенность в движении.','Начальный',6,0.00,'/demo/covers/boxing.svg','2026-06-13 23:29:45','2026-06-13 23:56:16'),(8,11,'Здоровая спина','Бережная программа для укрепления спины, корпуса и ягодичных. Без резких движений: учимся разгружать поясницу, включать лопатки и строить устойчивую осанку.','Начальный',6,0.00,'/demo/covers/back.svg','2026-06-13 23:29:45','2026-06-13 23:56:17'),(9,6,'Первые 5 километров','Восьминедельный путь к первым пяти километрам: чередование бега и ходьбы, силовая профилактика травм, пульсовой контроль и понятная прогрессия.','Начальный',8,0.00,'/demo/covers/running.svg','2026-06-13 23:29:45','2026-06-13 23:56:17'),(10,7,'Сильный корпус','Программа для мышц корпуса без бесконечных скручиваний: антискручивание, стабилизация, переноски, баланс и контроль таза. Подходит как дополнение к силовым тренировкам.','Средний',6,0.00,'/demo/covers/core.svg','2026-06-13 23:29:45','2026-06-13 23:56:18'),(11,13,'Сила дома','Домашняя силовая программа с гантелями, резинками и собственным весом. План построен так, чтобы прогрессировать даже без большого зала: темп, паузы, односторонняя работа и плотность.','Средний',8,0.00,'/demo/covers/home.svg','2026-06-13 23:29:45','2026-06-13 23:56:18'),(12,5,'Неделя восстановления','Короткая программа для разгрузки после тяжёлого цикла, стресса или перерыва. Внутри — мягкая мобильность, лёгкая активность, дыхание и восстановление без ощущения простоя.','Начальный',2,0.00,'/demo/covers/recovery.svg','2026-06-13 23:29:45','2026-06-13 23:56:18');
/*!40000 ALTER TABLE `programs` ENABLE KEYS */;
UNLOCK TABLES;

--
-- Table structure for table `promo_codes`
--

DROP TABLE IF EXISTS `promo_codes`;
/*!40101 SET @saved_cs_client     = @@character_set_client */;
/*!50503 SET character_set_client = utf8mb4 */;
CREATE TABLE `promo_codes` (
  `id` bigint unsigned NOT NULL AUTO_INCREMENT,
  `promotion_id` bigint unsigned DEFAULT NULL,
  `code` varchar(255) COLLATE utf8mb4_unicode_ci NOT NULL,
  `description` text COLLATE utf8mb4_unicode_ci,
  `discount_type` varchar(255) COLLATE utf8mb4_unicode_ci NOT NULL DEFAULT 'percent',
  `discount_value` decimal(12,2) NOT NULL DEFAULT '0.00',
  `applies_to` json DEFAULT NULL,
  `minimum_amount` bigint unsigned NOT NULL DEFAULT '0',
  `max_uses` int unsigned DEFAULT NULL,
  `per_user_limit` int unsigned NOT NULL DEFAULT '1',
  `uses_count` int unsigned NOT NULL DEFAULT '0',
  `is_active` tinyint(1) NOT NULL DEFAULT '1',
  `starts_at` timestamp NULL DEFAULT NULL,
  `ends_at` timestamp NULL DEFAULT NULL,
  `created_at` timestamp NULL DEFAULT NULL,
  `updated_at` timestamp NULL DEFAULT NULL,
  PRIMARY KEY (`id`),
  UNIQUE KEY `promo_codes_code_unique` (`code`),
  KEY `promo_codes_promotion_id_foreign` (`promotion_id`),
  KEY `promo_codes_is_active_index` (`is_active`),
  CONSTRAINT `promo_codes_promotion_id_foreign` FOREIGN KEY (`promotion_id`) REFERENCES `promotions` (`id`) ON DELETE SET NULL
) ENGINE=InnoDB AUTO_INCREMENT=2 DEFAULT CHARSET=utf8mb4 COLLATE=utf8mb4_unicode_ci;
/*!40101 SET character_set_client = @saved_cs_client */;

--
-- Dumping data for table `promo_codes`
--

LOCK TABLES `promo_codes` WRITE;
/*!40000 ALTER TABLE `promo_codes` DISABLE KEYS */;
INSERT INTO `promo_codes` VALUES (1,1,'FIT12','Демо-промокод на все услуги НашФит','percent',12.00,'[\"shop\", \"membership\", \"booking\"]',0,500,2,1,1,'2026-05-14 08:07:10','2026-09-14 08:07:10','2026-06-13 23:29:44','2026-06-14 08:53:51');
/*!40000 ALTER TABLE `promo_codes` ENABLE KEYS */;
UNLOCK TABLES;

--
-- Table structure for table `promo_redemptions`
--

DROP TABLE IF EXISTS `promo_redemptions`;
/*!40101 SET @saved_cs_client     = @@character_set_client */;
/*!50503 SET character_set_client = utf8mb4 */;
CREATE TABLE `promo_redemptions` (
  `id` bigint unsigned NOT NULL AUTO_INCREMENT,
  `promo_code_id` bigint unsigned NOT NULL,
  `user_id` bigint unsigned NOT NULL,
  `redeemable_type` varchar(255) COLLATE utf8mb4_unicode_ci DEFAULT NULL,
  `redeemable_id` bigint unsigned DEFAULT NULL,
  `discount_amount` bigint unsigned NOT NULL DEFAULT '0',
  `created_at` timestamp NULL DEFAULT NULL,
  `updated_at` timestamp NULL DEFAULT NULL,
  PRIMARY KEY (`id`),
  KEY `promo_redemptions_user_id_foreign` (`user_id`),
  KEY `promo_redemptions_redeemable_type_redeemable_id_index` (`redeemable_type`,`redeemable_id`),
  KEY `promo_redemptions_promo_code_id_user_id_index` (`promo_code_id`,`user_id`),
  CONSTRAINT `promo_redemptions_promo_code_id_foreign` FOREIGN KEY (`promo_code_id`) REFERENCES `promo_codes` (`id`) ON DELETE CASCADE,
  CONSTRAINT `promo_redemptions_user_id_foreign` FOREIGN KEY (`user_id`) REFERENCES `users` (`id`) ON DELETE CASCADE
) ENGINE=InnoDB AUTO_INCREMENT=6 DEFAULT CHARSET=utf8mb4 COLLATE=utf8mb4_unicode_ci;
/*!40101 SET character_set_client = @saved_cs_client */;

--
-- Dumping data for table `promo_redemptions`
--

LOCK TABLES `promo_redemptions` WRITE;
/*!40000 ALTER TABLE `promo_redemptions` DISABLE KEYS */;
INSERT INTO `promo_redemptions` VALUES (1,1,15,'App\\Models\\UserMembership',6,550800,'2026-06-13 23:35:14','2026-06-13 23:35:14'),(2,1,15,'App\\Models\\Booking',7,0,'2026-06-14 00:12:28','2026-06-14 00:12:28'),(3,1,15,'App\\Models\\UserMembership',5,334800,'2026-06-14 00:59:51','2026-06-14 00:59:51'),(4,1,22,'App\\Models\\UserMembership',9,202800,'2026-06-14 08:02:39','2026-06-14 08:02:39'),(5,1,22,'App\\Models\\Booking',10,18000,'2026-06-14 08:53:51','2026-06-14 08:53:51');
/*!40000 ALTER TABLE `promo_redemptions` ENABLE KEYS */;
UNLOCK TABLES;

--
-- Table structure for table `promotions`
--

DROP TABLE IF EXISTS `promotions`;
/*!40101 SET @saved_cs_client     = @@character_set_client */;
/*!50503 SET character_set_client = utf8mb4 */;
CREATE TABLE `promotions` (
  `id` bigint unsigned NOT NULL AUTO_INCREMENT,
  `name` varchar(255) COLLATE utf8mb4_unicode_ci NOT NULL,
  `slug` varchar(255) COLLATE utf8mb4_unicode_ci NOT NULL,
  `description` text COLLATE utf8mb4_unicode_ci,
  `discount_type` varchar(255) COLLATE utf8mb4_unicode_ci NOT NULL DEFAULT 'percent',
  `discount_value` decimal(12,2) NOT NULL DEFAULT '0.00',
  `applies_to` json DEFAULT NULL,
  `auto_apply` tinyint(1) NOT NULL DEFAULT '0',
  `is_active` tinyint(1) NOT NULL DEFAULT '1',
  `starts_at` timestamp NULL DEFAULT NULL,
  `ends_at` timestamp NULL DEFAULT NULL,
  `badge` varchar(255) COLLATE utf8mb4_unicode_ci DEFAULT NULL,
  `banner_title` varchar(255) COLLATE utf8mb4_unicode_ci DEFAULT NULL,
  `banner_text` text COLLATE utf8mb4_unicode_ci,
  `created_at` timestamp NULL DEFAULT NULL,
  `updated_at` timestamp NULL DEFAULT NULL,
  PRIMARY KEY (`id`),
  UNIQUE KEY `promotions_slug_unique` (`slug`),
  KEY `promotions_auto_apply_index` (`auto_apply`),
  KEY `promotions_is_active_index` (`is_active`)
) ENGINE=InnoDB AUTO_INCREMENT=2 DEFAULT CHARSET=utf8mb4 COLLATE=utf8mb4_unicode_ci;
/*!40101 SET character_set_client = @saved_cs_client */;

--
-- Dumping data for table `promotions`
--

LOCK TABLES `promotions` WRITE;
/*!40000 ALTER TABLE `promotions` DISABLE KEYS */;
INSERT INTO `promotions` VALUES (1,'Сезон сильных привычек','demo-season','Демо-акция на абонементы, магазин и тренировки.','percent',12.00,'[\"shop\", \"membership\", \"booking\"]',0,1,'2026-05-14 08:07:10','2026-09-14 08:07:10','-12%','Промокод FIT12','Скидка 12% на магазин, абонемент или персональную тренировку.','2026-06-13 23:29:44','2026-06-14 08:07:10');
/*!40000 ALTER TABLE `promotions` ENABLE KEYS */;
UNLOCK TABLES;

--
-- Table structure for table `reviews`
--

DROP TABLE IF EXISTS `reviews`;
/*!40101 SET @saved_cs_client     = @@character_set_client */;
/*!50503 SET character_set_client = utf8mb4 */;
CREATE TABLE `reviews` (
  `id` bigint unsigned NOT NULL AUTO_INCREMENT,
  `user_id` bigint unsigned NOT NULL,
  `reviewable_type` varchar(255) COLLATE utf8mb4_unicode_ci NOT NULL,
  `reviewable_id` bigint unsigned NOT NULL,
  `rating` tinyint unsigned NOT NULL,
  `text` text COLLATE utf8mb4_unicode_ci NOT NULL,
  `created_at` timestamp NULL DEFAULT NULL,
  `updated_at` timestamp NULL DEFAULT NULL,
  `advantages` text COLLATE utf8mb4_unicode_ci,
  `disadvantages` text COLLATE utf8mb4_unicode_ci,
  `photos` json DEFAULT NULL,
  `verified_purchase` tinyint(1) NOT NULL DEFAULT '0',
  `trainer_recommendation` tinyint(1) NOT NULL DEFAULT '0',
  `is_verified_purchase` tinyint(1) NOT NULL DEFAULT '0',
  `is_trainer_recommendation` tinyint(1) NOT NULL DEFAULT '0',
  PRIMARY KEY (`id`),
  KEY `reviews_user_id_foreign` (`user_id`),
  KEY `reviews_reviewable_type_reviewable_id_index` (`reviewable_type`,`reviewable_id`),
  KEY `reviews_verified_purchase_index` (`verified_purchase`),
  KEY `reviews_trainer_recommendation_index` (`trainer_recommendation`),
  KEY `reviews_is_verified_purchase_index` (`is_verified_purchase`),
  KEY `reviews_is_trainer_recommendation_index` (`is_trainer_recommendation`),
  CONSTRAINT `reviews_user_id_foreign` FOREIGN KEY (`user_id`) REFERENCES `users` (`id`) ON DELETE CASCADE
) ENGINE=InnoDB AUTO_INCREMENT=86 DEFAULT CHARSET=utf8mb4 COLLATE=utf8mb4_unicode_ci;
/*!40101 SET character_set_client = @saved_cs_client */;

--
-- Dumping data for table `reviews`
--

LOCK TABLES `reviews` WRITE;
/*!40000 ALTER TABLE `reviews` DISABLE KEYS */;
INSERT INTO `reviews` VALUES (1,9,'App\\Models\\Trainer',1,4,'Очень понятная подача и внимательное отношение.','2026-06-13 23:29:45','2026-06-13 23:29:45','Понятно, удобно и соответствует описанию.',NULL,NULL,0,0,0,0),(2,10,'App\\Models\\Trainer',1,5,'Понравился системный подход без лишнего давления.','2026-06-13 23:29:45','2026-06-13 23:29:45','Понятно, удобно и соответствует описанию.','Хотелось бы ещё больше вариантов.',NULL,0,0,0,0),(3,10,'App\\Models\\Trainer',2,5,'Понравился системный подход без лишнего давления.','2026-06-13 23:29:45','2026-06-13 23:29:45','Понятно, удобно и соответствует описанию.',NULL,NULL,0,0,0,0),(4,11,'App\\Models\\Trainer',2,5,'Уже через несколько недель заметил прогресс.','2026-06-13 23:29:45','2026-06-13 23:29:45','Понятно, удобно и соответствует описанию.','Хотелось бы ещё больше вариантов.',NULL,0,0,0,0),(5,11,'App\\Models\\Trainer',3,5,'Уже через несколько недель заметил прогресс.','2026-06-13 23:29:45','2026-06-13 23:29:45','Понятно, удобно и соответствует описанию.',NULL,NULL,0,0,0,0),(6,12,'App\\Models\\Trainer',3,5,'Хорошее качество и удобство в ежедневном использовании.','2026-06-13 23:29:45','2026-06-13 23:29:45','Понятно, удобно и соответствует описанию.','Хотелось бы ещё больше вариантов.',NULL,0,0,0,0),(7,12,'App\\Models\\Trainer',4,5,'Хорошее качество и удобство в ежедневном использовании.','2026-06-13 23:29:45','2026-06-13 23:29:45','Понятно, удобно и соответствует описанию.',NULL,NULL,0,0,0,0),(8,13,'App\\Models\\Trainer',4,4,'Рекомендации реально помогают не теряться.','2026-06-13 23:29:45','2026-06-13 23:29:45','Понятно, удобно и соответствует описанию.','Хотелось бы ещё больше вариантов.',NULL,0,0,0,0),(9,13,'App\\Models\\Trainer',5,4,'Рекомендации реально помогают не теряться.','2026-06-13 23:29:45','2026-06-13 23:29:45','Понятно, удобно и соответствует описанию.',NULL,NULL,0,0,0,0),(10,14,'App\\Models\\Trainer',5,5,'Очень понятная подача и внимательное отношение.','2026-06-13 23:29:45','2026-06-13 23:29:45','Понятно, удобно и соответствует описанию.','Хотелось бы ещё больше вариантов.',NULL,0,0,0,0),(11,14,'App\\Models\\Trainer',6,5,'Очень понятная подача и внимательное отношение.','2026-06-13 23:29:45','2026-06-13 23:29:45','Понятно, удобно и соответствует описанию.',NULL,NULL,0,0,0,0),(12,9,'App\\Models\\Trainer',6,5,'Понравился системный подход без лишнего давления.','2026-06-13 23:29:45','2026-06-13 23:29:45','Понятно, удобно и соответствует описанию.','Хотелось бы ещё больше вариантов.',NULL,0,0,0,0),(13,9,'App\\Models\\Trainer',7,5,'Понравился системный подход без лишнего давления.','2026-06-13 23:29:45','2026-06-13 23:29:45','Понятно, удобно и соответствует описанию.',NULL,NULL,0,0,0,0),(14,10,'App\\Models\\Trainer',7,5,'Уже через несколько недель заметил прогресс.','2026-06-13 23:29:45','2026-06-13 23:29:45','Понятно, удобно и соответствует описанию.','Хотелось бы ещё больше вариантов.',NULL,0,0,0,0),(15,10,'App\\Models\\Trainer',8,5,'Уже через несколько недель заметил прогресс.','2026-06-13 23:29:45','2026-06-13 23:29:45','Понятно, удобно и соответствует описанию.',NULL,NULL,0,0,0,0),(16,11,'App\\Models\\Trainer',8,4,'Хорошее качество и удобство в ежедневном использовании.','2026-06-13 23:29:45','2026-06-13 23:29:45','Понятно, удобно и соответствует описанию.','Хотелось бы ещё больше вариантов.',NULL,0,0,0,0),(17,11,'App\\Models\\Product',1,4,'Хорошее качество и удобство в ежедневном использовании.','2026-06-13 23:29:45','2026-06-13 23:29:45','Понятно, удобно и соответствует описанию.',NULL,NULL,1,0,0,0),(18,12,'App\\Models\\Product',1,5,'Рекомендации реально помогают не теряться.','2026-06-13 23:29:45','2026-06-13 23:29:45','Понятно, удобно и соответствует описанию.','Хотелось бы ещё больше вариантов.',NULL,1,0,0,0),(19,12,'App\\Models\\Product',2,5,'Рекомендации реально помогают не теряться.','2026-06-13 23:29:45','2026-06-13 23:29:45','Понятно, удобно и соответствует описанию.',NULL,NULL,1,0,0,0),(20,13,'App\\Models\\Product',2,5,'Очень понятная подача и внимательное отношение.','2026-06-13 23:29:45','2026-06-13 23:29:45','Понятно, удобно и соответствует описанию.','Хотелось бы ещё больше вариантов.',NULL,1,0,0,0),(21,13,'App\\Models\\Product',3,5,'Очень понятная подача и внимательное отношение.','2026-06-13 23:29:45','2026-06-13 23:29:45','Понятно, удобно и соответствует описанию.',NULL,NULL,1,0,0,0),(22,14,'App\\Models\\Product',3,5,'Понравился системный подход без лишнего давления.','2026-06-13 23:29:45','2026-06-13 23:29:45','Понятно, удобно и соответствует описанию.','Хотелось бы ещё больше вариантов.',NULL,1,0,0,0),(23,14,'App\\Models\\Product',4,5,'Понравился системный подход без лишнего давления.','2026-06-13 23:29:45','2026-06-13 23:29:45','Понятно, удобно и соответствует описанию.',NULL,NULL,1,0,0,0),(24,9,'App\\Models\\Product',4,4,'Уже через несколько недель заметил прогресс.','2026-06-13 23:29:45','2026-06-13 23:29:45','Понятно, удобно и соответствует описанию.','Хотелось бы ещё больше вариантов.',NULL,1,0,0,0),(25,9,'App\\Models\\Product',5,4,'Уже через несколько недель заметил прогресс.','2026-06-13 23:29:45','2026-06-13 23:29:45','Понятно, удобно и соответствует описанию.',NULL,NULL,1,0,0,0),(26,10,'App\\Models\\Product',5,5,'Хорошее качество и удобство в ежедневном использовании.','2026-06-13 23:29:45','2026-06-13 23:29:45','Понятно, удобно и соответствует описанию.','Хотелось бы ещё больше вариантов.',NULL,1,0,0,0),(27,10,'App\\Models\\Product',6,5,'Хорошее качество и удобство в ежедневном использовании.','2026-06-13 23:29:45','2026-06-13 23:29:45','Понятно, удобно и соответствует описанию.',NULL,NULL,1,0,0,0),(28,11,'App\\Models\\Product',6,5,'Рекомендации реально помогают не теряться.','2026-06-13 23:29:45','2026-06-13 23:29:45','Понятно, удобно и соответствует описанию.','Хотелось бы ещё больше вариантов.',NULL,1,0,0,0),(29,11,'App\\Models\\Product',7,5,'Рекомендации реально помогают не теряться.','2026-06-13 23:29:45','2026-06-13 23:29:45','Понятно, удобно и соответствует описанию.',NULL,NULL,1,0,0,0),(30,12,'App\\Models\\Product',7,5,'Очень понятная подача и внимательное отношение.','2026-06-13 23:29:45','2026-06-13 23:29:45','Понятно, удобно и соответствует описанию.','Хотелось бы ещё больше вариантов.',NULL,1,0,0,0),(31,12,'App\\Models\\Product',8,5,'Очень понятная подача и внимательное отношение.','2026-06-13 23:29:45','2026-06-13 23:29:45','Понятно, удобно и соответствует описанию.',NULL,NULL,1,0,0,0),(32,13,'App\\Models\\Product',8,4,'Понравился системный подход без лишнего давления.','2026-06-13 23:29:45','2026-06-13 23:29:45','Понятно, удобно и соответствует описанию.','Хотелось бы ещё больше вариантов.',NULL,1,0,0,0),(33,13,'App\\Models\\Product',9,4,'Понравился системный подход без лишнего давления.','2026-06-13 23:29:45','2026-06-13 23:29:45','Понятно, удобно и соответствует описанию.',NULL,NULL,1,0,0,0),(34,14,'App\\Models\\Product',9,5,'Уже через несколько недель заметил прогресс.','2026-06-13 23:29:45','2026-06-13 23:29:45','Понятно, удобно и соответствует описанию.','Хотелось бы ещё больше вариантов.',NULL,1,0,0,0),(35,14,'App\\Models\\Product',10,5,'Уже через несколько недель заметил прогресс.','2026-06-13 23:29:45','2026-06-13 23:29:45','Понятно, удобно и соответствует описанию.',NULL,NULL,1,0,0,0),(36,9,'App\\Models\\Product',10,5,'Хорошее качество и удобство в ежедневном использовании.','2026-06-13 23:29:45','2026-06-13 23:29:45','Понятно, удобно и соответствует описанию.','Хотелось бы ещё больше вариантов.',NULL,1,0,0,0),(37,9,'App\\Models\\Product',11,5,'Хорошее качество и удобство в ежедневном использовании.','2026-06-13 23:29:45','2026-06-13 23:29:45','Понятно, удобно и соответствует описанию.',NULL,NULL,1,0,0,0),(38,10,'App\\Models\\Product',11,5,'Рекомендации реально помогают не теряться.','2026-06-13 23:29:45','2026-06-13 23:29:45','Понятно, удобно и соответствует описанию.','Хотелось бы ещё больше вариантов.',NULL,1,0,0,0),(39,10,'App\\Models\\Product',12,5,'Рекомендации реально помогают не теряться.','2026-06-13 23:29:45','2026-06-13 23:29:45','Понятно, удобно и соответствует описанию.',NULL,NULL,1,0,0,0),(40,11,'App\\Models\\Product',12,4,'Очень понятная подача и внимательное отношение.','2026-06-13 23:29:45','2026-06-13 23:29:45','Понятно, удобно и соответствует описанию.','Хотелось бы ещё больше вариантов.',NULL,1,0,0,0),(41,11,'App\\Models\\Product',13,4,'Очень понятная подача и внимательное отношение.','2026-06-13 23:29:45','2026-06-13 23:29:45','Понятно, удобно и соответствует описанию.',NULL,NULL,1,0,0,0),(42,12,'App\\Models\\Product',13,5,'Понравился системный подход без лишнего давления.','2026-06-13 23:29:45','2026-06-13 23:29:45','Понятно, удобно и соответствует описанию.','Хотелось бы ещё больше вариантов.',NULL,1,0,0,0),(43,12,'App\\Models\\Product',14,5,'Понравился системный подход без лишнего давления.','2026-06-13 23:29:45','2026-06-13 23:29:45','Понятно, удобно и соответствует описанию.',NULL,NULL,1,0,0,0),(44,13,'App\\Models\\Product',14,5,'Уже через несколько недель заметил прогресс.','2026-06-13 23:29:45','2026-06-13 23:29:45','Понятно, удобно и соответствует описанию.','Хотелось бы ещё больше вариантов.',NULL,1,0,0,0),(45,13,'App\\Models\\Product',15,5,'Уже через несколько недель заметил прогресс.','2026-06-13 23:29:45','2026-06-13 23:29:45','Понятно, удобно и соответствует описанию.',NULL,NULL,1,0,0,0),(46,14,'App\\Models\\Product',15,5,'Хорошее качество и удобство в ежедневном использовании.','2026-06-13 23:29:45','2026-06-13 23:29:45','Понятно, удобно и соответствует описанию.','Хотелось бы ещё больше вариантов.',NULL,1,0,0,0),(47,14,'App\\Models\\Product',16,5,'Хорошее качество и удобство в ежедневном использовании.','2026-06-13 23:29:45','2026-06-13 23:29:45','Понятно, удобно и соответствует описанию.',NULL,NULL,1,0,0,0),(48,9,'App\\Models\\Product',16,4,'Рекомендации реально помогают не теряться.','2026-06-13 23:29:45','2026-06-13 23:29:45','Понятно, удобно и соответствует описанию.','Хотелось бы ещё больше вариантов.',NULL,1,0,0,0),(49,9,'App\\Models\\Program',1,4,'Рекомендации реально помогают не теряться.','2026-06-13 23:29:45','2026-06-13 23:29:45','Понятно, удобно и соответствует описанию.',NULL,NULL,0,0,0,0),(50,10,'App\\Models\\Program',1,5,'Очень понятная подача и внимательное отношение.','2026-06-13 23:29:45','2026-06-13 23:29:45','Понятно, удобно и соответствует описанию.','Хотелось бы ещё больше вариантов.',NULL,0,0,0,0),(51,10,'App\\Models\\Program',2,5,'Очень понятная подача и внимательное отношение.','2026-06-13 23:29:45','2026-06-13 23:29:45','Понятно, удобно и соответствует описанию.',NULL,NULL,0,0,0,0),(52,11,'App\\Models\\Program',2,5,'Понравился системный подход без лишнего давления.','2026-06-13 23:29:45','2026-06-13 23:29:45','Понятно, удобно и соответствует описанию.','Хотелось бы ещё больше вариантов.',NULL,0,0,0,0),(53,11,'App\\Models\\Program',3,5,'Понравился системный подход без лишнего давления.','2026-06-13 23:29:45','2026-06-13 23:29:45','Понятно, удобно и соответствует описанию.',NULL,NULL,0,0,0,0),(54,12,'App\\Models\\Program',3,5,'Уже через несколько недель заметил прогресс.','2026-06-13 23:29:45','2026-06-13 23:29:45','Понятно, удобно и соответствует описанию.','Хотелось бы ещё больше вариантов.',NULL,0,0,0,0),(55,12,'App\\Models\\Program',4,5,'Уже через несколько недель заметил прогресс.','2026-06-13 23:29:45','2026-06-13 23:29:45','Понятно, удобно и соответствует описанию.',NULL,NULL,0,0,0,0),(56,13,'App\\Models\\Program',4,4,'Хорошее качество и удобство в ежедневном использовании.','2026-06-13 23:29:45','2026-06-13 23:29:45','Понятно, удобно и соответствует описанию.','Хотелось бы ещё больше вариантов.',NULL,0,0,0,0),(57,13,'App\\Models\\Program',5,4,'Хорошее качество и удобство в ежедневном использовании.','2026-06-13 23:29:45','2026-06-13 23:29:45','Понятно, удобно и соответствует описанию.',NULL,NULL,0,0,0,0),(58,14,'App\\Models\\Program',5,5,'Рекомендации реально помогают не теряться.','2026-06-13 23:29:45','2026-06-13 23:29:45','Понятно, удобно и соответствует описанию.','Хотелось бы ещё больше вариантов.',NULL,0,0,0,0),(59,14,'App\\Models\\Program',6,5,'Рекомендации реально помогают не теряться.','2026-06-13 23:29:45','2026-06-13 23:29:45','Понятно, удобно и соответствует описанию.',NULL,NULL,0,0,0,0),(60,9,'App\\Models\\Program',6,5,'Очень понятная подача и внимательное отношение.','2026-06-13 23:29:45','2026-06-13 23:29:45','Понятно, удобно и соответствует описанию.','Хотелось бы ещё больше вариантов.',NULL,0,0,0,0),(61,9,'App\\Models\\Program',7,5,'Очень понятная подача и внимательное отношение.','2026-06-13 23:29:45','2026-06-13 23:29:45','Понятно, удобно и соответствует описанию.',NULL,NULL,0,0,0,0),(62,10,'App\\Models\\Program',7,5,'Понравился системный подход без лишнего давления.','2026-06-13 23:29:45','2026-06-13 23:29:45','Понятно, удобно и соответствует описанию.','Хотелось бы ещё больше вариантов.',NULL,0,0,0,0),(63,10,'App\\Models\\Program',8,5,'Понравился системный подход без лишнего давления.','2026-06-13 23:29:45','2026-06-13 23:29:45','Понятно, удобно и соответствует описанию.',NULL,NULL,0,0,0,0),(64,11,'App\\Models\\Program',8,4,'Уже через несколько недель заметил прогресс.','2026-06-13 23:29:45','2026-06-13 23:29:45','Понятно, удобно и соответствует описанию.','Хотелось бы ещё больше вариантов.',NULL,0,0,0,0),(65,11,'App\\Models\\Program',9,4,'Уже через несколько недель заметил прогресс.','2026-06-13 23:29:45','2026-06-13 23:29:45','Понятно, удобно и соответствует описанию.',NULL,NULL,0,0,0,0),(66,12,'App\\Models\\Program',9,5,'Хорошее качество и удобство в ежедневном использовании.','2026-06-13 23:29:45','2026-06-13 23:29:45','Понятно, удобно и соответствует описанию.','Хотелось бы ещё больше вариантов.',NULL,0,0,0,0),(67,12,'App\\Models\\Program',10,5,'Хорошее качество и удобство в ежедневном использовании.','2026-06-13 23:29:45','2026-06-13 23:29:45','Понятно, удобно и соответствует описанию.',NULL,NULL,0,0,0,0),(68,13,'App\\Models\\Program',10,5,'Рекомендации реально помогают не теряться.','2026-06-13 23:29:45','2026-06-13 23:29:45','Понятно, удобно и соответствует описанию.','Хотелось бы ещё больше вариантов.',NULL,0,0,0,0),(69,13,'App\\Models\\Program',11,5,'Рекомендации реально помогают не теряться.','2026-06-13 23:29:45','2026-06-13 23:29:45','Понятно, удобно и соответствует описанию.',NULL,NULL,0,0,0,0),(70,14,'App\\Models\\Program',11,5,'Очень понятная подача и внимательное отношение.','2026-06-13 23:29:45','2026-06-13 23:29:45','Понятно, удобно и соответствует описанию.','Хотелось бы ещё больше вариантов.',NULL,0,0,0,0),(71,14,'App\\Models\\Program',12,5,'Очень понятная подача и внимательное отношение.','2026-06-13 23:29:45','2026-06-13 23:29:45','Понятно, удобно и соответствует описанию.',NULL,NULL,0,0,0,0),(72,9,'App\\Models\\Program',12,4,'Понравился системный подход без лишнего давления.','2026-06-13 23:29:45','2026-06-13 23:29:45','Понятно, удобно и соответствует описанию.','Хотелось бы ещё больше вариантов.',NULL,0,0,0,0),(73,15,'App\\Models\\Product',6,5,'iabfdadjha','2026-06-13 23:36:23','2026-06-13 23:36:23',NULL,NULL,NULL,0,0,0,0),(74,11,'App\\Models\\Trainer',9,4,'Хорошее качество и удобство в ежедневном использовании.','2026-06-13 23:56:18','2026-06-13 23:56:18','Понятно, удобно и соответствует описанию.',NULL,NULL,0,0,0,0),(75,12,'App\\Models\\Trainer',9,5,'Рекомендации реально помогают не теряться.','2026-06-13 23:56:18','2026-06-13 23:56:18','Понятно, удобно и соответствует описанию.','Хотелось бы ещё больше вариантов.',NULL,0,0,0,0),(76,12,'App\\Models\\Trainer',10,5,'Рекомендации реально помогают не теряться.','2026-06-13 23:56:18','2026-06-13 23:56:18','Понятно, удобно и соответствует описанию.',NULL,NULL,0,0,0,0),(77,13,'App\\Models\\Trainer',10,5,'Очень понятная подача и внимательное отношение.','2026-06-13 23:56:18','2026-06-13 23:56:18','Понятно, удобно и соответствует описанию.','Хотелось бы ещё больше вариантов.',NULL,0,0,0,0),(78,13,'App\\Models\\Trainer',11,5,'Очень понятная подача и внимательное отношение.','2026-06-13 23:56:18','2026-06-13 23:56:18','Понятно, удобно и соответствует описанию.',NULL,NULL,0,0,0,0),(79,14,'App\\Models\\Trainer',11,5,'Понравился системный подход без лишнего давления.','2026-06-13 23:56:18','2026-06-13 23:56:18','Понятно, удобно и соответствует описанию.','Хотелось бы ещё больше вариантов.',NULL,0,0,0,0),(80,14,'App\\Models\\Trainer',12,5,'Понравился системный подход без лишнего давления.','2026-06-13 23:56:18','2026-06-13 23:56:18','Понятно, удобно и соответствует описанию.',NULL,NULL,0,0,0,0),(81,9,'App\\Models\\Trainer',12,4,'Уже через несколько недель заметил прогресс.','2026-06-13 23:56:18','2026-06-13 23:56:18','Понятно, удобно и соответствует описанию.','Хотелось бы ещё больше вариантов.',NULL,0,0,0,0),(82,9,'App\\Models\\Trainer',13,4,'Уже через несколько недель заметил прогресс.','2026-06-13 23:56:18','2026-06-13 23:56:18','Понятно, удобно и соответствует описанию.',NULL,NULL,0,0,0,0),(83,10,'App\\Models\\Trainer',13,5,'Хорошее качество и удобство в ежедневном использовании.','2026-06-13 23:56:18','2026-06-13 23:56:18','Понятно, удобно и соответствует описанию.','Хотелось бы ещё больше вариантов.',NULL,0,0,0,0),(84,10,'App\\Models\\Trainer',14,5,'Хорошее качество и удобство в ежедневном использовании.','2026-06-13 23:56:18','2026-06-13 23:56:18','Понятно, удобно и соответствует описанию.',NULL,NULL,0,0,0,0),(85,11,'App\\Models\\Trainer',14,5,'Рекомендации реально помогают не теряться.','2026-06-13 23:56:18','2026-06-13 23:56:18','Понятно, удобно и соответствует описанию.','Хотелось бы ещё больше вариантов.',NULL,0,0,0,0);
/*!40000 ALTER TABLE `reviews` ENABLE KEYS */;
UNLOCK TABLES;

--
-- Table structure for table `shop_collection_product`
--

DROP TABLE IF EXISTS `shop_collection_product`;
/*!40101 SET @saved_cs_client     = @@character_set_client */;
/*!50503 SET character_set_client = utf8mb4 */;
CREATE TABLE `shop_collection_product` (
  `id` bigint unsigned NOT NULL AUTO_INCREMENT,
  `shop_collection_id` bigint unsigned NOT NULL,
  `product_id` bigint unsigned NOT NULL,
  `sort_order` smallint unsigned NOT NULL DEFAULT '0',
  `created_at` timestamp NULL DEFAULT NULL,
  `updated_at` timestamp NULL DEFAULT NULL,
  PRIMARY KEY (`id`),
  UNIQUE KEY `shop_collection_product_unique` (`shop_collection_id`,`product_id`),
  KEY `shop_collection_product_product_id_foreign` (`product_id`),
  CONSTRAINT `shop_collection_product_product_id_foreign` FOREIGN KEY (`product_id`) REFERENCES `products` (`id`) ON DELETE CASCADE,
  CONSTRAINT `shop_collection_product_shop_collection_id_foreign` FOREIGN KEY (`shop_collection_id`) REFERENCES `shop_collections` (`id`) ON DELETE CASCADE
) ENGINE=InnoDB AUTO_INCREMENT=10 DEFAULT CHARSET=utf8mb4 COLLATE=utf8mb4_unicode_ci;
/*!40101 SET character_set_client = @saved_cs_client */;

--
-- Dumping data for table `shop_collection_product`
--

LOCK TABLES `shop_collection_product` WRITE;
/*!40000 ALTER TABLE `shop_collection_product` DISABLE KEYS */;
INSERT INTO `shop_collection_product` VALUES (1,1,12,0,'2026-06-14 08:07:11','2026-06-14 08:07:11'),(2,1,8,1,'2026-06-14 08:07:11','2026-06-14 08:07:11'),(3,1,13,2,'2026-06-14 08:07:11','2026-06-14 08:07:11'),(4,2,1,0,'2026-06-14 08:07:11','2026-06-14 08:07:11'),(5,2,2,1,'2026-06-14 08:07:11','2026-06-14 08:07:11'),(6,2,14,2,'2026-06-14 08:07:11','2026-06-14 08:07:11'),(7,3,6,0,'2026-06-14 08:07:11','2026-06-14 08:07:11'),(8,3,5,1,'2026-06-14 08:07:11','2026-06-14 08:07:11'),(9,3,7,2,'2026-06-14 08:07:11','2026-06-14 08:07:11');
/*!40000 ALTER TABLE `shop_collection_product` ENABLE KEYS */;
UNLOCK TABLES;

--
-- Table structure for table `shop_collections`
--

DROP TABLE IF EXISTS `shop_collections`;
/*!40101 SET @saved_cs_client     = @@character_set_client */;
/*!50503 SET character_set_client = utf8mb4 */;
CREATE TABLE `shop_collections` (
  `id` bigint unsigned NOT NULL AUTO_INCREMENT,
  `name` varchar(255) COLLATE utf8mb4_unicode_ci NOT NULL,
  `slug` varchar(255) COLLATE utf8mb4_unicode_ci NOT NULL,
  `subtitle` varchar(500) COLLATE utf8mb4_unicode_ci DEFAULT NULL,
  `image_url` varchar(255) COLLATE utf8mb4_unicode_ci DEFAULT NULL,
  `is_active` tinyint(1) NOT NULL DEFAULT '1',
  `sort_order` smallint unsigned NOT NULL DEFAULT '0',
  `created_at` timestamp NULL DEFAULT NULL,
  `updated_at` timestamp NULL DEFAULT NULL,
  PRIMARY KEY (`id`),
  UNIQUE KEY `shop_collections_slug_unique` (`slug`),
  KEY `shop_collections_is_active_index` (`is_active`)
) ENGINE=InnoDB AUTO_INCREMENT=4 DEFAULT CHARSET=utf8mb4 COLLATE=utf8mb4_unicode_ci;
/*!40101 SET character_set_client = @saved_cs_client */;

--
-- Dumping data for table `shop_collections`
--

LOCK TABLES `shop_collections` WRITE;
/*!40000 ALTER TABLE `shop_collections` DISABLE KEYS */;
INSERT INTO `shop_collections` VALUES (1,'Стартовый набор для дома','home-start-kit','Коврик, резинки и базовый инвентарь для первых тренировок.','/demo/products/equipment.svg',1,0,'2026-06-13 23:29:45','2026-06-13 23:29:45'),(2,'Для набора мышечной массы','muscle-growth-kit','Питание и силовой инвентарь для прогресса в зале.','/demo/products/equipment.svg',1,1,'2026-06-13 23:29:45','2026-06-13 23:29:45'),(3,'Восстановление после нагрузки','recovery-kit','Ролл, магний и массаж для стабильного режима.','/demo/products/equipment.svg',1,2,'2026-06-13 23:29:45','2026-06-13 23:29:45');
/*!40000 ALTER TABLE `shop_collections` ENABLE KEYS */;
UNLOCK TABLES;

--
-- Table structure for table `taggables`
--

DROP TABLE IF EXISTS `taggables`;
/*!40101 SET @saved_cs_client     = @@character_set_client */;
/*!50503 SET character_set_client = utf8mb4 */;
CREATE TABLE `taggables` (
  `id` bigint unsigned NOT NULL AUTO_INCREMENT,
  `tag_id` bigint unsigned NOT NULL,
  `taggable_type` varchar(255) COLLATE utf8mb4_unicode_ci NOT NULL,
  `taggable_id` bigint unsigned NOT NULL,
  PRIMARY KEY (`id`),
  UNIQUE KEY `taggables_tag_id_taggable_id_taggable_type_unique` (`tag_id`,`taggable_id`,`taggable_type`),
  KEY `taggables_taggable_type_taggable_id_index` (`taggable_type`,`taggable_id`),
  CONSTRAINT `taggables_tag_id_foreign` FOREIGN KEY (`tag_id`) REFERENCES `tags` (`id`) ON DELETE CASCADE
) ENGINE=InnoDB AUTO_INCREMENT=127 DEFAULT CHARSET=utf8mb4 COLLATE=utf8mb4_unicode_ci;
/*!40101 SET character_set_client = @saved_cs_client */;

--
-- Dumping data for table `taggables`
--

LOCK TABLES `taggables` WRITE;
/*!40000 ALTER TABLE `taggables` DISABLE KEYS */;
INSERT INTO `taggables` VALUES (57,1,'App\\Models\\Article',2),(19,1,'App\\Models\\Product',2),(45,1,'App\\Models\\Program',2),(3,1,'App\\Models\\Trainer',2),(91,1,'App\\Models\\Program',3),(22,1,'App\\Models\\Product',4),(15,1,'App\\Models\\Trainer',8),(30,1,'App\\Models\\Product',9),(32,1,'App\\Models\\Product',10),(105,1,'App\\Models\\Program',10),(106,1,'App\\Models\\Program',11),(67,1,'App\\Models\\Article',12),(82,1,'App\\Models\\Trainer',13),(40,1,'App\\Models\\Product',14),(17,2,'App\\Models\\Product',1),(20,2,'App\\Models\\Product',2),(4,2,'App\\Models\\Trainer',2),(46,2,'App\\Models\\Program',3),(70,2,'App\\Models\\Article',15),(86,3,'App\\Models\\Program',1),(2,3,'App\\Models\\Trainer',1),(47,3,'App\\Models\\Program',4),(12,3,'App\\Models\\Trainer',6),(102,3,'App\\Models\\Program',9),(75,3,'App\\Models\\Trainer',9),(77,3,'App\\Models\\Trainer',10),(80,3,'App\\Models\\Trainer',12),(39,3,'App\\Models\\Product',13),(43,3,'App\\Models\\Product',16),(56,4,'App\\Models\\Article',1),(44,4,'App\\Models\\Program',1),(1,4,'App\\Models\\Trainer',1),(93,4,'App\\Models\\Program',4),(8,4,'App\\Models\\Trainer',4),(98,4,'App\\Models\\Program',7),(29,4,'App\\Models\\Product',8),(74,4,'App\\Models\\Trainer',9),(33,4,'App\\Models\\Product',10),(107,4,'App\\Models\\Program',11),(68,4,'App\\Models\\Article',13),(83,4,'App\\Models\\Trainer',13),(41,4,'App\\Models\\Product',15),(73,4,'App\\Models\\Article',18),(28,5,'App\\Models\\Product',8),(31,5,'App\\Models\\Product',9),(66,5,'App\\Models\\Article',11),(54,5,'App\\Models\\Program',11),(36,5,'App\\Models\\Product',12),(38,5,'App\\Models\\Product',13),(123,5,'App\\Models\\Article',21),(119,5,'App\\Models\\Product',25),(6,6,'App\\Models\\Trainer',3),(60,6,'App\\Models\\Article',5),(48,6,'App\\Models\\Program',5),(26,6,'App\\Models\\Product',6),(96,6,'App\\Models\\Program',6),(14,6,'App\\Models\\Trainer',7),(101,6,'App\\Models\\Program',8),(104,6,'App\\Models\\Program',10),(35,6,'App\\Models\\Product',11),(79,6,'App\\Models\\Trainer',11),(108,6,'App\\Models\\Program',12),(69,6,'App\\Models\\Article',14),(5,7,'App\\Models\\Trainer',3),(49,7,'App\\Models\\Program',6),(34,7,'App\\Models\\Product',11),(37,7,'App\\Models\\Product',12),(109,7,'App\\Models\\Program',12),(84,7,'App\\Models\\Trainer',14),(24,8,'App\\Models\\Product',5),(94,8,'App\\Models\\Program',5),(9,8,'App\\Models\\Trainer',5),(61,8,'App\\Models\\Article',6),(25,8,'App\\Models\\Product',6),(97,8,'App\\Models\\Program',6),(27,8,'App\\Models\\Product',7),(100,8,'App\\Models\\Program',8),(103,8,'App\\Models\\Program',9),(78,8,'App\\Models\\Trainer',11),(55,8,'App\\Models\\Program',12),(85,8,'App\\Models\\Trainer',14),(71,8,'App\\Models\\Article',16),(114,8,'App\\Models\\Product',20),(115,8,'App\\Models\\Product',21),(126,8,'App\\Models\\Article',23),(18,9,'App\\Models\\Product',1),(58,9,'App\\Models\\Article',3),(21,9,'App\\Models\\Product',3),(90,9,'App\\Models\\Program',3),(59,9,'App\\Models\\Article',4),(92,9,'App\\Models\\Program',4),(76,9,'App\\Models\\Trainer',10),(23,10,'App\\Models\\Product',4),(11,10,'App\\Models\\Trainer',6),(63,10,'App\\Models\\Article',8),(52,10,'App\\Models\\Program',9),(42,10,'App\\Models\\Product',16),(72,10,'App\\Models\\Article',17),(113,10,'App\\Models\\Product',20),(125,10,'App\\Models\\Article',22),(116,10,'App\\Models\\Product',22),(117,10,'App\\Models\\Product',23),(7,11,'App\\Models\\Trainer',4),(50,11,'App\\Models\\Program',7),(64,11,'App\\Models\\Article',9),(110,11,'App\\Models\\Product',17),(111,11,'App\\Models\\Product',18),(112,11,'App\\Models\\Product',19),(122,11,'App\\Models\\Article',20),(87,12,'App\\Models\\Program',1),(89,12,'App\\Models\\Program',2),(99,12,'App\\Models\\Program',7),(13,12,'App\\Models\\Trainer',7),(65,12,'App\\Models\\Article',10),(53,12,'App\\Models\\Program',10),(81,12,'App\\Models\\Trainer',12),(88,13,'App\\Models\\Program',2),(95,13,'App\\Models\\Program',5),(10,13,'App\\Models\\Trainer',5),(62,13,'App\\Models\\Article',7),(51,13,'App\\Models\\Program',8),(16,13,'App\\Models\\Trainer',8),(121,13,'App\\Models\\Article',19),(124,13,'App\\Models\\Article',21),(118,13,'App\\Models\\Product',24),(120,13,'App\\Models\\Product',26);
/*!40000 ALTER TABLE `taggables` ENABLE KEYS */;
UNLOCK TABLES;

--
-- Table structure for table `tags`
--

DROP TABLE IF EXISTS `tags`;
/*!40101 SET @saved_cs_client     = @@character_set_client */;
/*!50503 SET character_set_client = utf8mb4 */;
CREATE TABLE `tags` (
  `id` bigint unsigned NOT NULL AUTO_INCREMENT,
  `name` varchar(255) COLLATE utf8mb4_unicode_ci NOT NULL,
  `slug` varchar(255) COLLATE utf8mb4_unicode_ci NOT NULL,
  `created_at` timestamp NULL DEFAULT NULL,
  `updated_at` timestamp NULL DEFAULT NULL,
  PRIMARY KEY (`id`),
  UNIQUE KEY `tags_name_unique` (`name`),
  UNIQUE KEY `tags_slug_unique` (`slug`)
) ENGINE=InnoDB AUTO_INCREMENT=18 DEFAULT CHARSET=utf8mb4 COLLATE=utf8mb4_unicode_ci;
/*!40101 SET character_set_client = @saved_cs_client */;

--
-- Dumping data for table `tags`
--

LOCK TABLES `tags` WRITE;
/*!40000 ALTER TABLE `tags` DISABLE KEYS */;
INSERT INTO `tags` VALUES (1,'Сила','strength','2026-06-13 23:29:41','2026-06-13 23:29:41'),(2,'Набор массы','muscle','2026-06-13 23:29:41','2026-06-13 23:29:41'),(3,'Снижение веса','weight-loss','2026-06-13 23:29:41','2026-06-13 23:29:41'),(4,'Функциональный тренинг','functional','2026-06-13 23:29:41','2026-06-13 23:29:41'),(5,'Домашние тренировки','home','2026-06-13 23:29:41','2026-06-13 23:29:41'),(6,'Мобильность','mobility','2026-06-13 23:29:41','2026-06-13 23:29:41'),(7,'Йога','yoga','2026-06-13 23:29:41','2026-06-13 23:29:41'),(8,'Восстановление','recovery','2026-06-13 23:29:41','2026-06-13 23:29:41'),(9,'Питание','nutrition','2026-06-13 23:29:41','2026-06-13 23:29:41'),(10,'Бег','running','2026-06-13 23:29:41','2026-06-13 23:29:41'),(11,'Бокс','boxing','2026-06-13 23:29:41','2026-06-13 23:29:41'),(12,'Пресс и корпус','core','2026-06-13 23:29:41','2026-06-13 23:29:41'),(13,'Здоровая спина','back','2026-06-13 23:29:41','2026-06-13 23:29:41'),(14,'Похудение','fat-loss','2026-06-14 11:56:27','2026-06-14 11:56:27');
/*!40000 ALTER TABLE `tags` ENABLE KEYS */;
UNLOCK TABLES;

--
-- Table structure for table `trainer_product_recommendations`
--

DROP TABLE IF EXISTS `trainer_product_recommendations`;
/*!40101 SET @saved_cs_client     = @@character_set_client */;
/*!50503 SET character_set_client = utf8mb4 */;
CREATE TABLE `trainer_product_recommendations` (
  `id` bigint unsigned NOT NULL AUTO_INCREMENT,
  `trainer_id` bigint unsigned NOT NULL,
  `product_id` bigint unsigned NOT NULL,
  `comment` varchar(500) COLLATE utf8mb4_unicode_ci DEFAULT NULL,
  `is_featured` tinyint(1) NOT NULL DEFAULT '0',
  `created_at` timestamp NULL DEFAULT NULL,
  `updated_at` timestamp NULL DEFAULT NULL,
  PRIMARY KEY (`id`),
  UNIQUE KEY `trainer_product_recommendations_trainer_id_product_id_unique` (`trainer_id`,`product_id`),
  KEY `trainer_product_recommendations_product_id_foreign` (`product_id`),
  KEY `trainer_product_recommendations_is_featured_index` (`is_featured`),
  CONSTRAINT `trainer_product_recommendations_product_id_foreign` FOREIGN KEY (`product_id`) REFERENCES `products` (`id`) ON DELETE CASCADE,
  CONSTRAINT `trainer_product_recommendations_trainer_id_foreign` FOREIGN KEY (`trainer_id`) REFERENCES `trainers` (`id`) ON DELETE CASCADE
) ENGINE=InnoDB AUTO_INCREMENT=43 DEFAULT CHARSET=utf8mb4 COLLATE=utf8mb4_unicode_ci;
/*!40101 SET character_set_client = @saved_cs_client */;

--
-- Dumping data for table `trainer_product_recommendations`
--

LOCK TABLES `trainer_product_recommendations` WRITE;
/*!40000 ALTER TABLE `trainer_product_recommendations` DISABLE KEYS */;
INSERT INTO `trainer_product_recommendations` VALUES (1,1,1,'Использую в работе и рекомендую для безопасного прогресса.',1,'2026-06-14 08:07:10','2026-06-14 08:07:10'),(2,1,2,'Использую в работе и рекомендую для безопасного прогресса.',1,'2026-06-14 08:07:10','2026-06-14 08:07:10'),(3,1,3,'Использую в работе и рекомендую для безопасного прогресса.',1,'2026-06-14 08:07:10','2026-06-14 08:07:10'),(4,2,2,'Использую в работе и рекомендую для безопасного прогресса.',1,'2026-06-14 08:07:10','2026-06-14 08:07:10'),(5,2,3,'Использую в работе и рекомендую для безопасного прогресса.',1,'2026-06-14 08:07:10','2026-06-14 08:07:10'),(6,2,4,'Использую в работе и рекомендую для безопасного прогресса.',1,'2026-06-14 08:07:10','2026-06-14 08:07:10'),(7,3,3,'Использую в работе и рекомендую для безопасного прогресса.',1,'2026-06-14 08:07:10','2026-06-14 08:07:10'),(8,3,4,'Использую в работе и рекомендую для безопасного прогресса.',1,'2026-06-14 08:07:10','2026-06-14 08:07:10'),(9,3,5,'Использую в работе и рекомендую для безопасного прогресса.',1,'2026-06-14 08:07:10','2026-06-14 08:07:10'),(10,4,4,'Использую в работе и рекомендую для безопасного прогресса.',1,'2026-06-14 08:07:10','2026-06-14 08:07:10'),(11,4,5,'Использую в работе и рекомендую для безопасного прогресса.',1,'2026-06-14 08:07:10','2026-06-14 08:07:10'),(12,4,6,'Использую в работе и рекомендую для безопасного прогресса.',1,'2026-06-14 08:07:10','2026-06-14 08:07:10'),(13,5,5,'Использую в работе и рекомендую для безопасного прогресса.',1,'2026-06-14 08:07:10','2026-06-14 08:07:10'),(14,5,6,'Использую в работе и рекомендую для безопасного прогресса.',1,'2026-06-14 08:07:10','2026-06-14 08:07:10'),(15,5,7,'Использую в работе и рекомендую для безопасного прогресса.',1,'2026-06-14 08:07:10','2026-06-14 08:07:10'),(16,6,6,'Использую в работе и рекомендую для безопасного прогресса.',1,'2026-06-14 08:07:10','2026-06-14 08:07:10'),(17,6,7,'Использую в работе и рекомендую для безопасного прогресса.',1,'2026-06-14 08:07:10','2026-06-14 08:07:10'),(18,6,8,'Использую в работе и рекомендую для безопасного прогресса.',1,'2026-06-14 08:07:10','2026-06-14 08:07:10'),(19,7,7,'Использую в работе и рекомендую для безопасного прогресса.',1,'2026-06-14 08:07:10','2026-06-14 08:07:10'),(20,7,8,'Использую в работе и рекомендую для безопасного прогресса.',1,'2026-06-14 08:07:10','2026-06-14 08:07:10'),(21,7,9,'Использую в работе и рекомендую для безопасного прогресса.',1,'2026-06-14 08:07:10','2026-06-14 08:07:10'),(22,8,8,'Использую в работе и рекомендую для безопасного прогресса.',1,'2026-06-14 08:07:10','2026-06-14 08:07:10'),(23,8,9,'Использую в работе и рекомендую для безопасного прогресса.',1,'2026-06-14 08:07:10','2026-06-14 08:07:10'),(24,8,10,'Использую в работе и рекомендую для безопасного прогресса.',1,'2026-06-14 08:07:10','2026-06-14 08:07:10'),(25,9,1,'Использую в работе и рекомендую для безопасного прогресса.',1,'2026-06-14 08:07:10','2026-06-14 08:07:10'),(26,9,2,'Использую в работе и рекомендую для безопасного прогресса.',1,'2026-06-14 08:07:10','2026-06-14 08:07:10'),(27,9,3,'Использую в работе и рекомендую для безопасного прогресса.',1,'2026-06-14 08:07:10','2026-06-14 08:07:10'),(28,10,2,'Использую в работе и рекомендую для безопасного прогресса.',1,'2026-06-14 08:07:10','2026-06-14 08:07:10'),(29,10,3,'Использую в работе и рекомендую для безопасного прогресса.',1,'2026-06-14 08:07:10','2026-06-14 08:07:10'),(30,10,4,'Использую в работе и рекомендую для безопасного прогресса.',1,'2026-06-14 08:07:10','2026-06-14 08:07:10'),(31,11,3,'Использую в работе и рекомендую для безопасного прогресса.',1,'2026-06-14 08:07:11','2026-06-14 08:07:11'),(32,11,4,'Использую в работе и рекомендую для безопасного прогресса.',1,'2026-06-14 08:07:11','2026-06-14 08:07:11'),(33,11,5,'Использую в работе и рекомендую для безопасного прогресса.',1,'2026-06-14 08:07:11','2026-06-14 08:07:11'),(34,12,4,'Использую в работе и рекомендую для безопасного прогресса.',1,'2026-06-14 08:07:11','2026-06-14 08:07:11'),(35,12,5,'Использую в работе и рекомендую для безопасного прогресса.',1,'2026-06-14 08:07:11','2026-06-14 08:07:11'),(36,12,6,'Использую в работе и рекомендую для безопасного прогресса.',1,'2026-06-14 08:07:11','2026-06-14 08:07:11'),(37,13,5,'Использую в работе и рекомендую для безопасного прогресса.',1,'2026-06-14 08:07:11','2026-06-14 08:07:11'),(38,13,6,'Использую в работе и рекомендую для безопасного прогресса.',1,'2026-06-14 08:07:11','2026-06-14 08:07:11'),(39,13,7,'Использую в работе и рекомендую для безопасного прогресса.',1,'2026-06-14 08:07:11','2026-06-14 08:07:11'),(40,14,6,'Использую в работе и рекомендую для безопасного прогресса.',1,'2026-06-14 08:07:11','2026-06-14 08:07:11'),(41,14,7,'Использую в работе и рекомендую для безопасного прогресса.',1,'2026-06-14 08:07:11','2026-06-14 08:07:11'),(42,14,8,'Использую в работе и рекомендую для безопасного прогресса.',1,'2026-06-14 08:07:11','2026-06-14 08:07:11');
/*!40000 ALTER TABLE `trainer_product_recommendations` ENABLE KEYS */;
UNLOCK TABLES;

--
-- Table structure for table `trainer_schedules`
--

DROP TABLE IF EXISTS `trainer_schedules`;
/*!40101 SET @saved_cs_client     = @@character_set_client */;
/*!50503 SET character_set_client = utf8mb4 */;
CREATE TABLE `trainer_schedules` (
  `id` bigint unsigned NOT NULL AUTO_INCREMENT,
  `trainer_id` bigint unsigned NOT NULL,
  `location_id` bigint unsigned DEFAULT NULL,
  `day_of_week` tinyint unsigned NOT NULL,
  `start_time` time NOT NULL,
  `end_time` time NOT NULL,
  `slot_duration_minutes` smallint unsigned NOT NULL DEFAULT '60',
  `created_at` timestamp NULL DEFAULT NULL,
  `updated_at` timestamp NULL DEFAULT NULL,
  PRIMARY KEY (`id`),
  UNIQUE KEY `tr_schedule_unique` (`trainer_id`,`day_of_week`,`start_time`,`end_time`),
  KEY `trainer_schedules_location_id_foreign` (`location_id`),
  CONSTRAINT `trainer_schedules_location_id_foreign` FOREIGN KEY (`location_id`) REFERENCES `gym_locations` (`id`) ON DELETE SET NULL,
  CONSTRAINT `trainer_schedules_trainer_id_foreign` FOREIGN KEY (`trainer_id`) REFERENCES `trainers` (`id`) ON DELETE CASCADE
) ENGINE=InnoDB AUTO_INCREMENT=172 DEFAULT CHARSET=utf8mb4 COLLATE=utf8mb4_unicode_ci;
/*!40101 SET character_set_client = @saved_cs_client */;

--
-- Dumping data for table `trainer_schedules`
--

LOCK TABLES `trainer_schedules` WRITE;
/*!40000 ALTER TABLE `trainer_schedules` DISABLE KEYS */;
INSERT INTO `trainer_schedules` VALUES (6,2,2,1,'09:00:00','18:00:00',60,'2026-06-13 23:29:42','2026-06-13 23:29:42'),(7,2,2,2,'09:00:00','18:00:00',60,'2026-06-13 23:29:42','2026-06-13 23:29:42'),(8,2,2,3,'09:00:00','18:00:00',60,'2026-06-13 23:29:42','2026-06-13 23:29:42'),(9,2,2,4,'09:00:00','18:00:00',60,'2026-06-13 23:29:42','2026-06-13 23:29:42'),(10,2,2,5,'09:00:00','18:00:00',60,'2026-06-13 23:29:42','2026-06-13 23:29:42'),(11,3,1,1,'09:00:00','18:00:00',60,'2026-06-13 23:29:42','2026-06-13 23:29:42'),(12,3,1,2,'09:00:00','18:00:00',60,'2026-06-13 23:29:42','2026-06-13 23:29:42'),(13,3,1,3,'09:00:00','18:00:00',60,'2026-06-13 23:29:42','2026-06-13 23:29:42'),(14,3,1,4,'09:00:00','18:00:00',60,'2026-06-13 23:29:42','2026-06-13 23:29:42'),(15,3,1,5,'09:00:00','18:00:00',60,'2026-06-13 23:29:42','2026-06-13 23:29:42'),(16,4,2,1,'09:00:00','18:00:00',60,'2026-06-13 23:29:42','2026-06-13 23:29:42'),(17,4,2,2,'09:00:00','18:00:00',60,'2026-06-13 23:29:42','2026-06-13 23:29:42'),(18,4,2,3,'09:00:00','18:00:00',60,'2026-06-13 23:29:42','2026-06-13 23:29:42'),(19,4,2,4,'09:00:00','18:00:00',60,'2026-06-13 23:29:42','2026-06-13 23:29:42'),(20,4,2,5,'09:00:00','18:00:00',60,'2026-06-13 23:29:42','2026-06-13 23:29:42'),(21,5,1,1,'09:00:00','18:00:00',60,'2026-06-13 23:29:43','2026-06-13 23:29:43'),(22,5,1,2,'09:00:00','18:00:00',60,'2026-06-13 23:29:43','2026-06-13 23:29:43'),(23,5,1,3,'09:00:00','18:00:00',60,'2026-06-13 23:29:43','2026-06-13 23:29:43'),(24,5,1,4,'09:00:00','18:00:00',60,'2026-06-13 23:29:43','2026-06-13 23:29:43'),(25,5,1,5,'09:00:00','18:00:00',60,'2026-06-13 23:29:43','2026-06-13 23:29:43'),(26,6,3,1,'09:00:00','18:00:00',60,'2026-06-17 21:15:23','2026-06-17 21:15:23'),(27,6,2,2,'09:00:00','18:00:00',60,'2026-06-13 23:29:43','2026-06-13 23:29:43'),(28,6,1,3,'09:00:00','18:00:00',60,'2026-06-17 21:15:23','2026-06-17 21:15:23'),(29,6,2,4,'09:00:00','18:00:00',60,'2026-06-13 23:29:43','2026-06-13 23:29:43'),(30,6,2,5,'09:00:00','18:00:00',60,'2026-06-13 23:29:43','2026-06-13 23:29:43'),(31,7,1,1,'09:00:00','18:00:00',60,'2026-06-13 23:29:43','2026-06-13 23:29:43'),(32,7,1,2,'09:00:00','18:00:00',60,'2026-06-13 23:29:43','2026-06-13 23:29:43'),(33,7,1,3,'09:00:00','18:00:00',60,'2026-06-13 23:29:43','2026-06-13 23:29:43'),(34,7,1,4,'09:00:00','18:00:00',60,'2026-06-13 23:29:43','2026-06-13 23:29:43'),(35,7,1,5,'09:00:00','18:00:00',60,'2026-06-13 23:29:43','2026-06-13 23:29:43'),(36,8,2,1,'09:00:00','18:00:00',60,'2026-06-13 23:29:43','2026-06-13 23:29:43'),(37,8,2,2,'09:00:00','18:00:00',60,'2026-06-13 23:29:43','2026-06-13 23:29:43'),(38,8,2,3,'09:00:00','18:00:00',60,'2026-06-13 23:29:43','2026-06-13 23:29:43'),(39,8,2,4,'09:00:00','18:00:00',60,'2026-06-13 23:29:43','2026-06-13 23:29:43'),(40,8,2,5,'09:00:00','18:00:00',60,'2026-06-13 23:29:43','2026-06-13 23:29:43'),(41,9,1,1,'09:00:00','18:00:00',60,'2026-06-13 23:56:11','2026-06-13 23:56:11'),(42,9,1,2,'09:00:00','18:00:00',60,'2026-06-13 23:56:11','2026-06-13 23:56:11'),(43,9,1,3,'09:00:00','18:00:00',60,'2026-06-13 23:56:11','2026-06-13 23:56:11'),(44,9,1,4,'09:00:00','18:00:00',60,'2026-06-13 23:56:11','2026-06-13 23:56:11'),(45,9,1,5,'09:00:00','18:00:00',60,'2026-06-13 23:56:11','2026-06-13 23:56:11'),(46,10,2,1,'09:00:00','18:00:00',60,'2026-06-13 23:56:11','2026-06-13 23:56:11'),(47,10,2,2,'09:00:00','18:00:00',60,'2026-06-13 23:56:11','2026-06-13 23:56:11'),(48,10,2,3,'09:00:00','18:00:00',60,'2026-06-13 23:56:11','2026-06-13 23:56:11'),(49,10,2,4,'09:00:00','18:00:00',60,'2026-06-13 23:56:11','2026-06-13 23:56:11'),(50,10,2,5,'09:00:00','18:00:00',60,'2026-06-13 23:56:11','2026-06-13 23:56:11'),(51,11,2,1,'09:00:00','18:00:00',60,'2026-06-17 21:15:23','2026-06-17 21:15:23'),(52,11,1,2,'09:00:00','18:00:00',60,'2026-06-13 23:56:12','2026-06-13 23:56:12'),(53,11,3,3,'09:00:00','18:00:00',60,'2026-06-17 21:15:23','2026-06-17 21:15:23'),(54,11,1,4,'09:00:00','18:00:00',60,'2026-06-13 23:56:12','2026-06-13 23:56:12'),(55,11,1,5,'09:00:00','18:00:00',60,'2026-06-13 23:56:12','2026-06-13 23:56:12'),(56,12,2,1,'09:00:00','18:00:00',60,'2026-06-13 23:56:12','2026-06-13 23:56:12'),(57,12,2,2,'09:00:00','18:00:00',60,'2026-06-13 23:56:12','2026-06-13 23:56:12'),(58,12,2,3,'09:00:00','18:00:00',60,'2026-06-13 23:56:12','2026-06-13 23:56:12'),(59,12,2,4,'09:00:00','18:00:00',60,'2026-06-13 23:56:12','2026-06-13 23:56:12'),(60,12,2,5,'09:00:00','18:00:00',60,'2026-06-13 23:56:12','2026-06-13 23:56:12'),(61,13,1,1,'09:00:00','18:00:00',60,'2026-06-13 23:56:12','2026-06-13 23:56:12'),(62,13,1,2,'09:00:00','18:00:00',60,'2026-06-13 23:56:12','2026-06-13 23:56:12'),(63,13,1,3,'09:00:00','18:00:00',60,'2026-06-13 23:56:12','2026-06-13 23:56:12'),(64,13,1,4,'09:00:00','18:00:00',60,'2026-06-13 23:56:12','2026-06-13 23:56:12'),(65,13,1,5,'09:00:00','18:00:00',60,'2026-06-13 23:56:12','2026-06-13 23:56:12'),(66,14,2,1,'09:00:00','18:00:00',60,'2026-06-13 23:56:12','2026-06-13 23:56:12'),(67,14,2,2,'09:00:00','18:00:00',60,'2026-06-13 23:56:12','2026-06-13 23:56:12'),(68,14,2,3,'09:00:00','18:00:00',60,'2026-06-13 23:56:12','2026-06-13 23:56:12'),(69,14,2,4,'09:00:00','18:00:00',60,'2026-06-13 23:56:12','2026-06-13 23:56:12'),(70,14,2,5,'09:00:00','18:00:00',60,'2026-06-13 23:56:12','2026-06-13 23:56:12'),(71,1,1,1,'09:00:00','18:00:00',60,'2026-06-17 21:15:23','2026-06-17 21:15:23'),(72,1,1,2,'09:00:00','18:00:00',60,'2026-06-14 09:01:53','2026-06-14 09:01:53'),(73,1,2,3,'09:00:00','18:00:00',60,'2026-06-17 21:15:23','2026-06-17 21:15:23'),(74,1,1,4,'09:00:00','18:00:00',60,'2026-06-14 09:01:53','2026-06-14 09:01:53'),(75,1,1,5,'09:00:00','18:00:00',60,'2026-06-14 09:01:53','2026-06-14 09:01:53'),(76,20,NULL,0,'09:00:00','18:00:00',60,'2026-06-17 20:26:37','2026-06-17 20:26:37'),(77,20,NULL,1,'09:00:00','18:00:00',60,'2026-06-17 20:26:37','2026-06-17 20:26:37'),(78,1,3,5,'10:00:00','19:00:00',60,'2026-06-17 21:15:23','2026-06-17 21:15:23'),(79,1,1,6,'10:00:00','15:00:00',60,'2026-06-17 21:15:23','2026-06-17 21:15:23'),(80,2,2,2,'08:00:00','17:00:00',60,'2026-06-17 21:15:23','2026-06-17 21:15:23'),(81,2,3,4,'08:00:00','17:00:00',60,'2026-06-17 21:15:23','2026-06-17 21:15:23'),(82,2,1,5,'13:00:00','21:00:00',60,'2026-06-17 21:15:23','2026-06-17 21:15:23'),(83,2,2,6,'10:00:00','16:00:00',60,'2026-06-17 21:15:23','2026-06-17 21:15:23'),(84,3,3,1,'12:00:00','20:00:00',60,'2026-06-17 21:15:23','2026-06-17 21:15:23'),(85,3,1,2,'12:00:00','20:00:00',60,'2026-06-17 21:15:23','2026-06-17 21:15:23'),(86,3,2,4,'12:00:00','20:00:00',60,'2026-06-17 21:15:23','2026-06-17 21:15:23'),(87,3,3,6,'09:00:00','14:00:00',60,'2026-06-17 21:15:23','2026-06-17 21:15:23'),(88,4,1,1,'16:00:00','21:00:00',60,'2026-06-17 21:15:23','2026-06-17 21:15:23'),(89,4,2,3,'10:00:00','19:00:00',60,'2026-06-17 21:15:23','2026-06-17 21:15:23'),(90,4,3,5,'09:00:00','15:00:00',60,'2026-06-17 21:15:23','2026-06-17 21:15:23'),(91,4,1,6,'11:00:00','16:00:00',60,'2026-06-17 21:15:23','2026-06-17 21:15:23'),(92,5,2,2,'10:00:00','18:00:00',60,'2026-06-17 21:15:23','2026-06-17 21:15:23'),(93,5,3,3,'15:00:00','21:00:00',60,'2026-06-17 21:15:23','2026-06-17 21:15:23'),(94,5,1,4,'10:00:00','18:00:00',60,'2026-06-17 21:15:23','2026-06-17 21:15:23'),(95,5,2,6,'10:00:00','14:00:00',60,'2026-06-17 21:15:23','2026-06-17 21:15:23'),(96,6,2,5,'10:00:00','19:00:00',60,'2026-06-17 21:15:23','2026-06-17 21:15:23'),(97,6,3,6,'10:00:00','15:00:00',60,'2026-06-17 21:15:23','2026-06-17 21:15:23'),(98,7,1,2,'08:00:00','17:00:00',60,'2026-06-17 21:15:23','2026-06-17 21:15:23'),(99,7,2,4,'08:00:00','17:00:00',60,'2026-06-17 21:15:23','2026-06-17 21:15:23'),(100,7,3,5,'13:00:00','21:00:00',60,'2026-06-17 21:15:23','2026-06-17 21:15:23'),(101,7,1,6,'10:00:00','16:00:00',60,'2026-06-17 21:15:23','2026-06-17 21:15:23'),(102,8,2,1,'12:00:00','20:00:00',60,'2026-06-17 21:15:23','2026-06-17 21:15:23'),(103,8,3,2,'12:00:00','20:00:00',60,'2026-06-17 21:15:23','2026-06-17 21:15:23'),(104,8,1,4,'12:00:00','20:00:00',60,'2026-06-17 21:15:23','2026-06-17 21:15:23'),(105,8,2,6,'09:00:00','14:00:00',60,'2026-06-17 21:15:23','2026-06-17 21:15:23'),(106,9,3,1,'16:00:00','21:00:00',60,'2026-06-17 21:15:23','2026-06-17 21:15:23'),(107,9,1,3,'10:00:00','19:00:00',60,'2026-06-17 21:15:23','2026-06-17 21:15:23'),(108,9,2,5,'09:00:00','15:00:00',60,'2026-06-17 21:15:23','2026-06-17 21:15:23'),(109,9,3,6,'11:00:00','16:00:00',60,'2026-06-17 21:15:23','2026-06-17 21:15:23'),(110,10,1,2,'10:00:00','18:00:00',60,'2026-06-17 21:15:23','2026-06-17 21:15:23'),(111,10,2,3,'15:00:00','21:00:00',60,'2026-06-17 21:15:23','2026-06-17 21:15:23'),(112,10,3,4,'10:00:00','18:00:00',60,'2026-06-17 21:15:23','2026-06-17 21:15:23'),(113,10,1,6,'10:00:00','14:00:00',60,'2026-06-17 21:15:23','2026-06-17 21:15:23'),(114,11,1,5,'10:00:00','19:00:00',60,'2026-06-17 21:15:23','2026-06-17 21:15:23'),(115,11,2,6,'10:00:00','15:00:00',60,'2026-06-17 21:15:23','2026-06-17 21:15:23'),(116,12,3,2,'08:00:00','17:00:00',60,'2026-06-17 21:15:23','2026-06-17 21:15:23'),(117,12,1,4,'08:00:00','17:00:00',60,'2026-06-17 21:15:23','2026-06-17 21:15:23'),(118,12,2,5,'13:00:00','21:00:00',60,'2026-06-17 21:15:23','2026-06-17 21:15:23'),(119,12,3,6,'10:00:00','16:00:00',60,'2026-06-17 21:15:23','2026-06-17 21:15:23'),(120,13,1,1,'12:00:00','20:00:00',60,'2026-06-17 21:15:23','2026-06-17 21:15:23'),(121,13,2,2,'12:00:00','20:00:00',60,'2026-06-17 21:15:23','2026-06-17 21:15:23'),(122,13,3,4,'12:00:00','20:00:00',60,'2026-06-17 21:15:23','2026-06-17 21:15:23'),(123,13,1,6,'09:00:00','14:00:00',60,'2026-06-17 21:15:23','2026-06-17 21:15:23'),(124,14,2,1,'16:00:00','21:00:00',60,'2026-06-17 21:15:23','2026-06-17 21:15:23'),(125,14,3,3,'10:00:00','19:00:00',60,'2026-06-17 21:15:23','2026-06-17 21:15:23'),(126,14,1,5,'09:00:00','15:00:00',60,'2026-06-17 21:15:23','2026-06-17 21:15:23'),(127,14,2,6,'11:00:00','16:00:00',60,'2026-06-17 21:15:23','2026-06-17 21:15:23'),(128,15,3,2,'10:00:00','18:00:00',60,'2026-06-17 21:15:24','2026-06-17 21:15:24'),(129,15,1,3,'15:00:00','21:00:00',60,'2026-06-17 21:15:24','2026-06-17 21:15:24'),(130,15,2,4,'10:00:00','18:00:00',60,'2026-06-17 21:15:24','2026-06-17 21:15:24'),(131,15,3,6,'10:00:00','14:00:00',60,'2026-06-17 21:15:24','2026-06-17 21:15:24'),(132,16,1,1,'09:00:00','18:00:00',60,'2026-06-17 21:15:24','2026-06-17 21:15:24'),(133,16,2,3,'09:00:00','18:00:00',60,'2026-06-17 21:15:24','2026-06-17 21:15:24'),(134,16,3,5,'10:00:00','19:00:00',60,'2026-06-17 21:15:24','2026-06-17 21:15:24'),(135,16,1,6,'10:00:00','15:00:00',60,'2026-06-17 21:15:24','2026-06-17 21:15:24'),(136,17,2,2,'08:00:00','17:00:00',60,'2026-06-17 21:15:24','2026-06-17 21:15:24'),(137,17,3,4,'08:00:00','17:00:00',60,'2026-06-17 21:15:24','2026-06-17 21:15:24'),(138,17,1,5,'13:00:00','21:00:00',60,'2026-06-17 21:15:24','2026-06-17 21:15:24'),(139,17,2,6,'10:00:00','16:00:00',60,'2026-06-17 21:15:24','2026-06-17 21:15:24'),(140,18,3,1,'12:00:00','20:00:00',60,'2026-06-17 21:15:24','2026-06-17 21:15:24'),(141,18,1,2,'12:00:00','20:00:00',60,'2026-06-17 21:15:24','2026-06-17 21:15:24'),(142,18,2,4,'12:00:00','20:00:00',60,'2026-06-17 21:15:24','2026-06-17 21:15:24'),(143,18,3,6,'09:00:00','14:00:00',60,'2026-06-17 21:15:24','2026-06-17 21:15:24'),(144,19,1,1,'16:00:00','21:00:00',60,'2026-06-17 21:15:24','2026-06-17 21:15:24'),(145,19,2,3,'10:00:00','19:00:00',60,'2026-06-17 21:15:24','2026-06-17 21:15:24'),(146,19,3,5,'09:00:00','15:00:00',60,'2026-06-17 21:15:24','2026-06-17 21:15:24'),(147,19,1,6,'11:00:00','16:00:00',60,'2026-06-17 21:15:24','2026-06-17 21:15:24'),(148,20,2,2,'10:00:00','18:00:00',60,'2026-06-17 21:15:24','2026-06-17 21:15:24'),(149,20,3,3,'15:00:00','21:00:00',60,'2026-06-17 21:15:24','2026-06-17 21:15:24'),(150,20,1,4,'10:00:00','18:00:00',60,'2026-06-17 21:15:24','2026-06-17 21:15:24'),(151,20,2,6,'10:00:00','14:00:00',60,'2026-06-17 21:15:24','2026-06-17 21:15:24'),(152,21,3,1,'09:00:00','18:00:00',60,'2026-06-17 21:15:24','2026-06-17 21:15:24'),(153,21,1,3,'09:00:00','18:00:00',60,'2026-06-17 21:15:24','2026-06-17 21:15:24'),(154,21,2,5,'10:00:00','19:00:00',60,'2026-06-17 21:15:24','2026-06-17 21:15:24'),(155,21,3,6,'10:00:00','15:00:00',60,'2026-06-17 21:15:24','2026-06-17 21:15:24'),(156,22,1,2,'08:00:00','17:00:00',60,'2026-06-17 21:15:24','2026-06-17 21:15:24'),(157,22,2,4,'08:00:00','17:00:00',60,'2026-06-17 21:15:24','2026-06-17 21:15:24'),(158,22,3,5,'13:00:00','21:00:00',60,'2026-06-17 21:15:24','2026-06-17 21:15:24'),(159,22,1,6,'10:00:00','16:00:00',60,'2026-06-17 21:15:24','2026-06-17 21:15:24'),(160,23,2,1,'12:00:00','20:00:00',60,'2026-06-17 21:15:24','2026-06-17 21:15:24'),(161,23,3,2,'12:00:00','20:00:00',60,'2026-06-17 21:15:24','2026-06-17 21:15:24'),(162,23,1,4,'12:00:00','20:00:00',60,'2026-06-17 21:15:24','2026-06-17 21:15:24'),(163,23,2,6,'09:00:00','14:00:00',60,'2026-06-17 21:15:24','2026-06-17 21:15:24'),(164,24,3,1,'16:00:00','21:00:00',60,'2026-06-17 21:15:24','2026-06-17 21:15:24'),(165,24,1,3,'10:00:00','19:00:00',60,'2026-06-17 21:15:24','2026-06-17 21:15:24'),(166,24,2,5,'09:00:00','15:00:00',60,'2026-06-17 21:15:24','2026-06-17 21:15:24'),(167,24,3,6,'11:00:00','16:00:00',60,'2026-06-17 21:15:24','2026-06-17 21:15:24'),(168,25,1,2,'10:00:00','18:00:00',60,'2026-06-17 21:15:24','2026-06-17 21:15:24'),(169,25,2,3,'15:00:00','21:00:00',60,'2026-06-17 21:15:24','2026-06-17 21:15:24'),(170,25,3,4,'10:00:00','18:00:00',60,'2026-06-17 21:15:24','2026-06-17 21:15:24'),(171,25,1,6,'10:00:00','14:00:00',60,'2026-06-17 21:15:24','2026-06-17 21:15:24');
/*!40000 ALTER TABLE `trainer_schedules` ENABLE KEYS */;
UNLOCK TABLES;

--
-- Table structure for table `trainer_services`
--

DROP TABLE IF EXISTS `trainer_services`;
/*!40101 SET @saved_cs_client     = @@character_set_client */;
/*!50503 SET character_set_client = utf8mb4 */;
CREATE TABLE `trainer_services` (
  `id` bigint unsigned NOT NULL AUTO_INCREMENT,
  `trainer_id` bigint unsigned DEFAULT NULL,
  `name` varchar(255) COLLATE utf8mb4_unicode_ci NOT NULL,
  `slug` varchar(255) COLLATE utf8mb4_unicode_ci NOT NULL,
  `description` text COLLATE utf8mb4_unicode_ci,
  `duration_minutes` int unsigned NOT NULL DEFAULT '60',
  `price` bigint unsigned NOT NULL DEFAULT '0',
  `badge` varchar(255) COLLATE utf8mb4_unicode_ci DEFAULT NULL,
  `is_intro` tinyint(1) NOT NULL DEFAULT '0',
  `is_active` tinyint(1) NOT NULL DEFAULT '1',
  `sort_order` int unsigned NOT NULL DEFAULT '0',
  `created_at` timestamp NULL DEFAULT NULL,
  `updated_at` timestamp NULL DEFAULT NULL,
  PRIMARY KEY (`id`),
  UNIQUE KEY `trainer_services_trainer_id_slug_unique` (`trainer_id`,`slug`),
  KEY `trainer_services_is_intro_index` (`is_intro`),
  KEY `trainer_services_is_active_index` (`is_active`),
  CONSTRAINT `trainer_services_trainer_id_foreign` FOREIGN KEY (`trainer_id`) REFERENCES `trainers` (`id`) ON DELETE CASCADE
) ENGINE=InnoDB AUTO_INCREMENT=132 DEFAULT CHARSET=utf8mb4 COLLATE=utf8mb4_unicode_ci;
/*!40101 SET character_set_client = @saved_cs_client */;

--
-- Dumping data for table `trainer_services`
--

LOCK TABLES `trainer_services` WRITE;
/*!40000 ALTER TABLE `trainer_services` DISABLE KEYS */;
INSERT INTO `trainer_services` VALUES (1,1,'Вводная тренировка','intro','Знакомство, диагностика движения и план следующих шагов.',60,0,'Первое занятие',1,1,0,'2026-06-13 23:29:42','2026-06-13 23:29:42'),(2,1,'Персональная тренировка','personal','Индивидуальное занятие под вашу цель и уровень.',60,250000,'Популярно',0,1,1,'2026-06-13 23:29:42','2026-06-13 23:29:42'),(3,1,'Расширенная тренировка','extended','90 минут техники, основной работы и восстановления.',90,340000,'90 минут',0,1,2,'2026-06-13 23:29:42','2026-06-13 23:29:42'),(4,1,'Консультация тренера','consultation','Разбор целей, нагрузки, режима и тренировочного плана.',45,150000,'Консультация',0,1,3,'2026-06-13 23:29:42','2026-06-13 23:29:42'),(5,2,'Вводная тренировка','intro','Знакомство, диагностика движения и план следующих шагов.',60,0,'Первое занятие',1,1,0,'2026-06-13 23:29:42','2026-06-13 23:29:42'),(6,2,'Персональная тренировка','personal','Индивидуальное занятие под вашу цель и уровень.',60,250000,'Популярно',0,1,1,'2026-06-13 23:29:42','2026-06-13 23:29:42'),(7,2,'Расширенная тренировка','extended','90 минут техники, основной работы и восстановления.',90,340000,'90 минут',0,1,2,'2026-06-13 23:29:42','2026-06-13 23:29:42'),(8,2,'Консультация тренера','consultation','Разбор целей, нагрузки, режима и тренировочного плана.',45,150000,'Консультация',0,1,3,'2026-06-13 23:29:42','2026-06-13 23:29:42'),(9,3,'Вводная тренировка','intro','Знакомство, диагностика движения и план следующих шагов.',60,0,'Первое занятие',1,1,0,'2026-06-13 23:29:42','2026-06-13 23:29:42'),(10,3,'Персональная тренировка','personal','Индивидуальное занятие под вашу цель и уровень.',60,250000,'Популярно',0,1,1,'2026-06-13 23:29:42','2026-06-13 23:29:42'),(11,3,'Расширенная тренировка','extended','90 минут техники, основной работы и восстановления.',90,340000,'90 минут',0,1,2,'2026-06-13 23:29:42','2026-06-13 23:29:42'),(12,3,'Консультация тренера','consultation','Разбор целей, нагрузки, режима и тренировочного плана.',45,150000,'Консультация',0,1,3,'2026-06-13 23:29:42','2026-06-13 23:29:42'),(13,4,'Вводная тренировка','intro','Знакомство, диагностика движения и план следующих шагов.',60,0,'Первое занятие',1,1,0,'2026-06-13 23:29:42','2026-06-13 23:29:42'),(14,4,'Персональная тренировка','personal','Индивидуальное занятие под вашу цель и уровень.',60,250000,'Популярно',0,1,1,'2026-06-13 23:29:42','2026-06-13 23:29:42'),(15,4,'Расширенная тренировка','extended','90 минут техники, основной работы и восстановления.',90,340000,'90 минут',0,1,2,'2026-06-13 23:29:42','2026-06-13 23:29:42'),(16,4,'Консультация тренера','consultation','Разбор целей, нагрузки, режима и тренировочного плана.',45,150000,'Консультация',0,1,3,'2026-06-13 23:29:42','2026-06-13 23:29:42'),(17,5,'Вводная тренировка','intro','Знакомство, диагностика движения и план следующих шагов.',60,0,'Первое занятие',1,1,0,'2026-06-13 23:29:43','2026-06-13 23:29:43'),(18,5,'Персональная тренировка','personal','Индивидуальное занятие под вашу цель и уровень.',60,250000,'Популярно',0,1,1,'2026-06-13 23:29:43','2026-06-13 23:29:43'),(19,5,'Расширенная тренировка','extended','90 минут техники, основной работы и восстановления.',90,340000,'90 минут',0,1,2,'2026-06-13 23:29:43','2026-06-13 23:29:43'),(20,5,'Консультация тренера','consultation','Разбор целей, нагрузки, режима и тренировочного плана.',45,150000,'Консультация',0,1,3,'2026-06-13 23:29:43','2026-06-13 23:29:43'),(21,6,'Вводная тренировка','intro','Знакомство, диагностика движения и план следующих шагов.',60,0,'Первое занятие',1,1,0,'2026-06-13 23:29:43','2026-06-13 23:29:43'),(22,6,'Персональная тренировка','personal','Индивидуальное занятие под вашу цель и уровень.',60,250000,'Популярно',0,1,1,'2026-06-13 23:29:43','2026-06-13 23:29:43'),(23,6,'Расширенная тренировка','extended','90 минут техники, основной работы и восстановления.',90,340000,'90 минут',0,1,2,'2026-06-13 23:29:43','2026-06-13 23:29:43'),(24,6,'Консультация тренера','consultation','Разбор целей, нагрузки, режима и тренировочного плана.',45,150000,'Консультация',0,1,3,'2026-06-13 23:29:43','2026-06-13 23:29:43'),(25,7,'Вводная тренировка','intro','Знакомство, диагностика движения и план следующих шагов.',60,0,'Первое занятие',1,1,0,'2026-06-13 23:29:43','2026-06-13 23:29:43'),(26,7,'Персональная тренировка','personal','Индивидуальное занятие под вашу цель и уровень.',60,250000,'Популярно',0,1,1,'2026-06-13 23:29:43','2026-06-13 23:29:43'),(27,7,'Расширенная тренировка','extended','90 минут техники, основной работы и восстановления.',90,340000,'90 минут',0,1,2,'2026-06-13 23:29:43','2026-06-13 23:29:43'),(28,7,'Консультация тренера','consultation','Разбор целей, нагрузки, режима и тренировочного плана.',45,150000,'Консультация',0,1,3,'2026-06-13 23:29:43','2026-06-13 23:29:43'),(29,8,'Вводная тренировка','intro','Знакомство, диагностика движения и план следующих шагов.',60,0,'Первое занятие',1,1,0,'2026-06-13 23:29:43','2026-06-13 23:29:43'),(30,8,'Персональная тренировка','personal','Индивидуальное занятие под вашу цель и уровень.',60,250000,'Популярно',0,1,1,'2026-06-13 23:29:43','2026-06-13 23:29:43'),(31,8,'Расширенная тренировка','extended','90 минут техники, основной работы и восстановления.',90,340000,'90 минут',0,1,2,'2026-06-13 23:29:43','2026-06-13 23:29:43'),(32,8,'Консультация тренера','consultation','Разбор целей, нагрузки, режима и тренировочного плана.',45,150000,'Консультация',0,1,3,'2026-06-13 23:29:43','2026-06-13 23:29:43'),(33,9,'Вводная тренировка','intro','Знакомство, диагностика движения и план следующих шагов.',60,0,'Первое занятие',1,1,0,'2026-06-13 23:56:11','2026-06-13 23:56:11'),(34,9,'Персональная тренировка','personal','Индивидуальное занятие под вашу цель и уровень.',60,250000,'Популярно',0,1,1,'2026-06-13 23:56:11','2026-06-13 23:56:11'),(35,9,'Расширенная тренировка','extended','90 минут техники, основной работы и восстановления.',90,340000,'90 минут',0,1,2,'2026-06-13 23:56:11','2026-06-13 23:56:11'),(36,9,'Консультация тренера','consultation','Разбор целей, нагрузки, режима и тренировочного плана.',45,150000,'Консультация',0,1,3,'2026-06-13 23:56:11','2026-06-13 23:56:11'),(37,10,'Вводная тренировка','intro','Знакомство, диагностика движения и план следующих шагов.',60,0,'Первое занятие',1,1,0,'2026-06-13 23:56:11','2026-06-13 23:56:11'),(38,10,'Персональная тренировка','personal','Индивидуальное занятие под вашу цель и уровень.',60,250000,'Популярно',0,1,1,'2026-06-13 23:56:11','2026-06-13 23:56:11'),(39,10,'Расширенная тренировка','extended','90 минут техники, основной работы и восстановления.',90,340000,'90 минут',0,1,2,'2026-06-13 23:56:11','2026-06-13 23:56:11'),(40,10,'Консультация тренера','consultation','Разбор целей, нагрузки, режима и тренировочного плана.',45,150000,'Консультация',0,1,3,'2026-06-13 23:56:11','2026-06-13 23:56:11'),(41,11,'Вводная тренировка','intro','Знакомство, диагностика движения и план следующих шагов.',60,0,'Первое занятие',1,1,0,'2026-06-13 23:56:12','2026-06-13 23:56:12'),(42,11,'Персональная тренировка','personal','Индивидуальное занятие под вашу цель и уровень.',60,250000,'Популярно',0,1,1,'2026-06-13 23:56:12','2026-06-13 23:56:12'),(43,11,'Расширенная тренировка','extended','90 минут техники, основной работы и восстановления.',90,340000,'90 минут',0,1,2,'2026-06-13 23:56:12','2026-06-13 23:56:12'),(44,11,'Консультация тренера','consultation','Разбор целей, нагрузки, режима и тренировочного плана.',45,150000,'Консультация',0,1,3,'2026-06-13 23:56:12','2026-06-13 23:56:12'),(45,12,'Вводная тренировка','intro','Знакомство, диагностика движения и план следующих шагов.',60,0,'Первое занятие',1,1,0,'2026-06-13 23:56:12','2026-06-13 23:56:12'),(46,12,'Персональная тренировка','personal','Индивидуальное занятие под вашу цель и уровень.',60,250000,'Популярно',0,1,1,'2026-06-13 23:56:12','2026-06-13 23:56:12'),(47,12,'Расширенная тренировка','extended','90 минут техники, основной работы и восстановления.',90,340000,'90 минут',0,1,2,'2026-06-13 23:56:12','2026-06-13 23:56:12'),(48,12,'Консультация тренера','consultation','Разбор целей, нагрузки, режима и тренировочного плана.',45,150000,'Консультация',0,1,3,'2026-06-13 23:56:12','2026-06-13 23:56:12'),(49,13,'Вводная тренировка','intro','Знакомство, диагностика движения и план следующих шагов.',60,0,'Первое занятие',1,1,0,'2026-06-13 23:56:12','2026-06-13 23:56:12'),(50,13,'Персональная тренировка','personal','Индивидуальное занятие под вашу цель и уровень.',60,250000,'Популярно',0,1,1,'2026-06-13 23:56:12','2026-06-13 23:56:12'),(51,13,'Расширенная тренировка','extended','90 минут техники, основной работы и восстановления.',90,340000,'90 минут',0,1,2,'2026-06-13 23:56:12','2026-06-13 23:56:12'),(52,13,'Консультация тренера','consultation','Разбор целей, нагрузки, режима и тренировочного плана.',45,150000,'Консультация',0,1,3,'2026-06-13 23:56:12','2026-06-13 23:56:12'),(53,14,'Вводная тренировка','intro','Знакомство, диагностика движения и план следующих шагов.',60,0,'Первое занятие',1,1,0,'2026-06-13 23:56:12','2026-06-13 23:56:12'),(54,14,'Персональная тренировка','personal','Индивидуальное занятие под вашу цель и уровень.',60,250000,'Популярно',0,1,1,'2026-06-13 23:56:12','2026-06-13 23:56:12'),(55,14,'Расширенная тренировка','extended','90 минут техники, основной работы и восстановления.',90,340000,'90 минут',0,1,2,'2026-06-13 23:56:12','2026-06-13 23:56:12'),(56,14,'Консультация тренера','consultation','Разбор целей, нагрузки, режима и тренировочного плана.',45,150000,'Консультация',0,1,3,'2026-06-13 23:56:12','2026-06-13 23:56:12'),(57,1,'Вводная диагностика','intro-diagnostics','Знакомство с тренером, разбор цели, ограничений и первичный план занятий.',30,0,'Старт',1,1,10,'2026-06-17 21:15:24','2026-06-17 21:15:24'),(58,1,'Персональная тренировка','personal-training','Индивидуальное занятие с контролем техники, подбором нагрузки и рекомендациями.',60,250000,'1 на 1',0,1,20,'2026-06-17 21:15:24','2026-06-17 21:15:24'),(59,1,'Функциональная тренировка','profile-format','Интенсивная работа на выносливость, технику движений и снижение веса без перегруза.',60,240000,'Функционал',0,1,30,'2026-06-17 21:15:24','2026-06-17 21:15:24'),(60,2,'Вводная диагностика','intro-diagnostics','Знакомство с тренером, разбор цели, ограничений и первичный план занятий.',30,0,'Старт',1,1,10,'2026-06-17 21:15:24','2026-06-17 21:15:24'),(61,2,'Персональная тренировка','personal-training','Индивидуальное занятие с контролем техники, подбором нагрузки и рекомендациями.',60,250000,'1 на 1',0,1,20,'2026-06-17 21:15:24','2026-06-17 21:15:24'),(62,2,'Силовая тренировка','profile-format','Техника базовых упражнений, прогрессия нагрузки и безопасный набор силы.',75,290000,'Сила',0,1,30,'2026-06-17 21:15:24','2026-06-17 21:15:24'),(63,3,'Вводная диагностика','intro-diagnostics','Знакомство с тренером, разбор цели, ограничений и первичный план занятий.',30,0,'Старт',1,1,10,'2026-06-17 21:15:24','2026-06-17 21:15:24'),(64,3,'Персональная тренировка','personal-training','Индивидуальное занятие с контролем техники, подбором нагрузки и рекомендациями.',60,250000,'1 на 1',0,1,20,'2026-06-17 21:15:24','2026-06-17 21:15:24'),(65,3,'Йога и восстановление','profile-format','Йога, дыхание, расслабление и восстановление после тренировок или стресса.',60,230000,'Йога',0,1,30,'2026-06-17 21:15:24','2026-06-17 21:15:24'),(66,4,'Вводная диагностика','intro-diagnostics','Знакомство с тренером, разбор цели, ограничений и первичный план занятий.',30,0,'Старт',1,1,10,'2026-06-17 21:15:24','2026-06-17 21:15:24'),(67,4,'Персональная тренировка','personal-training','Индивидуальное занятие с контролем техники, подбором нагрузки и рекомендациями.',60,250000,'1 на 1',0,1,20,'2026-06-17 21:15:24','2026-06-17 21:15:24'),(68,4,'Функциональная тренировка','profile-format','Интенсивная работа на выносливость, технику движений и снижение веса без перегруза.',60,240000,'Функционал',0,1,30,'2026-06-17 21:15:24','2026-06-17 21:15:24'),(69,5,'Вводная диагностика','intro-diagnostics','Знакомство с тренером, разбор цели, ограничений и первичный план занятий.',30,0,'Старт',1,1,10,'2026-06-17 21:15:24','2026-06-17 21:15:24'),(70,5,'Персональная тренировка','personal-training','Индивидуальное занятие с контролем техники, подбором нагрузки и рекомендациями.',60,250000,'1 на 1',0,1,20,'2026-06-17 21:15:24','2026-06-17 21:15:24'),(71,5,'Бокс и координация','profile-format','Удары, лапы, footwork, координация и энергозатратная тренировка без спарринга.',60,270000,'Бокс',0,1,30,'2026-06-17 21:15:24','2026-06-17 21:15:24'),(72,6,'Вводная диагностика','intro-diagnostics','Знакомство с тренером, разбор цели, ограничений и первичный план занятий.',30,0,'Старт',1,1,10,'2026-06-17 21:15:24','2026-06-17 21:15:24'),(73,6,'Персональная тренировка','personal-training','Индивидуальное занятие с контролем техники, подбором нагрузки и рекомендациями.',60,250000,'1 на 1',0,1,20,'2026-06-17 21:15:24','2026-06-17 21:15:24'),(74,6,'TRX-функционал','profile-format','Работа с петлями TRX, корпусом, балансом и функциональной силой.',60,260000,'TRX',0,1,30,'2026-06-17 21:15:24','2026-06-17 21:15:24'),(75,7,'Вводная диагностика','intro-diagnostics','Знакомство с тренером, разбор цели, ограничений и первичный план занятий.',30,0,'Старт',1,1,10,'2026-06-17 21:15:24','2026-06-17 21:15:24'),(76,7,'Персональная тренировка','personal-training','Индивидуальное занятие с контролем техники, подбором нагрузки и рекомендациями.',60,250000,'1 на 1',0,1,20,'2026-06-17 21:15:24','2026-06-17 21:15:24'),(77,7,'Пилатес и stretch','profile-format','Пилатес, растяжка, гибкость и восстановление после сидячего дня или нагрузок.',60,230000,'Stretch',0,1,30,'2026-06-17 21:15:24','2026-06-17 21:15:24'),(78,8,'Вводная диагностика','intro-diagnostics','Знакомство с тренером, разбор цели, ограничений и первичный план занятий.',30,0,'Старт',1,1,10,'2026-06-17 21:15:24','2026-06-17 21:15:24'),(79,8,'Персональная тренировка','personal-training','Индивидуальное занятие с контролем техники, подбором нагрузки и рекомендациями.',60,250000,'1 на 1',0,1,20,'2026-06-17 21:15:24','2026-06-17 21:15:24'),(80,8,'Силовая тренировка','profile-format','Техника базовых упражнений, прогрессия нагрузки и безопасный набор силы.',75,290000,'Сила',0,1,30,'2026-06-17 21:15:24','2026-06-17 21:15:24'),(81,9,'Вводная диагностика','intro-diagnostics','Знакомство с тренером, разбор цели, ограничений и первичный план занятий.',30,0,'Старт',1,1,10,'2026-06-17 21:15:24','2026-06-17 21:15:24'),(82,9,'Персональная тренировка','personal-training','Индивидуальное занятие с контролем техники, подбором нагрузки и рекомендациями.',60,250000,'1 на 1',0,1,20,'2026-06-17 21:15:24','2026-06-17 21:15:24'),(83,9,'Силовая тренировка','profile-format','Техника базовых упражнений, прогрессия нагрузки и безопасный набор силы.',75,290000,'Сила',0,1,30,'2026-06-17 21:15:24','2026-06-17 21:15:24'),(84,10,'Вводная диагностика','intro-diagnostics','Знакомство с тренером, разбор цели, ограничений и первичный план занятий.',30,0,'Старт',1,1,10,'2026-06-17 21:15:24','2026-06-17 21:15:24'),(85,10,'Персональная тренировка','personal-training','Индивидуальное занятие с контролем техники, подбором нагрузки и рекомендациями.',60,250000,'1 на 1',0,1,20,'2026-06-17 21:15:24','2026-06-17 21:15:24'),(86,10,'Йога и восстановление','profile-format','Йога, дыхание, расслабление и восстановление после тренировок или стресса.',60,230000,'Йога',0,1,30,'2026-06-17 21:15:24','2026-06-17 21:15:24'),(87,11,'Вводная диагностика','intro-diagnostics','Знакомство с тренером, разбор цели, ограничений и первичный план занятий.',30,0,'Старт',1,1,10,'2026-06-17 21:15:24','2026-06-17 21:15:24'),(88,11,'Персональная тренировка','personal-training','Индивидуальное занятие с контролем техники, подбором нагрузки и рекомендациями.',60,250000,'1 на 1',0,1,20,'2026-06-17 21:15:24','2026-06-17 21:15:24'),(89,11,'Mobility и осанка','profile-format','Мягкая работа с мобильностью, осанкой, суставами и качеством движения.',60,230000,'Mobility',0,1,30,'2026-06-17 21:15:24','2026-06-17 21:15:24'),(90,12,'Вводная диагностика','intro-diagnostics','Знакомство с тренером, разбор цели, ограничений и первичный план занятий.',30,0,'Старт',1,1,10,'2026-06-17 21:15:24','2026-06-17 21:15:24'),(91,12,'Персональная тренировка','personal-training','Индивидуальное занятие с контролем техники, подбором нагрузки и рекомендациями.',60,250000,'1 на 1',0,1,20,'2026-06-17 21:15:24','2026-06-17 21:15:24'),(92,12,'Бокс и координация','profile-format','Удары, лапы, footwork, координация и энергозатратная тренировка без спарринга.',60,270000,'Бокс',0,1,30,'2026-06-17 21:15:24','2026-06-17 21:15:24'),(93,13,'Вводная диагностика','intro-diagnostics','Знакомство с тренером, разбор цели, ограничений и первичный план занятий.',30,0,'Старт',1,1,10,'2026-06-17 21:15:24','2026-06-17 21:15:24'),(94,13,'Персональная тренировка','personal-training','Индивидуальное занятие с контролем техники, подбором нагрузки и рекомендациями.',60,250000,'1 на 1',0,1,20,'2026-06-17 21:15:24','2026-06-17 21:15:24'),(95,13,'TRX-функционал','profile-format','Работа с петлями TRX, корпусом, балансом и функциональной силой.',60,260000,'TRX',0,1,30,'2026-06-17 21:15:24','2026-06-17 21:15:24'),(96,14,'Вводная диагностика','intro-diagnostics','Знакомство с тренером, разбор цели, ограничений и первичный план занятий.',30,0,'Старт',1,1,10,'2026-06-17 21:15:24','2026-06-17 21:15:24'),(97,14,'Персональная тренировка','personal-training','Индивидуальное занятие с контролем техники, подбором нагрузки и рекомендациями.',60,250000,'1 на 1',0,1,20,'2026-06-17 21:15:24','2026-06-17 21:15:24'),(98,14,'Йога и восстановление','profile-format','Йога, дыхание, расслабление и восстановление после тренировок или стресса.',60,230000,'Йога',0,1,30,'2026-06-17 21:15:24','2026-06-17 21:15:24'),(99,15,'Вводная диагностика','intro-diagnostics','Знакомство с тренером, разбор цели, ограничений и первичный план занятий.',30,0,'Старт',1,1,10,'2026-06-17 21:15:24','2026-06-17 21:15:24'),(100,15,'Персональная тренировка','personal-training','Индивидуальное занятие с контролем техники, подбором нагрузки и рекомендациями.',60,250000,'1 на 1',0,1,20,'2026-06-17 21:15:24','2026-06-17 21:15:24'),(101,15,'Функциональная тренировка','profile-format','Интенсивная работа на выносливость, технику движений и снижение веса без перегруза.',60,240000,'Функционал',0,1,30,'2026-06-17 21:15:24','2026-06-17 21:15:24'),(102,16,'Вводная диагностика','intro-diagnostics','Знакомство с тренером, разбор цели, ограничений и первичный план занятий.',30,0,'Старт',1,1,10,'2026-06-17 21:15:24','2026-06-17 21:15:24'),(103,16,'Персональная тренировка','personal-training','Индивидуальное занятие с контролем техники, подбором нагрузки и рекомендациями.',60,250000,'1 на 1',0,1,20,'2026-06-17 21:15:24','2026-06-17 21:15:24'),(104,16,'Силовая тренировка','profile-format','Техника базовых упражнений, прогрессия нагрузки и безопасный набор силы.',75,290000,'Сила',0,1,30,'2026-06-17 21:15:24','2026-06-17 21:15:24'),(105,17,'Вводная диагностика','intro-diagnostics','Знакомство с тренером, разбор цели, ограничений и первичный план занятий.',30,0,'Старт',1,1,10,'2026-06-17 21:15:24','2026-06-17 21:15:24'),(106,17,'Персональная тренировка','personal-training','Индивидуальное занятие с контролем техники, подбором нагрузки и рекомендациями.',60,250000,'1 на 1',0,1,20,'2026-06-17 21:15:24','2026-06-17 21:15:24'),(107,17,'Йога и восстановление','profile-format','Йога, дыхание, расслабление и восстановление после тренировок или стресса.',60,230000,'Йога',0,1,30,'2026-06-17 21:15:24','2026-06-17 21:15:24'),(108,18,'Вводная диагностика','intro-diagnostics','Знакомство с тренером, разбор цели, ограничений и первичный план занятий.',30,0,'Старт',1,1,10,'2026-06-17 21:15:24','2026-06-17 21:15:24'),(109,18,'Персональная тренировка','personal-training','Индивидуальное занятие с контролем техники, подбором нагрузки и рекомендациями.',60,250000,'1 на 1',0,1,20,'2026-06-17 21:15:24','2026-06-17 21:15:24'),(110,18,'Пилатес и stretch','profile-format','Пилатес, растяжка, гибкость и восстановление после сидячего дня или нагрузок.',60,230000,'Stretch',0,1,30,'2026-06-17 21:15:24','2026-06-17 21:15:24'),(111,19,'Вводная диагностика','intro-diagnostics','Знакомство с тренером, разбор цели, ограничений и первичный план занятий.',30,0,'Старт',1,1,10,'2026-06-17 21:15:24','2026-06-17 21:15:24'),(112,19,'Персональная тренировка','personal-training','Индивидуальное занятие с контролем техники, подбором нагрузки и рекомендациями.',60,250000,'1 на 1',0,1,20,'2026-06-17 21:15:24','2026-06-17 21:15:24'),(113,19,'Бокс и координация','profile-format','Удары, лапы, footwork, координация и энергозатратная тренировка без спарринга.',60,270000,'Бокс',0,1,30,'2026-06-17 21:15:24','2026-06-17 21:15:24'),(114,20,'Вводная диагностика','intro-diagnostics','Знакомство с тренером, разбор цели, ограничений и первичный план занятий.',30,0,'Старт',1,1,10,'2026-06-17 21:15:24','2026-06-17 21:15:24'),(115,20,'Персональная тренировка','personal-training','Индивидуальное занятие с контролем техники, подбором нагрузки и рекомендациями.',60,250000,'1 на 1',0,1,20,'2026-06-17 21:15:24','2026-06-17 21:15:24'),(116,20,'Пилатес и stretch','profile-format','Пилатес, растяжка, гибкость и восстановление после сидячего дня или нагрузок.',60,230000,'Stretch',0,1,30,'2026-06-17 21:15:24','2026-06-17 21:15:24'),(117,21,'Вводная диагностика','intro-diagnostics','Знакомство с тренером, разбор цели, ограничений и первичный план занятий.',30,0,'Старт',1,1,10,'2026-06-17 21:15:24','2026-06-17 21:15:24'),(118,21,'Персональная тренировка','personal-training','Индивидуальное занятие с контролем техники, подбором нагрузки и рекомендациями.',60,250000,'1 на 1',0,1,20,'2026-06-17 21:15:24','2026-06-17 21:15:24'),(119,21,'Mobility и осанка','profile-format','Мягкая работа с мобильностью, осанкой, суставами и качеством движения.',60,230000,'Mobility',0,1,30,'2026-06-17 21:15:24','2026-06-17 21:15:24'),(120,22,'Вводная диагностика','intro-diagnostics','Знакомство с тренером, разбор цели, ограничений и первичный план занятий.',30,0,'Старт',1,1,10,'2026-06-17 21:15:24','2026-06-17 21:15:24'),(121,22,'Персональная тренировка','personal-training','Индивидуальное занятие с контролем техники, подбором нагрузки и рекомендациями.',60,250000,'1 на 1',0,1,20,'2026-06-17 21:15:24','2026-06-17 21:15:24'),(122,22,'Функциональная тренировка','profile-format','Интенсивная работа на выносливость, технику движений и снижение веса без перегруза.',60,240000,'Функционал',0,1,30,'2026-06-17 21:15:24','2026-06-17 21:15:24'),(123,23,'Вводная диагностика','intro-diagnostics','Знакомство с тренером, разбор цели, ограничений и первичный план занятий.',30,0,'Старт',1,1,10,'2026-06-17 21:15:24','2026-06-17 21:15:24'),(124,23,'Персональная тренировка','personal-training','Индивидуальное занятие с контролем техники, подбором нагрузки и рекомендациями.',60,250000,'1 на 1',0,1,20,'2026-06-17 21:15:24','2026-06-17 21:15:24'),(125,23,'Функциональная тренировка','profile-format','Интенсивная работа на выносливость, технику движений и снижение веса без перегруза.',60,240000,'Функционал',0,1,30,'2026-06-17 21:15:24','2026-06-17 21:15:24'),(126,24,'Вводная диагностика','intro-diagnostics','Знакомство с тренером, разбор цели, ограничений и первичный план занятий.',30,0,'Старт',1,1,10,'2026-06-17 21:15:24','2026-06-17 21:15:24'),(127,24,'Персональная тренировка','personal-training','Индивидуальное занятие с контролем техники, подбором нагрузки и рекомендациями.',60,250000,'1 на 1',0,1,20,'2026-06-17 21:15:24','2026-06-17 21:15:24'),(128,24,'Йога и восстановление','profile-format','Йога, дыхание, расслабление и восстановление после тренировок или стресса.',60,230000,'Йога',0,1,30,'2026-06-17 21:15:24','2026-06-17 21:15:24'),(129,25,'Вводная диагностика','intro-diagnostics','Знакомство с тренером, разбор цели, ограничений и первичный план занятий.',30,0,'Старт',1,1,10,'2026-06-17 21:15:24','2026-06-17 21:15:24'),(130,25,'Персональная тренировка','personal-training','Индивидуальное занятие с контролем техники, подбором нагрузки и рекомендациями.',60,250000,'1 на 1',0,1,20,'2026-06-17 21:15:24','2026-06-17 21:15:24'),(131,25,'Силовая тренировка','profile-format','Техника базовых упражнений, прогрессия нагрузки и безопасный набор силы.',75,290000,'Сила',0,1,30,'2026-06-17 21:15:24','2026-06-17 21:15:24');
/*!40000 ALTER TABLE `trainer_services` ENABLE KEYS */;
UNLOCK TABLES;

--
-- Table structure for table `trainers`
--

DROP TABLE IF EXISTS `trainers`;
/*!40101 SET @saved_cs_client     = @@character_set_client */;
/*!50503 SET character_set_client = utf8mb4 */;
CREATE TABLE `trainers` (
  `id` bigint unsigned NOT NULL AUTO_INCREMENT,
  `user_id` bigint unsigned DEFAULT NULL,
  `name` varchar(255) COLLATE utf8mb4_unicode_ci NOT NULL,
  `specialization` varchar(255) COLLATE utf8mb4_unicode_ci NOT NULL,
  `experience_years` tinyint unsigned NOT NULL DEFAULT '0',
  `age` tinyint unsigned DEFAULT NULL,
  `bio` text COLLATE utf8mb4_unicode_ci,
  `photo_url` varchar(255) COLLATE utf8mb4_unicode_ci DEFAULT NULL,
  `telegram` varchar(255) COLLATE utf8mb4_unicode_ci DEFAULT NULL,
  `instagram` varchar(255) COLLATE utf8mb4_unicode_ci DEFAULT NULL,
  `phone` varchar(255) COLLATE utf8mb4_unicode_ci DEFAULT NULL,
  `created_at` timestamp NULL DEFAULT NULL,
  `updated_at` timestamp NULL DEFAULT NULL,
  PRIMARY KEY (`id`),
  KEY `trainers_user_id_foreign` (`user_id`),
  KEY `trainers_specialization_index` (`specialization`),
  CONSTRAINT `trainers_user_id_foreign` FOREIGN KEY (`user_id`) REFERENCES `users` (`id`) ON DELETE SET NULL
) ENGINE=InnoDB AUTO_INCREMENT=26 DEFAULT CHARSET=utf8mb4 COLLATE=utf8mb4_unicode_ci;
/*!40101 SET character_set_client = @saved_cs_client */;

--
-- Dumping data for table `trainers`
--

LOCK TABLES `trainers` WRITE;
/*!40000 ALTER TABLE `trainers` DISABLE KEYS */;
INSERT INTO `trainers` VALUES (1,1,'Анна Волкова','Функциональный тренинг и снижение веса',7,31,'Помогает начать тренироваться без перегрузки, выстроить привычку и улучшить композицию тела.','/demo/trainers/anna-volkova.svg',NULL,'@anna_volkova_nashfit','+79990001001','2026-06-13 23:29:42','2026-06-13 23:29:42'),(2,2,'Дмитрий Сильнов','Бодибилдинг и набор мышечной массы',10,35,'Специалист по силовой подготовке, гипертрофии и безопасной технике базовых упражнений.','/demo/trainers/dmitry-silnov.svg',NULL,'@dmitry_silnov_nashfit','+79990001002','2026-06-13 23:29:42','2026-06-13 23:29:42'),(3,3,'Елена Орлова','Йога, растяжка и мобильность',9,34,'Развивает мобильность, баланс и контроль тела. Практики подходят новичкам и опытным спортсменам.','/demo/trainers/elena-orlova.svg',NULL,'@elena_orlova_nashfit','+79990001003','2026-06-13 23:29:42','2026-06-13 23:29:42'),(4,4,'Максим Романов','Бокс и функциональная выносливость',8,33,'Тренировки с элементами бокса, координации и интервальной нагрузки для яркого прогресса.','/demo/trainers/maksim-romanov.svg',NULL,'@maksim_romanov_nashfit','+79990001004','2026-06-13 23:29:42','2026-06-13 23:29:42'),(5,5,'Софья Белова','Восстановление и здоровая спина',11,38,'Помогает вернуться к активности после перерывов и уменьшить дискомфорт через корректное движение.','/demo/trainers/sofia-belova.svg',NULL,'@sofia_belova_nashfit','+79990001005','2026-06-13 23:29:43','2026-06-13 23:29:43'),(6,6,'Артём Лебедев','Бег и развитие выносливости',6,29,'Готовит к первым 5 и 10 километрам, учит распределять нагрузку и бегать без травм.','/demo/trainers/artem-lebedev.svg',NULL,'@artem_lebedev_nashfit','+79990001006','2026-06-13 23:29:43','2026-06-13 23:29:43'),(7,7,'Виктория Морозова','Пилатес и тренировки для женщин',8,32,'Фокус на осанке, мышцах корпуса и бережном укреплении всего тела.','/demo/trainers/victoria-morozova.svg',NULL,'@victoria_morozova_nashfit','+79990001007','2026-06-13 23:29:43','2026-06-13 23:29:43'),(8,8,'Илья Ковалёв','Пауэрлифтинг и силовая подготовка',12,39,'Ставит технику приседа, жима и тяги, помогает системно увеличивать силовые показатели.','/demo/trainers/ilya-kovalev.svg',NULL,'@ilya_kovalev_nashfit','+79990001008','2026-06-13 23:29:43','2026-06-13 23:29:43'),(9,16,'Кирилл Савин','HIIT, кросс-тренинг и жиросжигание',7,30,'Собирает динамичные тренировки с понятной прогрессией: без хаоса, но с высокой отдачей по выносливости и тонусу.','/demo/trainers/kirill-savin.svg',NULL,'@kirill_savin_nashfit','+79990001009','2026-06-13 23:56:11','2026-06-13 23:56:11'),(10,17,'Марина Устинова','Нутрициология и коррекция привычек',9,36,'Помогает выстроить питание без запретов: режим, белок, порции, перекусы и поддержка тренировочных целей.','/demo/trainers/marina-ustinova.svg',NULL,'@marina_ustinova_nashfit','+79990001010','2026-06-13 23:56:11','2026-06-13 23:56:11'),(11,18,'Роман Шаталов','Реабилитационный фитнес и суставная мобильность',13,41,'Работает с бережным возвращением к нагрузкам, укреплением слабых звеньев и контролем техники движения.','/demo/trainers/roman-shatalov.svg',NULL,'@roman_shatalov_nashfit','+79990001011','2026-06-13 23:56:12','2026-06-13 23:56:12'),(12,19,'Алиса Корнеева','Групповые программы, танцевальное кардио и тонус',6,28,'Делает тренировки эмоциональными и понятными: ритм, координация, корпус и безопасная кардио-нагрузка.','/demo/trainers/alisa-korneeva.svg',NULL,'@alisa_korneeva_nashfit','+79990001012','2026-06-13 23:56:12','2026-06-13 23:56:12'),(13,20,'Павел Денисов','Тяжёлая атлетика и техника сложных движений',14,40,'Разбирает рывковые, тяговые и силовые паттерны на понятные шаги, чтобы прогресс шёл без лишнего риска.','/demo/trainers/pavel-denisov.svg',NULL,'@pavel_denisov_nashfit','+79990001013','2026-06-13 23:56:12','2026-06-13 23:56:12'),(14,21,'Наталья Жукова','Йога-терапия, дыхание и восстановление',12,37,'Соединяет мягкую силовую работу, дыхание и мобильность для снижения напряжения и лучшего самочувствия.','/demo/trainers/natalia-zhukova.svg',NULL,'@natalia_zhukova_nashfit','+79990001014','2026-06-13 23:56:12','2026-06-13 23:56:12'),(15,23,'Анна Кузнецова','Функциональный тренинг',7,28,'Специалист по функциональному тренингу и безопасному снижению веса. Помогает укрепить корпус, улучшить выносливость и выстроить комфортный режим тренировок.','/seed-images/trainers/anna-kuznetsova.webp',NULL,'@anna_nashfit_vk','+79990000002','2026-06-14 07:10:12','2026-06-14 11:56:23'),(16,24,'Дмитрий Сильнов','Силовая подготовка',10,35,'Тренер по силовой подготовке и технике базовых движений. Помогает набрать мышечную массу и повысить силовые показатели без лишнего риска.','/seed-images/trainers/dmitry-silnov.webp',NULL,'@dmitry_strength_vk','+79990000003','2026-06-14 07:10:12','2026-06-14 11:56:23'),(17,25,'Елена Фитнесова','Йога и стретчинг',5,26,'Инструктор по йоге и растяжке. Помогает развить гибкость, снять напряжение и восстановить подвижность после тренировок.','/seed-images/trainers/elena-fitnessova.webp',NULL,'@elena_yoga_vk','+79990000004','2026-06-14 07:10:12','2026-06-14 07:10:12'),(18,27,'София Морозова','Женский фитнес и mobility',6,29,'Работает с женским фитнесом, мобильностью и мягкой коррекцией осанки. Помогает улучшить тонус тела, координацию и качество движения.','/seed-images/trainers/sofia-morozova.webp',NULL,'@sofia_move_vk','+79990000005','2026-06-14 11:56:24','2026-06-14 11:56:24'),(19,28,'Павел Орлов','Набор мышечной массы',9,33,'Тренер по набору мышечной массы и классическому бодибилдингу. Составляет прогрессирующие планы тренировок и питания под цель.','/seed-images/trainers/pavel-orlov.webp',NULL,'@pavel_mass_vk','+79990000006','2026-06-14 11:56:24','2026-06-14 11:56:24'),(20,29,'Алина Ветрова','Пилатес и stretch',5,27,'Ведёт занятия по пилатесу, стретчингу и мягкому восстановлению. Помогает снять зажимы, улучшить гибкость и самочувствие.','/seed-images/trainers/alina-vetrova.webp',NULL,'@alina_stretch_vk','+79990000007','2026-06-14 11:56:24','2026-06-14 11:56:24'),(21,30,'Роман Белов','Cross-training',8,31,'Тренер по интервальным и кросс-тренировкам. Помогает развить общую физическую форму, выносливость и функциональную силу.','/seed-images/trainers/roman-belov.webp',NULL,'@roman_cross_vk','+79990000008','2026-06-14 11:56:24','2026-06-14 11:56:24'),(22,31,'Максим Козлов','Единоборства и кондиция',7,30,'Тренер по боксу, кардио-кондиции и координации. Подходит тем, кто хочет сочетать мощную тренировку, технику и выносливость.','/seed-images/trainers/maksim-kozlov.webp',NULL,'@maksim_box_vk','+79990000009','2026-06-14 11:56:25','2026-06-14 11:56:25'),(23,32,'Андрей Соколов','TRX и функциональная сила',11,39,'Эксперт по TRX, функциональной силе и тренировкам для занятых людей. Умеет быстро собрать эффективную программу под график клиента.','/seed-images/trainers/andrey-sokolov.webp',NULL,'@andrey_trx_vk','+79990000015','2026-06-14 11:56:25','2026-06-14 11:56:25'),(24,33,'Ксения Романова','Фитнес для начинающих',4,26,'Помогает новичкам без стресса войти в тренировки, освоить технику и удерживать мотивацию. Специализируется на мягком старте и дисциплине.','/seed-images/trainers/ksenia-romanova.webp',NULL,'@ksenia_start_vk','+79990000016','2026-06-14 11:56:25','2026-06-14 11:56:25'),(25,34,'Игорь Устинов','Силовая выносливость',12,41,'Сочетает силовую выносливость, общефизическую подготовку и грамотную периодизацию нагрузок. Подходит для долгосрочного прогресса.','/seed-images/trainers/igor-ustinov.webp',NULL,'@igor_power_vk','+79990000017','2026-06-14 11:56:25','2026-06-14 11:56:25');
/*!40000 ALTER TABLE `trainers` ENABLE KEYS */;
UNLOCK TABLES;

--
-- Table structure for table `user_addresses`
--

DROP TABLE IF EXISTS `user_addresses`;
/*!40101 SET @saved_cs_client     = @@character_set_client */;
/*!50503 SET character_set_client = utf8mb4 */;
CREATE TABLE `user_addresses` (
  `id` bigint unsigned NOT NULL AUTO_INCREMENT,
  `user_id` bigint unsigned NOT NULL,
  `label` varchar(255) COLLATE utf8mb4_unicode_ci NOT NULL DEFAULT 'Дом',
  `recipient_name` varchar(255) COLLATE utf8mb4_unicode_ci NOT NULL,
  `phone` varchar(50) COLLATE utf8mb4_unicode_ci NOT NULL,
  `city` varchar(255) COLLATE utf8mb4_unicode_ci NOT NULL,
  `address_line` varchar(255) COLLATE utf8mb4_unicode_ci NOT NULL,
  `postal_code` varchar(32) COLLATE utf8mb4_unicode_ci DEFAULT NULL,
  `is_default` tinyint(1) NOT NULL DEFAULT '0',
  `created_at` timestamp NULL DEFAULT NULL,
  `updated_at` timestamp NULL DEFAULT NULL,
  PRIMARY KEY (`id`),
  KEY `user_addresses_user_id_foreign` (`user_id`),
  KEY `user_addresses_is_default_index` (`is_default`),
  CONSTRAINT `user_addresses_user_id_foreign` FOREIGN KEY (`user_id`) REFERENCES `users` (`id`) ON DELETE CASCADE
) ENGINE=InnoDB DEFAULT CHARSET=utf8mb4 COLLATE=utf8mb4_unicode_ci;
/*!40101 SET character_set_client = @saved_cs_client */;

--
-- Dumping data for table `user_addresses`
--

LOCK TABLES `user_addresses` WRITE;
/*!40000 ALTER TABLE `user_addresses` DISABLE KEYS */;
/*!40000 ALTER TABLE `user_addresses` ENABLE KEYS */;
UNLOCK TABLES;

--
-- Table structure for table `user_memberships`
--

DROP TABLE IF EXISTS `user_memberships`;
/*!40101 SET @saved_cs_client     = @@character_set_client */;
/*!50503 SET character_set_client = utf8mb4 */;
CREATE TABLE `user_memberships` (
  `id` bigint unsigned NOT NULL AUTO_INCREMENT,
  `user_id` bigint unsigned NOT NULL,
  `membership_id` bigint unsigned NOT NULL,
  `payment_id` bigint unsigned DEFAULT NULL,
  `promo_code_id` bigint unsigned DEFAULT NULL,
  `promotion_id` bigint unsigned DEFAULT NULL,
  `status` varchar(255) COLLATE utf8mb4_unicode_ci NOT NULL DEFAULT 'pending',
  `subtotal_amount` bigint unsigned NOT NULL DEFAULT '0',
  `discount_amount` bigint unsigned NOT NULL DEFAULT '0',
  `total_amount` bigint unsigned NOT NULL DEFAULT '0',
  `starts_at` timestamp NULL DEFAULT NULL,
  `ends_at` timestamp NULL DEFAULT NULL,
  `is_trial_grant` tinyint(1) NOT NULL DEFAULT '0',
  `metadata` json DEFAULT NULL,
  `created_at` timestamp NULL DEFAULT NULL,
  `updated_at` timestamp NULL DEFAULT NULL,
  PRIMARY KEY (`id`),
  KEY `user_memberships_membership_id_foreign` (`membership_id`),
  KEY `user_memberships_payment_id_foreign` (`payment_id`),
  KEY `user_memberships_promo_code_id_foreign` (`promo_code_id`),
  KEY `user_memberships_promotion_id_foreign` (`promotion_id`),
  KEY `user_memberships_user_id_status_index` (`user_id`,`status`),
  KEY `user_memberships_status_index` (`status`),
  KEY `user_memberships_is_trial_grant_index` (`is_trial_grant`),
  CONSTRAINT `user_memberships_membership_id_foreign` FOREIGN KEY (`membership_id`) REFERENCES `memberships` (`id`) ON DELETE RESTRICT,
  CONSTRAINT `user_memberships_payment_id_foreign` FOREIGN KEY (`payment_id`) REFERENCES `payments` (`id`) ON DELETE SET NULL,
  CONSTRAINT `user_memberships_promo_code_id_foreign` FOREIGN KEY (`promo_code_id`) REFERENCES `promo_codes` (`id`) ON DELETE SET NULL,
  CONSTRAINT `user_memberships_promotion_id_foreign` FOREIGN KEY (`promotion_id`) REFERENCES `promotions` (`id`) ON DELETE SET NULL,
  CONSTRAINT `user_memberships_user_id_foreign` FOREIGN KEY (`user_id`) REFERENCES `users` (`id`) ON DELETE CASCADE
) ENGINE=InnoDB AUTO_INCREMENT=12 DEFAULT CHARSET=utf8mb4 COLLATE=utf8mb4_unicode_ci;
/*!40101 SET character_set_client = @saved_cs_client */;

--
-- Dumping data for table `user_memberships`
--

LOCK TABLES `user_memberships` WRITE;
/*!40000 ALTER TABLE `user_memberships` DISABLE KEYS */;
INSERT INTO `user_memberships` VALUES (1,9,3,NULL,NULL,NULL,'active',990000,0,990000,'2026-05-14 08:07:14','2026-08-14 08:07:14',0,'{\"demo\": true}','2026-06-13 23:29:45','2026-06-14 08:07:14'),(2,10,3,NULL,NULL,NULL,'active',990000,0,990000,'2026-05-14 08:07:14','2026-08-14 08:07:14',0,'{\"demo\": true}','2026-06-13 23:29:45','2026-06-14 08:07:14'),(3,11,3,NULL,NULL,NULL,'active',990000,0,990000,'2026-05-14 08:07:14','2026-08-14 08:07:14',0,'{\"demo\": true}','2026-06-13 23:29:45','2026-06-14 08:07:14'),(4,15,1,NULL,NULL,NULL,'active',0,0,0,'2026-06-13 23:31:05','2026-07-13 23:31:05',1,'{\"source\": \"automatic_welcome_offer\"}','2026-06-13 23:31:05','2026-06-13 23:31:05'),(5,15,5,7,1,1,'active',2790000,334800,2455200,'2026-06-14 00:59:51','2027-06-14 00:59:51',0,NULL,'2026-06-13 23:32:59','2026-06-14 00:59:51'),(6,15,6,8,1,1,'active',4590000,550800,4039200,'2026-06-13 23:35:14','2028-06-13 23:35:14',0,NULL,'2026-06-13 23:34:48','2026-06-13 23:35:14'),(7,1,1,NULL,NULL,NULL,'active',0,0,0,'2026-06-14 01:02:15','2026-07-14 01:02:15',1,'{\"source\": \"automatic_welcome_offer\"}','2026-06-14 01:02:15','2026-06-14 01:02:15'),(8,22,1,NULL,NULL,NULL,'active',0,0,0,'2026-06-14 01:03:19','2026-07-14 01:03:19',1,'{\"source\": \"automatic_welcome_offer\"}','2026-06-14 01:03:19','2026-06-14 01:03:19'),(9,22,4,14,1,1,'active',1690000,202800,1487200,'2026-06-14 08:02:39','2026-12-14 08:02:39',0,NULL,'2026-06-14 08:02:37','2026-06-14 08:02:39'),(10,26,1,NULL,NULL,NULL,'active',0,0,0,'2026-06-16 09:20:12','2026-07-16 09:20:12',1,'{\"source\": \"automatic_welcome_offer\"}','2026-06-16 09:20:12','2026-06-16 09:20:12'),(11,29,1,NULL,NULL,NULL,'active',0,0,0,'2026-06-17 20:18:36','2026-07-17 20:18:36',1,'{\"source\": \"automatic_welcome_offer\"}','2026-06-17 20:18:36','2026-06-17 20:18:36');
/*!40000 ALTER TABLE `user_memberships` ENABLE KEYS */;
UNLOCK TABLES;

--
-- Table structure for table `user_notifications`
--

DROP TABLE IF EXISTS `user_notifications`;
/*!40101 SET @saved_cs_client     = @@character_set_client */;
/*!50503 SET character_set_client = utf8mb4 */;
CREATE TABLE `user_notifications` (
  `id` bigint unsigned NOT NULL AUTO_INCREMENT,
  `user_id` bigint unsigned NOT NULL,
  `actor_id` bigint unsigned DEFAULT NULL,
  `type` varchar(255) COLLATE utf8mb4_unicode_ci NOT NULL DEFAULT 'system',
  `title` varchar(255) COLLATE utf8mb4_unicode_ci NOT NULL,
  `body` text COLLATE utf8mb4_unicode_ci,
  `action_url` varchar(255) COLLATE utf8mb4_unicode_ci DEFAULT NULL,
  `icon` varchar(255) COLLATE utf8mb4_unicode_ci DEFAULT NULL,
  `data` json DEFAULT NULL,
  `read_at` timestamp NULL DEFAULT NULL,
  `created_at` timestamp NULL DEFAULT NULL,
  `updated_at` timestamp NULL DEFAULT NULL,
  `message` text COLLATE utf8mb4_unicode_ci,
  `payload` json DEFAULT NULL,
  `url` varchar(255) COLLATE utf8mb4_unicode_ci DEFAULT NULL,
  `is_read` tinyint(1) NOT NULL DEFAULT '0',
  PRIMARY KEY (`id`),
  KEY `user_notifications_actor_id_foreign` (`actor_id`),
  KEY `user_notifications_user_id_created_at_index` (`user_id`,`created_at`),
  KEY `user_notifications_user_id_read_at_index` (`user_id`,`read_at`),
  KEY `user_notifications_type_index` (`type`),
  KEY `user_notifications_read_at_index` (`read_at`),
  KEY `user_notifications_is_read_index` (`is_read`),
  CONSTRAINT `user_notifications_actor_id_foreign` FOREIGN KEY (`actor_id`) REFERENCES `users` (`id`) ON DELETE SET NULL,
  CONSTRAINT `user_notifications_user_id_foreign` FOREIGN KEY (`user_id`) REFERENCES `users` (`id`) ON DELETE CASCADE
) ENGINE=InnoDB AUTO_INCREMENT=165 DEFAULT CHARSET=utf8mb4 COLLATE=utf8mb4_unicode_ci;
/*!40101 SET character_set_client = @saved_cs_client */;

--
-- Dumping data for table `user_notifications`
--

LOCK TABLES `user_notifications` WRITE;
/*!40000 ALTER TABLE `user_notifications` DISABLE KEYS */;
INSERT INTO `user_notifications` VALUES (1,15,NULL,'membership.activated','Абонемент активирован','Абонемент «24 месяца» успешно активирован.','/account/membership','credit-card','{\"payment_id\": 8}','2026-06-13 23:36:59','2026-06-13 23:35:14','2026-06-13 23:36:59','Абонемент «24 месяца» успешно активирован.',NULL,NULL,0),(2,15,15,'admin.membership.paid','Оплачен абонемент','Пользователь оплатил абонемент «24 месяца».','/admin/monetization','credit-card','{\"payment_id\": 8}','2026-06-13 23:36:59','2026-06-13 23:35:14','2026-06-13 23:36:59','Пользователь оплатил абонемент «24 месяца».',NULL,NULL,0),(3,15,15,'order.created','Заказ оформлен','Заказ №7 создан. Завершите демонстрационную оплату.','/account/orders','package','{\"order_id\": 7}',NULL,'2026-06-13 23:37:05','2026-06-13 23:37:05','Заказ №7 создан. Завершите демонстрационную оплату.',NULL,NULL,0),(4,15,15,'admin.order.new','Новый заказ','Заказ №7 на сумму 1 690 ₽.','/admin/orders','package','{\"order_id\": 7}',NULL,'2026-06-13 23:37:05','2026-06-13 23:37:05','Заказ №7 на сумму 1 690 ₽.',NULL,NULL,0),(5,15,NULL,'order.paid','Заказ оплачен','Заказ №7 оплачен и передан в обработку.','/account/orders','package','{\"payment_id\": 9}',NULL,'2026-06-13 23:37:06','2026-06-13 23:37:06','Заказ №7 оплачен и передан в обработку.',NULL,NULL,0),(7,15,15,'program.started','Программа начата','Вы начали программу «Функциональный старт».','/account/programs','target','{\"program_id\": 1}',NULL,'2026-06-13 23:40:14','2026-06-13 23:40:14','Вы начали программу «Функциональный старт».',NULL,NULL,0),(8,15,15,'program.started','Программа начата','Вы начали программу «Сильное тело».','/account/programs','target','{\"program_id\": 2}',NULL,'2026-06-13 23:57:32','2026-06-13 23:57:32','Вы начали программу «Сильное тело».',NULL,NULL,0),(9,15,15,'order.created','Заказ оформлен','Заказ №8 создан. Завершите демонстрационную оплату.','/account/orders','package','{\"order_id\": 8}',NULL,'2026-06-14 00:11:44','2026-06-14 00:11:44','Заказ №8 создан. Завершите демонстрационную оплату.',NULL,NULL,0),(10,15,15,'admin.order.new','Новый заказ','Заказ №8 на сумму 1 690 ₽.','/admin/orders','package','{\"order_id\": 8}',NULL,'2026-06-14 00:11:44','2026-06-14 00:11:44','Заказ №8 на сумму 1 690 ₽.',NULL,NULL,0),(11,15,NULL,'order.paid','Заказ оплачен','Заказ №8 оплачен и передан в обработку.','/account/orders','package','{\"payment_id\": 10}',NULL,'2026-06-14 00:11:45','2026-06-14 00:11:45','Заказ №8 оплачен и передан в обработку.',NULL,NULL,0),(13,15,NULL,'booking.paid','Тренировка оплачена','Запись к тренеру подтверждена оплатой.','/account/bookings','calendar','{\"payment_id\": 11}',NULL,'2026-06-14 00:12:28','2026-06-14 00:12:28','Запись к тренеру подтверждена оплатой.',NULL,NULL,0),(14,19,15,'trainer.booking.paid','Клиент оплатил тренировку','Дэк оплатил запись.','/account/bookings','dumbbell','{\"payment_id\": 11}',NULL,'2026-06-14 00:12:28','2026-06-14 00:12:28','Дэк оплатил запись.',NULL,NULL,0),(15,15,15,'admin.booking.paid','Оплачена запись к тренеру','Оплачена запись к Алиса Корнеева.','/admin/bookings','calendar','{\"payment_id\": 11}',NULL,'2026-06-14 00:12:28','2026-06-14 00:12:28','Оплачена запись к Алиса Корнеева.',NULL,NULL,0),(16,15,15,'booking.created','Запись создана','Вы записаны на Вводная тренировка: 15.06.2026 09:00.','/account/bookings','calendar','{\"booking_id\": 7}',NULL,'2026-06-14 00:12:28','2026-06-14 00:12:28','Вы записаны на Вводная тренировка: 15.06.2026 09:00.',NULL,NULL,0),(17,19,15,'trainer.booking.new','Новая запись клиента','Дэк записался на Вводная тренировка: 15.06.2026 09:00.','/account/bookings','dumbbell','{\"booking_id\": 7}',NULL,'2026-06-14 00:12:28','2026-06-14 00:12:28','Дэк записался на Вводная тренировка: 15.06.2026 09:00.',NULL,NULL,0),(18,15,15,'admin.booking.new','Новая запись к тренеру','Дэк записался к Алиса Корнеева.','/admin/bookings','calendar','{\"booking_id\": 7}',NULL,'2026-06-14 00:12:28','2026-06-14 00:12:28','Дэк записался к Алиса Корнеева.',NULL,NULL,0),(19,15,NULL,'membership.activated','Абонемент активирован','Абонемент «1 год» успешно активирован.','/account/membership','credit-card','{\"payment_id\": 7}',NULL,'2026-06-14 00:59:51','2026-06-14 00:59:51','Абонемент «1 год» успешно активирован.',NULL,NULL,0),(20,15,15,'admin.membership.paid','Оплачен абонемент','Пользователь оплатил абонемент «1 год».','/admin/monetization','credit-card','{\"payment_id\": 7}',NULL,'2026-06-14 00:59:51','2026-06-14 00:59:51','Пользователь оплатил абонемент «1 год».',NULL,NULL,0),(21,22,22,'program.started','Программа начата','Вы начали программу «Функциональный старт».','/account/programs','target','{\"program_id\": 1}','2026-06-14 01:18:16','2026-06-14 01:10:25','2026-06-14 01:18:16','Вы начали программу «Функциональный старт».',NULL,NULL,0),(22,22,22,'booking.created','Запись создана','Вы записаны на Персональная тренировка: 23.06.2026 11:00.','/account/bookings','calendar','{\"booking_id\": 8}','2026-06-14 01:18:16','2026-06-14 01:10:56','2026-06-14 01:18:16','Вы записаны на Персональная тренировка: 23.06.2026 11:00.',NULL,NULL,0),(23,7,22,'trainer.booking.new','Новая запись клиента','Дэк записался на Персональная тренировка: 23.06.2026 11:00.','/account/bookings','dumbbell','{\"booking_id\": 8}',NULL,'2026-06-14 01:10:56','2026-06-14 01:10:56','Дэк записался на Персональная тренировка: 23.06.2026 11:00.',NULL,NULL,0),(24,15,22,'admin.booking.new','Новая запись к тренеру','Дэк записался к Виктория Морозова.','/admin/bookings','calendar','{\"booking_id\": 8}',NULL,'2026-06-14 01:10:56','2026-06-14 01:10:56','Дэк записался к Виктория Морозова.',NULL,NULL,0),(25,22,NULL,'booking.paid','Тренировка оплачена','Запись к тренеру подтверждена оплатой.','/account/bookings','calendar','{\"payment_id\": 12}','2026-06-14 01:18:16','2026-06-14 01:10:57','2026-06-14 01:18:16','Запись к тренеру подтверждена оплатой.',NULL,NULL,0),(26,7,22,'trainer.booking.paid','Клиент оплатил тренировку','Дэк оплатил запись.','/account/bookings','dumbbell','{\"payment_id\": 12}',NULL,'2026-06-14 01:10:57','2026-06-14 01:10:57','Дэк оплатил запись.',NULL,NULL,0),(27,15,22,'admin.booking.paid','Оплачена запись к тренеру','Оплачена запись к Виктория Морозова.','/admin/bookings','calendar','{\"payment_id\": 12}',NULL,'2026-06-14 01:10:57','2026-06-14 01:10:57','Оплачена запись к Виктория Морозова.',NULL,NULL,0),(28,22,22,'program.started','Программа начата','Вы начали программу «Сильное тело».','/account/programs','target','{\"program_id\": 2}','2026-06-14 05:23:29','2026-06-14 05:22:43','2026-06-14 05:23:29','Вы начали программу «Сильное тело».',NULL,NULL,0),(29,22,22,'booking.created','Запись создана','Вы записаны на Консультация тренера: 17.06.2026 13:30.','/account/bookings','calendar','{\"booking_id\": 9}','2026-06-14 08:03:20','2026-06-14 08:01:33','2026-06-14 08:03:20','Вы записаны на Консультация тренера: 17.06.2026 13:30.',NULL,NULL,0),(30,6,22,'trainer.booking.new','Новая запись клиента','Дэк записался на Консультация тренера: 17.06.2026 13:30.','/account/bookings','dumbbell','{\"booking_id\": 9}',NULL,'2026-06-14 08:01:33','2026-06-14 08:01:33','Дэк записался на Консультация тренера: 17.06.2026 13:30.',NULL,NULL,0),(31,15,22,'admin.booking.new','Новая запись к тренеру','Дэк записался к Артём Лебедев.','/admin/bookings','calendar','{\"booking_id\": 9}',NULL,'2026-06-14 08:01:33','2026-06-14 08:01:33','Дэк записался к Артём Лебедев.',NULL,NULL,0),(32,22,NULL,'booking.paid','Тренировка оплачена','Запись к тренеру подтверждена оплатой.','/account/bookings','calendar','{\"payment_id\": 13}','2026-06-14 08:03:20','2026-06-14 08:01:35','2026-06-14 08:03:20','Запись к тренеру подтверждена оплатой.',NULL,NULL,0),(33,6,22,'trainer.booking.paid','Клиент оплатил тренировку','Дэк оплатил запись.','/account/bookings','dumbbell','{\"payment_id\": 13}',NULL,'2026-06-14 08:01:35','2026-06-14 08:01:35','Дэк оплатил запись.',NULL,NULL,0),(34,15,22,'admin.booking.paid','Оплачена запись к тренеру','Оплачена запись к Артём Лебедев.','/admin/bookings','calendar','{\"payment_id\": 13}',NULL,'2026-06-14 08:01:35','2026-06-14 08:01:35','Оплачена запись к Артём Лебедев.',NULL,NULL,0),(35,22,22,'program.started','Программа начата','Вы начали программу «Основа набора массы».','/account/programs','target','{\"program_id\": 3}','2026-06-14 08:03:20','2026-06-14 08:01:56','2026-06-14 08:03:20','Вы начали программу «Основа набора массы».',NULL,NULL,0),(36,22,NULL,'membership.activated','Абонемент активирован','Абонемент «6 месяцев» успешно активирован.','/account/membership','credit-card','{\"payment_id\": 14}','2026-06-14 08:03:20','2026-06-14 08:02:39','2026-06-14 08:03:20','Абонемент «6 месяцев» успешно активирован.',NULL,NULL,0),(37,15,22,'admin.membership.paid','Оплачен абонемент','Пользователь оплатил абонемент «6 месяцев».','/admin/monetization','credit-card','{\"payment_id\": 14}',NULL,'2026-06-14 08:02:39','2026-06-14 08:02:39','Пользователь оплатил абонемент «6 месяцев».',NULL,NULL,0),(38,22,22,'order.created','Заказ оформлен','Заказ №9 создан. Завершите демонстрационную оплату.','/account/orders','package','{\"order_id\": 9}','2026-06-14 08:03:20','2026-06-14 08:03:01','2026-06-14 08:03:20','Заказ №9 создан. Завершите демонстрационную оплату.',NULL,NULL,0),(39,15,22,'admin.order.new','Новый заказ','Заказ №9 на сумму 2 490 ₽.','/admin/orders','package','{\"order_id\": 9}',NULL,'2026-06-14 08:03:01','2026-06-14 08:03:01','Заказ №9 на сумму 2 490 ₽.',NULL,NULL,0),(40,22,NULL,'order.paid','Заказ оплачен','Заказ №9 оплачен и передан в обработку.','/account/orders','package','{\"payment_id\": 15}','2026-06-14 08:03:20','2026-06-14 08:03:04','2026-06-14 08:03:20','Заказ №9 оплачен и передан в обработку.',NULL,NULL,0),(41,15,22,'admin.order.paid','Заказ оплачен','Заказ №9 оплачен.','/admin/orders','package','{\"payment_id\": 15}',NULL,'2026-06-14 08:03:04','2026-06-14 08:03:04','Заказ №9 оплачен.',NULL,NULL,0),(42,22,22,'booking.created','Запись создана','Вы записаны на Консультация тренера: 15.06.2026 09:45.','/account/bookings','calendar','{\"booking_id\": 10}','2026-06-14 09:00:34','2026-06-14 08:53:44','2026-06-14 09:00:34','Вы записаны на Консультация тренера: 15.06.2026 09:45.',NULL,NULL,0),(43,1,22,'trainer.booking.new','Новая запись клиента','Дэк записался на Консультация тренера: 15.06.2026 09:45.','/account/bookings','dumbbell','{\"booking_id\": 10}','2026-06-17 20:03:19','2026-06-14 08:53:44','2026-06-17 20:03:19','Дэк записался на Консультация тренера: 15.06.2026 09:45.',NULL,NULL,0),(44,15,22,'admin.booking.new','Новая запись к тренеру','Дэк записался к Анна Волкова.','/admin/bookings','calendar','{\"booking_id\": 10}',NULL,'2026-06-14 08:53:44','2026-06-14 08:53:44','Дэк записался к Анна Волкова.',NULL,NULL,0),(45,22,NULL,'booking.paid','Тренировка оплачена','Запись к тренеру подтверждена оплатой.','/account/bookings','calendar','{\"payment_id\": 16}','2026-06-14 09:00:34','2026-06-14 08:53:51','2026-06-14 09:00:34','Запись к тренеру подтверждена оплатой.',NULL,NULL,0),(46,1,22,'trainer.booking.paid','Клиент оплатил тренировку','Дэк оплатил запись.','/account/bookings','dumbbell','{\"payment_id\": 16}','2026-06-17 20:03:19','2026-06-14 08:53:51','2026-06-17 20:03:19','Дэк оплатил запись.',NULL,NULL,0),(47,15,22,'admin.booking.paid','Оплачена запись к тренеру','Оплачена запись к Анна Волкова.','/admin/bookings','calendar','{\"payment_id\": 16}',NULL,'2026-06-14 08:53:51','2026-06-14 08:53:51','Оплачена запись к Анна Волкова.',NULL,NULL,0),(48,22,22,'program.started','Программа начата','Вы начали программу «Перезагрузка мобильности».','/account/programs','target','{\"program_id\": 5}','2026-06-14 09:00:34','2026-06-14 08:54:39','2026-06-14 09:00:34','Вы начали программу «Перезагрузка мобильности».',NULL,NULL,0),(49,22,22,'article.moderated','Статья опубликована','Материал «Ehfushefuh efifj iejf ei efj feiei» получил новый статус.','/account/articles','newspaper','{\"status\": \"published\", \"article_id\": 24}','2026-06-14 09:00:34','2026-06-14 08:58:18','2026-06-14 09:00:34','Материал «Ehfushefuh efifj iejf ei efj feiei» получил новый статус.',NULL,NULL,0),(50,2,22,'article.moderated','Статья опубликована','Материал «Белок без мифов: сколько нужно именно вам» получил новый статус.','/account/articles','newspaper','{\"status\": \"published\", \"article_id\": 3}',NULL,'2026-06-14 08:58:23','2026-06-14 08:58:23','Материал «Белок без мифов: сколько нужно именно вам» получил новый статус.',NULL,NULL,0),(51,1,22,'article.moderated','Статья опубликована','Материал «Как начать функциональные тренировки» получил новый статус.','/account/articles','newspaper','{\"status\": \"published\", \"article_id\": 1}','2026-06-17 20:03:19','2026-06-14 08:58:26','2026-06-17 20:03:19','Материал «Как начать функциональные тренировки» получил новый статус.',NULL,NULL,0),(52,23,22,'article.moderated','Статья опубликована','Материал «5 ошибок при похудении» получил новый статус.','/account/articles','newspaper','{\"status\": \"published\", \"article_id\": 22}',NULL,'2026-06-14 08:58:30','2026-06-14 08:58:30','Материал «5 ошибок при похудении» получил новый статус.',NULL,NULL,0),(53,23,22,'article.moderated','Статья опубликована','Материал «Как начать тренироваться: руководство для новичков» получил новый статус.','/account/articles','newspaper','{\"status\": \"published\", \"article_id\": 19}',NULL,'2026-06-14 08:58:32','2026-06-14 08:58:32','Материал «Как начать тренироваться: руководство для новичков» получил новый статус.',NULL,NULL,0),(54,24,22,'article.moderated','Статья опубликована','Материал «Питание для набора мышечной массы» получил новый статус.','/account/articles','newspaper','{\"status\": \"published\", \"article_id\": 20}',NULL,'2026-06-14 08:58:33','2026-06-14 08:58:33','Материал «Питание для набора мышечной массы» получил новый статус.',NULL,NULL,0),(55,2,22,'article.moderated','Статья опубликована','Материал «Техника важнее веса: база силового тренинга» получил новый статус.','/account/articles','newspaper','{\"status\": \"published\", \"article_id\": 2}',NULL,'2026-06-14 08:58:49','2026-06-14 08:58:49','Материал «Техника важнее веса: база силового тренинга» получил новый статус.',NULL,NULL,0),(57,22,22,'order.created','Заказ оформлен','Заказ №10 создан. Завершите демонстрационную оплату.','/account/orders','package','{\"order_id\": 10}','2026-06-14 09:00:34','2026-06-14 09:00:16','2026-06-14 09:00:34','Заказ №10 создан. Завершите демонстрационную оплату.',NULL,NULL,0),(58,15,22,'admin.order.new','Новый заказ','Заказ №10 на сумму 2 490 ₽.','/admin/orders','package','{\"order_id\": 10}',NULL,'2026-06-14 09:00:16','2026-06-14 09:00:16','Заказ №10 на сумму 2 490 ₽.',NULL,NULL,0),(59,22,22,'admin.order.new','Новый заказ','Заказ №10 на сумму 2 490 ₽.','/admin/orders','package','{\"order_id\": 10}','2026-06-14 09:00:34','2026-06-14 09:00:16','2026-06-14 09:00:34','Заказ №10 на сумму 2 490 ₽.',NULL,NULL,0),(60,22,NULL,'order.paid','Заказ оплачен','Заказ №10 оплачен и передан в обработку.','/account/orders','package','{\"payment_id\": 17}','2026-06-14 09:00:34','2026-06-14 09:00:17','2026-06-14 09:00:34','Заказ №10 оплачен и передан в обработку.',NULL,NULL,0),(61,15,22,'admin.order.paid','Заказ оплачен','Заказ №10 оплачен.','/admin/orders','package','{\"payment_id\": 17}',NULL,'2026-06-14 09:00:17','2026-06-14 09:00:17','Заказ №10 оплачен.',NULL,NULL,0),(63,15,NULL,'booking.paid','Тренировка оплачена','Запись к тренеру подтверждена оплатой.','/account/bookings','calendar','{\"payment_id\": 18}',NULL,'2026-06-16 06:22:55','2026-06-16 06:22:55','Запись к тренеру подтверждена оплатой.',NULL,NULL,0),(64,8,15,'trainer.booking.paid','Клиент оплатил тренировку','Дэк оплатил запись.','/account/bookings','dumbbell','{\"payment_id\": 18}',NULL,'2026-06-16 06:22:55','2026-06-16 06:22:55','Дэк оплатил запись.',NULL,NULL,0),(65,15,15,'admin.booking.paid','Оплачена запись к тренеру','Оплачена запись к Илья Ковалёв.','/admin/bookings','calendar','{\"payment_id\": 18}',NULL,'2026-06-16 06:22:55','2026-06-16 06:22:55','Оплачена запись к Илья Ковалёв.',NULL,NULL,0),(66,22,15,'admin.booking.paid','Оплачена запись к тренеру','Оплачена запись к Илья Ковалёв.','/admin/bookings','calendar','{\"payment_id\": 18}',NULL,'2026-06-16 06:22:55','2026-06-16 06:22:55','Оплачена запись к Илья Ковалёв.',NULL,NULL,0),(67,26,15,'admin.booking.paid','Оплачена запись к тренеру','Оплачена запись к Илья Ковалёв.','/admin/bookings','calendar','{\"payment_id\": 18}','2026-06-16 09:21:30','2026-06-16 06:22:55','2026-06-16 09:21:30','Оплачена запись к Илья Ковалёв.',NULL,NULL,0),(68,15,15,'booking.created','Запись создана','Вы записаны на Вводная тренировка: 16.06.2026 12:00.','/account/bookings','calendar','{\"booking_id\": 11}',NULL,'2026-06-16 06:22:55','2026-06-16 06:22:55','Вы записаны на Вводная тренировка: 16.06.2026 12:00.',NULL,NULL,0),(69,8,15,'trainer.booking.new','Новая запись клиента','Дэк записался на Вводная тренировка: 16.06.2026 12:00.','/account/bookings','dumbbell','{\"booking_id\": 11}',NULL,'2026-06-16 06:22:55','2026-06-16 06:22:55','Дэк записался на Вводная тренировка: 16.06.2026 12:00.',NULL,NULL,0),(70,15,15,'admin.booking.new','Новая запись к тренеру','Дэк записался к Илья Ковалёв.','/admin/bookings','calendar','{\"booking_id\": 11}',NULL,'2026-06-16 06:22:55','2026-06-16 06:22:55','Дэк записался к Илья Ковалёв.',NULL,NULL,0),(71,22,15,'admin.booking.new','Новая запись к тренеру','Дэк записался к Илья Ковалёв.','/admin/bookings','calendar','{\"booking_id\": 11}',NULL,'2026-06-16 06:22:55','2026-06-16 06:22:55','Дэк записался к Илья Ковалёв.',NULL,NULL,0),(72,26,15,'admin.booking.new','Новая запись к тренеру','Дэк записался к Илья Ковалёв.','/admin/bookings','calendar','{\"booking_id\": 11}','2026-06-16 09:21:30','2026-06-16 06:22:55','2026-06-16 09:21:30','Дэк записался к Илья Ковалёв.',NULL,NULL,0),(74,15,15,'program.started','Программа начата','Вы начали программу «Основы бокса».','/account/programs','target','{\"program_id\": 7}',NULL,'2026-06-16 06:23:46','2026-06-16 06:23:46','Вы начали программу «Основы бокса».',NULL,NULL,0),(80,15,15,'order.created','Заказ оформлен','Заказ №11 создан. Завершите демонстрационную оплату.','/account/orders','package','{\"order_id\": 11}',NULL,'2026-06-16 06:29:29','2026-06-16 06:29:29','Заказ №11 создан. Завершите демонстрационную оплату.',NULL,NULL,0),(81,15,15,'admin.order.new','Новый заказ','Заказ №11 на сумму 3 480 ₽.','/admin/orders','package','{\"order_id\": 11}',NULL,'2026-06-16 06:29:29','2026-06-16 06:29:29','Заказ №11 на сумму 3 480 ₽.',NULL,NULL,0),(82,22,15,'admin.order.new','Новый заказ','Заказ №11 на сумму 3 480 ₽.','/admin/orders','package','{\"order_id\": 11}',NULL,'2026-06-16 06:29:29','2026-06-16 06:29:29','Заказ №11 на сумму 3 480 ₽.',NULL,NULL,0),(83,26,15,'admin.order.new','Новый заказ','Заказ №11 на сумму 3 480 ₽.','/admin/orders','package','{\"order_id\": 11}','2026-06-16 09:21:30','2026-06-16 06:29:29','2026-06-16 09:21:30','Заказ №11 на сумму 3 480 ₽.',NULL,NULL,0),(84,15,NULL,'order.paid','Заказ оплачен','Заказ №11 оплачен и передан в обработку.','/account/orders','package','{\"payment_id\": 19}',NULL,'2026-06-16 06:29:30','2026-06-16 06:29:30','Заказ №11 оплачен и передан в обработку.',NULL,NULL,0),(86,22,15,'admin.order.paid','Заказ оплачен','Заказ №11 оплачен.','/admin/orders','package','{\"payment_id\": 19}',NULL,'2026-06-16 06:29:30','2026-06-16 06:29:30','Заказ №11 оплачен.',NULL,NULL,0),(87,26,15,'admin.order.paid','Заказ оплачен','Заказ №11 оплачен.','/admin/orders','package','{\"payment_id\": 19}','2026-06-16 09:21:30','2026-06-16 06:29:30','2026-06-16 09:21:30','Заказ №11 оплачен.',NULL,NULL,0),(90,26,26,'order.created','Заказ оформлен','Заказ №12 создан. Завершите демонстрационную оплату.','/account/orders','package','{\"order_id\": 12}','2026-06-17 19:28:00','2026-06-17 17:15:48','2026-06-17 19:28:00','Заказ №12 создан. Завершите демонстрационную оплату.',NULL,NULL,0),(91,15,26,'admin.order.new','Новый заказ','Заказ №12 на сумму 15 980 ₽.','/admin/orders','package','{\"order_id\": 12}',NULL,'2026-06-17 17:15:48','2026-06-17 17:15:48','Заказ №12 на сумму 15 980 ₽.',NULL,NULL,0),(92,22,26,'admin.order.new','Новый заказ','Заказ №12 на сумму 15 980 ₽.','/admin/orders','package','{\"order_id\": 12}',NULL,'2026-06-17 17:15:48','2026-06-17 17:15:48','Заказ №12 на сумму 15 980 ₽.',NULL,NULL,0),(93,26,26,'admin.order.new','Новый заказ','Заказ №12 на сумму 15 980 ₽.','/admin/orders','package','{\"order_id\": 12}','2026-06-17 19:28:00','2026-06-17 17:15:48','2026-06-17 19:28:00','Заказ №12 на сумму 15 980 ₽.',NULL,NULL,0),(94,26,NULL,'order.paid','Заказ оплачен','Заказ №12 оплачен и передан в обработку.','/account/orders','package','{\"payment_id\": 20}','2026-06-17 19:28:00','2026-06-17 17:15:54','2026-06-17 19:28:00','Заказ №12 оплачен и передан в обработку.',NULL,NULL,0),(95,15,26,'admin.order.paid','Заказ оплачен','Заказ №12 оплачен.','/admin/orders','package','{\"payment_id\": 20}',NULL,'2026-06-17 17:15:54','2026-06-17 17:15:54','Заказ №12 оплачен.',NULL,NULL,0),(96,22,26,'admin.order.paid','Заказ оплачен','Заказ №12 оплачен.','/admin/orders','package','{\"payment_id\": 20}',NULL,'2026-06-17 17:15:54','2026-06-17 17:15:54','Заказ №12 оплачен.',NULL,NULL,0),(98,26,26,'booking.created','Запись создана','Вы записаны на Персональная тренировка: 18.06.2026 10:00.','/account/bookings','calendar','{\"booking_id\": 12}','2026-06-17 19:28:00','2026-06-17 19:00:39','2026-06-17 19:28:00','Вы записаны на Персональная тренировка: 18.06.2026 10:00.',NULL,NULL,0),(99,19,26,'trainer.booking.new','Новая запись клиента','Александр Администраторов записался на Персональная тренировка: 18.06.2026 10:00.','/account/bookings','dumbbell','{\"booking_id\": 12}',NULL,'2026-06-17 19:00:39','2026-06-17 19:00:39','Александр Администраторов записался на Персональная тренировка: 18.06.2026 10:00.',NULL,NULL,0),(100,15,26,'admin.booking.new','Новая запись к тренеру','Александр Администраторов записался к Алиса Корнеева.','/admin/bookings','calendar','{\"booking_id\": 12}',NULL,'2026-06-17 19:00:39','2026-06-17 19:00:39','Александр Администраторов записался к Алиса Корнеева.',NULL,NULL,0),(101,22,26,'admin.booking.new','Новая запись к тренеру','Александр Администраторов записался к Алиса Корнеева.','/admin/bookings','calendar','{\"booking_id\": 12}',NULL,'2026-06-17 19:00:39','2026-06-17 19:00:39','Александр Администраторов записался к Алиса Корнеева.',NULL,NULL,0),(102,26,26,'admin.booking.new','Новая запись к тренеру','Александр Администраторов записался к Алиса Корнеева.','/admin/bookings','calendar','{\"booking_id\": 12}','2026-06-17 19:28:00','2026-06-17 19:00:39','2026-06-17 19:28:00','Александр Администраторов записался к Алиса Корнеева.',NULL,NULL,0),(103,26,NULL,'booking.paid','Тренировка оплачена','Запись к тренеру подтверждена оплатой.','/account/bookings','calendar','{\"payment_id\": 21}','2026-06-17 19:28:00','2026-06-17 19:02:03','2026-06-17 19:28:00','Запись к тренеру подтверждена оплатой.',NULL,NULL,0),(104,19,26,'trainer.booking.paid','Клиент оплатил тренировку','Александр Администраторов оплатил запись.','/account/bookings','dumbbell','{\"payment_id\": 21}',NULL,'2026-06-17 19:02:03','2026-06-17 19:02:03','Александр Администраторов оплатил запись.',NULL,NULL,0),(105,15,26,'admin.booking.paid','Оплачена запись к тренеру','Оплачена запись к Алиса Корнеева.','/admin/bookings','calendar','{\"payment_id\": 21}',NULL,'2026-06-17 19:02:03','2026-06-17 19:02:03','Оплачена запись к Алиса Корнеева.',NULL,NULL,0),(106,22,26,'admin.booking.paid','Оплачена запись к тренеру','Оплачена запись к Алиса Корнеева.','/admin/bookings','calendar','{\"payment_id\": 21}',NULL,'2026-06-17 19:02:03','2026-06-17 19:02:03','Оплачена запись к Алиса Корнеева.',NULL,NULL,0),(107,26,26,'admin.booking.paid','Оплачена запись к тренеру','Оплачена запись к Алиса Корнеева.','/admin/bookings','calendar','{\"payment_id\": 21}','2026-06-17 19:28:00','2026-06-17 19:02:03','2026-06-17 19:28:00','Оплачена запись к Алиса Корнеева.',NULL,NULL,0),(108,26,26,'order.created','Заказ оформлен','Заказ №13 создан. Завершите демонстрационную оплату.','/account/orders','package','{\"order_id\": 13}','2026-06-17 19:28:00','2026-06-17 19:02:36','2026-06-17 19:28:00','Заказ №13 создан. Завершите демонстрационную оплату.',NULL,NULL,0),(109,15,26,'admin.order.new','Новый заказ','Заказ №13 на сумму 2 490 ₽.','/admin/orders','package','{\"order_id\": 13}',NULL,'2026-06-17 19:02:36','2026-06-17 19:02:36','Заказ №13 на сумму 2 490 ₽.',NULL,NULL,0),(110,22,26,'admin.order.new','Новый заказ','Заказ №13 на сумму 2 490 ₽.','/admin/orders','package','{\"order_id\": 13}',NULL,'2026-06-17 19:02:36','2026-06-17 19:02:36','Заказ №13 на сумму 2 490 ₽.',NULL,NULL,0),(111,26,26,'admin.order.new','Новый заказ','Заказ №13 на сумму 2 490 ₽.','/admin/orders','package','{\"order_id\": 13}','2026-06-17 19:28:00','2026-06-17 19:02:36','2026-06-17 19:28:00','Заказ №13 на сумму 2 490 ₽.',NULL,NULL,0),(112,26,NULL,'order.paid','Заказ оплачен','Заказ №13 оплачен и передан в обработку.','/account/orders','package','{\"payment_id\": 22}','2026-06-17 19:28:00','2026-06-17 19:02:52','2026-06-17 19:28:00','Заказ №13 оплачен и передан в обработку.',NULL,NULL,0),(113,15,26,'admin.order.paid','Заказ оплачен','Заказ №13 оплачен.','/admin/orders','package','{\"payment_id\": 22}',NULL,'2026-06-17 19:02:52','2026-06-17 19:02:52','Заказ №13 оплачен.',NULL,NULL,0),(114,22,26,'admin.order.paid','Заказ оплачен','Заказ №13 оплачен.','/admin/orders','package','{\"payment_id\": 22}',NULL,'2026-06-17 19:02:52','2026-06-17 19:02:52','Заказ №13 оплачен.',NULL,NULL,0),(116,26,26,'order.created','Заказ оформлен','Заказ №14 создан. Завершите демонстрационную оплату.','/account/orders','package','{\"order_id\": 14}','2026-06-17 19:28:00','2026-06-17 19:03:28','2026-06-17 19:28:00','Заказ №14 создан. Завершите демонстрационную оплату.',NULL,NULL,0),(117,15,26,'admin.order.new','Новый заказ','Заказ №14 на сумму 2 490 ₽.','/admin/orders','package','{\"order_id\": 14}',NULL,'2026-06-17 19:03:28','2026-06-17 19:03:28','Заказ №14 на сумму 2 490 ₽.',NULL,NULL,0),(118,22,26,'admin.order.new','Новый заказ','Заказ №14 на сумму 2 490 ₽.','/admin/orders','package','{\"order_id\": 14}',NULL,'2026-06-17 19:03:28','2026-06-17 19:03:28','Заказ №14 на сумму 2 490 ₽.',NULL,NULL,0),(119,26,26,'admin.order.new','Новый заказ','Заказ №14 на сумму 2 490 ₽.','/admin/orders','package','{\"order_id\": 14}','2026-06-17 19:28:00','2026-06-17 19:03:28','2026-06-17 19:28:00','Заказ №14 на сумму 2 490 ₽.',NULL,NULL,0),(120,26,NULL,'order.paid','Заказ оплачен','Заказ №14 оплачен и передан в обработку.','/account/orders','package','{\"payment_id\": 23}','2026-06-17 19:28:00','2026-06-17 19:03:47','2026-06-17 19:28:00','Заказ №14 оплачен и передан в обработку.',NULL,NULL,0),(121,15,26,'admin.order.paid','Заказ оплачен','Заказ №14 оплачен.','/admin/orders','package','{\"payment_id\": 23}',NULL,'2026-06-17 19:03:47','2026-06-17 19:03:47','Заказ №14 оплачен.',NULL,NULL,0),(122,22,26,'admin.order.paid','Заказ оплачен','Заказ №14 оплачен.','/admin/orders','package','{\"payment_id\": 23}',NULL,'2026-06-17 19:03:47','2026-06-17 19:03:47','Заказ №14 оплачен.',NULL,NULL,0),(124,26,26,'order.created','Заказ оформлен','Заказ №15 создан. Завершите демонстрационную оплату.','/account/orders','package','{\"order_id\": 15}',NULL,'2026-06-17 19:41:32','2026-06-17 19:41:32','Заказ №15 создан. Завершите демонстрационную оплату.',NULL,NULL,0),(125,15,26,'admin.order.new','Новый заказ','Заказ №15 на сумму 990 ₽.','/admin/orders','package','{\"order_id\": 15}',NULL,'2026-06-17 19:41:32','2026-06-17 19:41:32','Заказ №15 на сумму 990 ₽.',NULL,NULL,0),(126,22,26,'admin.order.new','Новый заказ','Заказ №15 на сумму 990 ₽.','/admin/orders','package','{\"order_id\": 15}',NULL,'2026-06-17 19:41:32','2026-06-17 19:41:32','Заказ №15 на сумму 990 ₽.',NULL,NULL,0),(127,26,26,'admin.order.new','Новый заказ','Заказ №15 на сумму 990 ₽.','/admin/orders','package','{\"order_id\": 15}',NULL,'2026-06-17 19:41:32','2026-06-17 19:41:32','Заказ №15 на сумму 990 ₽.',NULL,NULL,0),(128,26,NULL,'order.paid','Заказ оплачен','Заказ №15 оплачен и передан в обработку.','/account/orders','package','{\"payment_id\": 24}',NULL,'2026-06-17 19:41:46','2026-06-17 19:41:46','Заказ №15 оплачен и передан в обработку.',NULL,NULL,0),(129,15,26,'admin.order.paid','Заказ оплачен','Заказ №15 оплачен.','/admin/orders','package','{\"payment_id\": 24}',NULL,'2026-06-17 19:41:46','2026-06-17 19:41:46','Заказ №15 оплачен.',NULL,NULL,0),(130,22,26,'admin.order.paid','Заказ оплачен','Заказ №15 оплачен.','/admin/orders','package','{\"payment_id\": 24}',NULL,'2026-06-17 19:41:46','2026-06-17 19:41:46','Заказ №15 оплачен.',NULL,NULL,0),(136,1,1,'order.created','Заказ оформлен','Заказ №16 создан. Завершите демонстрационную оплату.','/account/orders','package','{\"order_id\": 16}','2026-06-17 20:04:14','2026-06-17 20:03:30','2026-06-17 20:04:14','Заказ №16 создан. Завершите демонстрационную оплату.',NULL,NULL,0),(137,15,1,'admin.order.new','Новый заказ','Заказ №16 на сумму 1 790 ₽.','/admin/orders','package','{\"order_id\": 16}',NULL,'2026-06-17 20:03:30','2026-06-17 20:03:30','Заказ №16 на сумму 1 790 ₽.',NULL,NULL,0),(138,22,1,'admin.order.new','Новый заказ','Заказ №16 на сумму 1 790 ₽.','/admin/orders','package','{\"order_id\": 16}',NULL,'2026-06-17 20:03:30','2026-06-17 20:03:30','Заказ №16 на сумму 1 790 ₽.',NULL,NULL,0),(139,26,1,'admin.order.new','Новый заказ','Заказ №16 на сумму 1 790 ₽.','/admin/orders','package','{\"order_id\": 16}',NULL,'2026-06-17 20:03:30','2026-06-17 20:03:30','Заказ №16 на сумму 1 790 ₽.',NULL,NULL,0),(140,1,NULL,'order.paid','Заказ оплачен','Заказ №16 оплачен и передан в обработку.','/account/orders','package','{\"order_id\": 16, \"payment_id\": 25}','2026-06-17 20:04:14','2026-06-17 20:03:57','2026-06-17 20:04:14','Заказ №16 оплачен и передан в обработку.',NULL,NULL,0),(141,15,1,'admin.order.paid','Заказ оплачен','Заказ №16 оплачен.','/admin/orders','package','{\"order_id\": 16, \"payment_id\": 25}',NULL,'2026-06-17 20:03:57','2026-06-17 20:03:57','Заказ №16 оплачен.',NULL,NULL,0),(142,22,1,'admin.order.paid','Заказ оплачен','Заказ №16 оплачен.','/admin/orders','package','{\"order_id\": 16, \"payment_id\": 25}',NULL,'2026-06-17 20:03:57','2026-06-17 20:03:57','Заказ №16 оплачен.',NULL,NULL,0),(143,26,1,'admin.order.paid','Заказ оплачен','Заказ №16 оплачен.','/admin/orders','package','{\"order_id\": 16, \"payment_id\": 25}',NULL,'2026-06-17 20:03:57','2026-06-17 20:03:57','Заказ №16 оплачен.',NULL,NULL,0),(144,1,1,'program.started','Программа начата','Вы начали программу «Функциональный старт».','/account/programs','target','{\"program_id\": 1}','2026-06-17 20:05:48','2026-06-17 20:04:46','2026-06-17 20:05:48','Вы начали программу «Функциональный старт».',NULL,NULL,0),(145,1,1,'booking.created','Запись создана','Вы записаны на Консультация тренера: 18.06.2026 15:00.','/account/bookings','calendar','{\"booking_id\": 13}','2026-06-17 20:05:48','2026-06-17 20:05:01','2026-06-17 20:05:48','Вы записаны на Консультация тренера: 18.06.2026 15:00.',NULL,NULL,0),(146,19,1,'trainer.booking.new','Новая запись клиента','Анна Волкова записался на Консультация тренера: 18.06.2026 15:00.','/account/bookings','dumbbell','{\"booking_id\": 13}',NULL,'2026-06-17 20:05:01','2026-06-17 20:05:01','Анна Волкова записался на Консультация тренера: 18.06.2026 15:00.',NULL,NULL,0),(147,15,1,'admin.booking.new','Новая запись к тренеру','Анна Волкова записался к Алиса Корнеева.','/admin/bookings','calendar','{\"booking_id\": 13}',NULL,'2026-06-17 20:05:01','2026-06-17 20:05:01','Анна Волкова записался к Алиса Корнеева.',NULL,NULL,0),(148,22,1,'admin.booking.new','Новая запись к тренеру','Анна Волкова записался к Алиса Корнеева.','/admin/bookings','calendar','{\"booking_id\": 13}',NULL,'2026-06-17 20:05:01','2026-06-17 20:05:01','Анна Волкова записался к Алиса Корнеева.',NULL,NULL,0),(149,26,1,'admin.booking.new','Новая запись к тренеру','Анна Волкова записался к Алиса Корнеева.','/admin/bookings','calendar','{\"booking_id\": 13}',NULL,'2026-06-17 20:05:01','2026-06-17 20:05:01','Анна Волкова записался к Алиса Корнеева.',NULL,NULL,0),(150,1,NULL,'booking.paid','Тренировка оплачена','Запись к тренеру подтверждена оплатой.','/account/bookings','calendar','{\"payment_id\": 26}','2026-06-17 20:05:48','2026-06-17 20:05:14','2026-06-17 20:05:48','Запись к тренеру подтверждена оплатой.',NULL,NULL,0),(151,19,1,'trainer.booking.paid','Клиент оплатил тренировку','Анна Волкова оплатил запись.','/account/bookings','dumbbell','{\"payment_id\": 26}',NULL,'2026-06-17 20:05:14','2026-06-17 20:05:14','Анна Волкова оплатил запись.',NULL,NULL,0),(152,15,1,'admin.booking.paid','Оплачена запись к тренеру','Оплачена запись к Алиса Корнеева.','/admin/bookings','calendar','{\"payment_id\": 26}',NULL,'2026-06-17 20:05:14','2026-06-17 20:05:14','Оплачена запись к Алиса Корнеева.',NULL,NULL,0),(153,22,1,'admin.booking.paid','Оплачена запись к тренеру','Оплачена запись к Алиса Корнеева.','/admin/bookings','calendar','{\"payment_id\": 26}',NULL,'2026-06-17 20:05:14','2026-06-17 20:05:14','Оплачена запись к Алиса Корнеева.',NULL,NULL,0),(154,26,1,'admin.booking.paid','Оплачена запись к тренеру','Оплачена запись к Алиса Корнеева.','/admin/bookings','calendar','{\"payment_id\": 26}',NULL,'2026-06-17 20:05:14','2026-06-17 20:05:14','Оплачена запись к Алиса Корнеева.',NULL,NULL,0),(155,29,NULL,'booking.paid','Тренировка оплачена','Запись к тренеру подтверждена оплатой.','/account/bookings','calendar','{\"payment_id\": 27}',NULL,'2026-06-17 21:15:53','2026-06-17 21:15:53','Запись к тренеру подтверждена оплатой.',NULL,NULL,0),(156,29,29,'trainer.booking.paid','Клиент оплатил тренировку','Алина Ветрова оплатил запись.','/account/bookings','dumbbell','{\"payment_id\": 27}',NULL,'2026-06-17 21:15:53','2026-06-17 21:15:53','Алина Ветрова оплатил запись.',NULL,NULL,0),(157,15,29,'admin.booking.paid','Оплачена запись к тренеру','Оплачена запись к Алина Ветрова.','/admin/bookings','calendar','{\"payment_id\": 27}',NULL,'2026-06-17 21:15:53','2026-06-17 21:15:53','Оплачена запись к Алина Ветрова.',NULL,NULL,0),(158,22,29,'admin.booking.paid','Оплачена запись к тренеру','Оплачена запись к Алина Ветрова.','/admin/bookings','calendar','{\"payment_id\": 27}',NULL,'2026-06-17 21:15:53','2026-06-17 21:15:53','Оплачена запись к Алина Ветрова.',NULL,NULL,0),(159,26,29,'admin.booking.paid','Оплачена запись к тренеру','Оплачена запись к Алина Ветрова.','/admin/bookings','calendar','{\"payment_id\": 27}',NULL,'2026-06-17 21:15:53','2026-06-17 21:15:53','Оплачена запись к Алина Ветрова.',NULL,NULL,0),(160,29,29,'booking.created','Запись создана','Вы записаны на Вводная диагностика: 18.06.2026 11:30.','/account/bookings','calendar','{\"booking_id\": 14}',NULL,'2026-06-17 21:15:53','2026-06-17 21:15:53','Вы записаны на Вводная диагностика: 18.06.2026 11:30.',NULL,NULL,0),(161,29,29,'trainer.booking.new','Новая запись клиента','Алина Ветрова записался на Вводная диагностика: 18.06.2026 11:30.','/account/bookings','dumbbell','{\"booking_id\": 14}',NULL,'2026-06-17 21:15:53','2026-06-17 21:15:53','Алина Ветрова записался на Вводная диагностика: 18.06.2026 11:30.',NULL,NULL,0),(162,15,29,'admin.booking.new','Новая запись к тренеру','Алина Ветрова записался к Алина Ветрова.','/admin/bookings','calendar','{\"booking_id\": 14}',NULL,'2026-06-17 21:15:53','2026-06-17 21:15:53','Алина Ветрова записался к Алина Ветрова.',NULL,NULL,0),(163,22,29,'admin.booking.new','Новая запись к тренеру','Алина Ветрова записался к Алина Ветрова.','/admin/bookings','calendar','{\"booking_id\": 14}',NULL,'2026-06-17 21:15:53','2026-06-17 21:15:53','Алина Ветрова записался к Алина Ветрова.',NULL,NULL,0),(164,26,29,'admin.booking.new','Новая запись к тренеру','Алина Ветрова записался к Алина Ветрова.','/admin/bookings','calendar','{\"booking_id\": 14}',NULL,'2026-06-17 21:15:53','2026-06-17 21:15:53','Алина Ветрова записался к Алина Ветрова.',NULL,NULL,0);
/*!40000 ALTER TABLE `user_notifications` ENABLE KEYS */;
UNLOCK TABLES;

--
-- Table structure for table `users`
--

DROP TABLE IF EXISTS `users`;
/*!40101 SET @saved_cs_client     = @@character_set_client */;
/*!50503 SET character_set_client = utf8mb4 */;
CREATE TABLE `users` (
  `id` bigint unsigned NOT NULL AUTO_INCREMENT,
  `login` varchar(255) COLLATE utf8mb4_unicode_ci NOT NULL,
  `name` varchar(255) COLLATE utf8mb4_unicode_ci NOT NULL,
  `phone` varchar(255) COLLATE utf8mb4_unicode_ci NOT NULL,
  `email` varchar(255) COLLATE utf8mb4_unicode_ci NOT NULL,
  `avatar_url` varchar(2048) COLLATE utf8mb4_unicode_ci DEFAULT NULL,
  `role` varchar(255) COLLATE utf8mb4_unicode_ci NOT NULL DEFAULT 'user',
  `is_banned` tinyint(1) NOT NULL DEFAULT '0',
  `banned_until` timestamp NULL DEFAULT NULL,
  `ban_reason` text COLLATE utf8mb4_unicode_ci,
  `banned_by` bigint unsigned DEFAULT NULL,
  `email_verified_at` timestamp NULL DEFAULT NULL,
  `password` varchar(255) COLLATE utf8mb4_unicode_ci NOT NULL,
  `remember_token` varchar(100) COLLATE utf8mb4_unicode_ci DEFAULT NULL,
  `two_factor_secret` varchar(255) COLLATE utf8mb4_unicode_ci DEFAULT NULL,
  `two_factor_recovery_codes` text COLLATE utf8mb4_unicode_ci,
  `two_factor_confirmed_at` timestamp NULL DEFAULT NULL,
  `created_at` timestamp NULL DEFAULT NULL,
  `updated_at` timestamp NULL DEFAULT NULL,
  PRIMARY KEY (`id`),
  UNIQUE KEY `users_login_unique` (`login`),
  UNIQUE KEY `users_phone_unique` (`phone`),
  UNIQUE KEY `users_email_unique` (`email`),
  KEY `users_role_index` (`role`),
  KEY `users_banned_by_foreign` (`banned_by`),
  CONSTRAINT `users_banned_by_foreign` FOREIGN KEY (`banned_by`) REFERENCES `users` (`id`) ON DELETE SET NULL
) ENGINE=InnoDB AUTO_INCREMENT=40 DEFAULT CHARSET=utf8mb4 COLLATE=utf8mb4_unicode_ci;
/*!40101 SET character_set_client = @saved_cs_client */;

--
-- Dumping data for table `users`
--

LOCK TABLES `users` WRITE;
/*!40000 ALTER TABLE `users` DISABLE KEYS */;
INSERT INTO `users` VALUES (1,'demo_trainer_1','Анна Волкова','+79990001001','demo.trainer1@nashfit.local',NULL,'trainer',0,NULL,NULL,NULL,'2026-06-14 08:07:07','$2y$12$pX9JlIPBUlDr6nQQpJNlAOi.YlCJ3BN7XdvBh/cP8zVG4cDXdZA2a',NULL,NULL,NULL,NULL,'2026-06-13 23:29:42','2026-06-14 08:07:07'),(2,'demo_trainer_2','Дмитрий Сильнов','+79990001002','demo.trainer2@nashfit.local',NULL,'trainer',0,NULL,NULL,NULL,'2026-06-14 08:07:07','$2y$12$ZYNlBE3wQTrnWWOk3I.jQ.SADIpYM/6Yod.fZmdiUbajJC9aYYrkq',NULL,NULL,NULL,NULL,'2026-06-13 23:29:42','2026-06-14 08:07:07'),(3,'demo_trainer_3','Елена Орлова','+79990001003','demo.trainer3@nashfit.local',NULL,'trainer',0,NULL,NULL,NULL,'2026-06-14 08:07:07','$2y$12$TmsJIyhTv1XJ1Drs442dQeXbCCe7Fl9LDQFw8u/n5ZuIJMHrXerUW',NULL,NULL,NULL,NULL,'2026-06-13 23:29:42','2026-06-14 08:07:07'),(4,'demo_trainer_4','Максим Романов','+79990001004','demo.trainer4@nashfit.local',NULL,'trainer',0,NULL,NULL,NULL,'2026-06-14 08:07:07','$2y$12$NJ4/jDa16/e7X4d2xmVHFu4IofLp20/v00gpSVhU8AF01RosI/.oq',NULL,NULL,NULL,NULL,'2026-06-13 23:29:42','2026-06-14 08:07:07'),(5,'demo_trainer_5','Софья Белова','+79990001005','demo.trainer5@nashfit.local',NULL,'trainer',0,NULL,NULL,NULL,'2026-06-14 08:07:07','$2y$12$kY..zn52E2xJ6X9TbEfBiO32rQwzRTZDS7JqwmgJe6rHrvdZP0YAa',NULL,NULL,NULL,NULL,'2026-06-13 23:29:43','2026-06-14 08:07:07'),(6,'demo_trainer_6','Артём Лебедев','+79990001006','demo.trainer6@nashfit.local',NULL,'trainer',0,NULL,NULL,NULL,'2026-06-14 08:07:07','$2y$12$NYx/CX0UcWIUe.AFNq1AF.GQzKKoZ5Ik3pFiI/hk8YhbdGWtFheIq',NULL,NULL,NULL,NULL,'2026-06-13 23:29:43','2026-06-14 08:07:07'),(7,'demo_trainer_7','Виктория Морозова','+79990001007','demo.trainer7@nashfit.local',NULL,'trainer',0,NULL,NULL,NULL,'2026-06-14 08:07:08','$2y$12$jrWBwHBTlqi2aO.id9gA8e459vPICExktwNTwyNBFo6.kGwXu4xka',NULL,NULL,NULL,NULL,'2026-06-13 23:29:43','2026-06-14 08:07:08'),(8,'demo_trainer_8','Илья Ковалёв','+79990001008','demo.trainer8@nashfit.local',NULL,'trainer',0,NULL,NULL,NULL,'2026-06-14 08:07:08','$2y$12$7S9EJfvzMA6QgY3zAZEisuhE9YxaFBSMtB3V0tbTwrIfgxiher5ze',NULL,NULL,NULL,NULL,'2026-06-13 23:29:43','2026-06-14 08:07:08'),(9,'demo_user_1','Мария Соколова','+79990002001','demo.user1@nashfit.local',NULL,'user',0,NULL,NULL,NULL,'2026-06-14 08:07:09','$2y$12$8Rzyg79DZRnNdOHIC3ipVeV1nDGLT9BsD4AwN0VdOkCAGhLJcWSP6',NULL,NULL,NULL,NULL,'2026-06-13 23:29:43','2026-06-14 08:07:09'),(10,'demo_user_2','Алексей Миронов','+79990002002','demo.user2@nashfit.local',NULL,'user',0,NULL,NULL,NULL,'2026-06-14 08:07:09','$2y$12$Td2u7Y5KFfSURJSYH41sh.QeFld4hjFS8KLsVzpzf1CmYUQkQFcZa',NULL,NULL,NULL,NULL,'2026-06-13 23:29:44','2026-06-14 08:07:09'),(11,'demo_user_3','Ольга Никитина','+79990002003','demo.user3@nashfit.local',NULL,'user',0,NULL,NULL,NULL,'2026-06-14 08:07:10','$2y$12$0OAXNQf5RRFSQPjgGK9fjuEfEyBaDkgx.5.NCRJ9uR/IDR0XUDWNe',NULL,NULL,NULL,NULL,'2026-06-13 23:29:44','2026-06-14 08:07:10'),(12,'demo_user_4','Сергей Петров','+79990002004','demo.user4@nashfit.local',NULL,'user',0,NULL,NULL,NULL,'2026-06-14 08:07:10','$2y$12$OrAP/rwXgC8UHzRXuekpg.WMcJB9tvxN0Iep7WiDP1MnlMmZMwtQK',NULL,NULL,NULL,NULL,'2026-06-13 23:29:44','2026-06-14 08:07:10'),(13,'demo_user_5','Дарья Крылова','+79990002005','demo.user5@nashfit.local',NULL,'user',0,NULL,NULL,NULL,'2026-06-14 08:07:10','$2y$12$B87GkKxpHsb92IuDZIyQ3eYkFH8P8JWN5t/tXAoT7WerXCUfhomRm',NULL,NULL,NULL,NULL,'2026-06-13 23:29:44','2026-06-14 08:07:10'),(14,'demo_user_6','Никита Власов','+79990002006','demo.user6@nashfit.local',NULL,'user',0,NULL,NULL,NULL,'2026-06-14 08:07:10','$2y$12$Xtpe0yN0nWMISyYThhepp.Y44ch5KmyCuyATXB0QxJSNtU5/yMlPG',NULL,NULL,NULL,NULL,'2026-06-13 23:29:44','2026-06-14 08:07:10'),(15,'qwert123','Дэк','+72345678921','ahmetzanov.samat@yandex.ru',NULL,'admin',0,NULL,NULL,NULL,NULL,'$2y$12$yKDD6gY4TRfvs9wyasYVKu53U/yRbcIg3J1Zi.FarxKpNB9rXyB7e','x27SDtPjJmhwZtQnqZW6LxCCFl1cBT9nkAKySai39cART9oZJVhrmRdmGHEC','DVO6KZY4DR66OLBBKQ47YL4A52SUTQ33','[\"$2y$12$ot8QM\\/cDV35yGP6AcCovduV3UlWD\\/X.CdO5erhE6BMEoUXJwq09sC\",\"$2y$12$PLIMaJcaepOH9becX9qmUuTZSPra1tjI9N1v.PYdIGJr60fm\\/g6t2\",\"$2y$12$7OzVgzKQWdBXCZQEqOe.qOvTAZG0pCBx5S0sVKpb7.PaRdjzbOEU6\",\"$2y$12$sbkR0dclUrlaXnWAckLbauakL0UKsJ91NlVkWVRAtU3l3ZYLvggFe\",\"$2y$12$j891fRVwjYWO74SZOQ9MUe2LELPXWKOLSavXPYfS4mXdl0pgCdE3u\",\"$2y$12$18qBgXd.ns65WD6AoIXhc.7rXYRWfKIOiJ5tnerw0Ex1unA6gG2ji\",\"$2y$12$Xis3ooFJgyxBaJRPryPys.6UvcjbYjeV7Y12u6jST0okLi5oT29Ni\",\"$2y$12$OfLQ2Qz8R1aRbRuQB3iMUurCJDZQ0Pj8jfXbLP4Cy0pMkAzmboJAe\"]','2026-06-17 21:41:04','2026-06-13 23:31:05','2026-06-17 22:12:17'),(16,'demo_trainer_9','Кирилл Савин','+79990001009','demo.trainer9@nashfit.local',NULL,'trainer',0,NULL,NULL,NULL,'2026-06-14 08:07:08','$2y$12$2T9Tf/NMI4Naz59Vv46koeJZmRc4JQLz7HkWl6vg91wzAQ4FxphKq',NULL,NULL,NULL,NULL,'2026-06-13 23:56:11','2026-06-14 08:07:08'),(17,'demo_trainer_10','Марина Устинова','+79990001010','demo.trainer10@nashfit.local',NULL,'trainer',0,NULL,NULL,NULL,'2026-06-14 08:07:08','$2y$12$bXKgM8oWtNBCBZ9.e5fbzOVV09UGiTbkTMkpaa5soj9m9vdB3JdH6',NULL,NULL,NULL,NULL,'2026-06-13 23:56:11','2026-06-14 08:07:08'),(18,'demo_trainer_11','Роман Шаталов','+79990001011','demo.trainer11@nashfit.local',NULL,'trainer',0,NULL,NULL,NULL,'2026-06-14 08:07:08','$2y$12$AhPB4DkpGnpRjXQw8CVD6ecJgQqklECzyEyrb0ZXy4DLP4wuTQkWq',NULL,NULL,NULL,NULL,'2026-06-13 23:56:12','2026-06-14 08:07:08'),(19,'demo_trainer_12','Алиса Корнеева','+79990001012','demo.trainer12@nashfit.local',NULL,'trainer',0,NULL,NULL,NULL,'2026-06-14 08:07:09','$2y$12$Bl5L2UcPe4wyfhRXYOh.yuG8rpnuiPcRsJ0uap5TZjj0JyVodyiyO',NULL,NULL,NULL,NULL,'2026-06-13 23:56:12','2026-06-14 08:07:09'),(20,'demo_trainer_13','Павел Денисов','+79990001013','demo.trainer13@nashfit.local',NULL,'trainer',0,NULL,NULL,NULL,'2026-06-14 08:07:09','$2y$12$tOasj8vA63gtS6vY6V7.U.EFWMMoWwVsUYfcADRNQWuSzTIV3vNOG',NULL,NULL,NULL,NULL,'2026-06-13 23:56:12','2026-06-14 08:07:09'),(21,'demo_trainer_14','Наталья Жукова','+79990001014','demo.trainer14@nashfit.local',NULL,'trainer',0,NULL,NULL,NULL,'2026-06-14 08:07:09','$2y$12$5l4LBVuBbrETpNBO55leMuVITseJdXEatl27wsExLoj.1TKMHq5/i',NULL,NULL,NULL,NULL,'2026-06-13 23:56:12','2026-06-14 08:07:09'),(22,'qwert123123','Дэк','+71234567890','ahmetzanov.samat1@yandex.ru',NULL,'admin',0,NULL,NULL,NULL,NULL,'$2y$12$UtpjvKl8JLRShptj.tIut.q1nazl6ipbr8uLUBWQHjancf3TwsOj2',NULL,NULL,NULL,NULL,'2026-06-14 01:03:19','2026-06-14 01:03:19'),(23,'trainer_anna','Анна Кузнецова','+79990000002','anna@nashfit.local','/seed-images/users/anna-kuznetsova.webp','trainer',0,NULL,NULL,NULL,NULL,'$2y$12$ac0R1KPomTEy7tY8V.7ft.uZHrZgH44/6R./BKT4odj54.kfx0DuC',NULL,NULL,NULL,NULL,'2026-06-14 07:10:12','2026-06-16 21:18:08'),(24,'trainer_dmitry','Дмитрий Сильнов','+79990000003','dmitry@nashfit.local','/seed-images/users/dmitry-silnov.webp','trainer',0,NULL,NULL,NULL,NULL,'$2y$12$Kty09g.ypZKFFT9Rbx4iw.MJsZ6JX6wkh9gkJBo.P44d1w5EKE5yu',NULL,NULL,NULL,NULL,'2026-06-14 07:10:12','2026-06-16 21:18:08'),(25,'trainer_elena','Елена Фитнесова','+79990000004','elena@nashfit.local',NULL,'trainer',0,NULL,NULL,NULL,NULL,'$2y$12$S4yXlHq49snRyDcjJzK.yutHtMOdCgbrq5Gai18xTPjJ67Ba/ALAS',NULL,NULL,NULL,NULL,'2026-06-14 07:10:12','2026-06-14 07:10:12'),(26,'admin','Александр Администраторов','+79990000001','admin@nashfit.local','/seed-images/users/aleksandr-administratorov.webp','admin',0,NULL,NULL,NULL,NULL,'$2y$12$I3ewwnIX6LO0i2nglTf.6evgj5hLYeDLUf7qTVPvYwOSehqRgfuDC',NULL,NULL,NULL,NULL,'2026-06-14 11:56:19','2026-06-16 21:18:05'),(27,'trainer_sofia','София Морозова','+79990000005','sofia@nashfit.local','/seed-images/users/sofia-morozova.webp','trainer',0,NULL,NULL,NULL,NULL,'$2y$12$bhHDtHLtgZzCssvwhHckmeHIGIwSVsQXlw7EETtrWqWAc4ZTc66Mm',NULL,NULL,NULL,NULL,'2026-06-14 11:56:20','2026-06-16 21:18:08'),(28,'trainer_pavel','Павел Орлов','+79990000006','pavel@nashfit.local','/seed-images/users/pavel-orlov.webp','trainer',0,NULL,NULL,NULL,NULL,'$2y$12$1tGxnUj63TfJ0fJqiZV4J.k.e583kviVawmer7kdzxyQ3tQMYED4S',NULL,NULL,NULL,NULL,'2026-06-14 11:56:20','2026-06-16 21:18:09'),(29,'trainer_alina','Алина Ветрова','+79990000007','alina@nashfit.local','/seed-images/users/alina-vetrova.webp','trainer',0,NULL,NULL,NULL,NULL,'$2y$12$uotsE/rRrSatkzNn/an5P.kbbjbsm1/VGZYHyxL9AuHKUrDVDxpTW',NULL,NULL,NULL,NULL,'2026-06-14 11:56:20','2026-06-16 21:18:09'),(30,'trainer_roman','Роман Белов','+79990000008','roman@nashfit.local','/seed-images/users/roman-belov.webp','trainer',0,NULL,NULL,NULL,NULL,'$2y$12$3zNS8g3bT.NbhvOa2/2Z3Obe9JikWG.20JWAMw.EopXG4XJXaNn7G',NULL,NULL,NULL,NULL,'2026-06-14 11:56:21','2026-06-16 21:18:09'),(31,'trainer_maksim','Максим Козлов','+79990000009','maksim@nashfit.local','/seed-images/users/maksim-kozlov.webp','trainer',0,NULL,NULL,NULL,NULL,'$2y$12$6NDfsf.SWk3r9LOF73emWetRKUZDvJ6EvDikeS79yulHNgRUVF3Je',NULL,NULL,NULL,NULL,'2026-06-14 11:56:21','2026-06-16 21:18:09'),(32,'trainer_andrey','Андрей Соколов','+79990000015','andrey@nashfit.local','/seed-images/users/andrey-sokolov.webp','trainer',0,NULL,NULL,NULL,NULL,'$2y$12$0tJm.uOMemCxWc4pXzZnLevfDq68UoMY9KXa/ECJ3lyWVjaKT./dK',NULL,NULL,NULL,NULL,'2026-06-14 11:56:21','2026-06-16 21:18:09'),(33,'trainer_ksenia','Ксения Романова','+79990000016','ksenia@nashfit.local','/seed-images/users/ksenia-romanova.webp','trainer',0,NULL,NULL,NULL,NULL,'$2y$12$xbv3l0yuNadxSw5yoTQpo.0erVpLja6ciYZWsPqvwy1y8xBaMKUWa',NULL,NULL,NULL,NULL,'2026-06-14 11:56:21','2026-06-16 21:18:10'),(34,'trainer_igor','Игорь Устинов','+79990000017','igor@nashfit.local','/seed-images/users/igor-ustinov.webp','trainer',0,NULL,NULL,NULL,NULL,'$2y$12$MKrDIGfjhb3a8SVCsz0U2uzx5VpTzl9EdIpoEn8WqfB8IgKu8kDd2',NULL,NULL,NULL,NULL,'2026-06-14 11:56:21','2026-06-16 21:18:10'),(35,'user_ivan','Иван Петров','+79990000010','ivan@example.com','/seed-images/users/ivan-petrov.webp','user',0,NULL,NULL,NULL,NULL,'$2y$12$5ePa5CK6LMI0tQ9KFTgQCO12q4.kboDbUCCPEaPX4nYLwJ3PB5ASy',NULL,NULL,NULL,NULL,'2026-06-14 11:56:22','2026-06-16 21:18:07'),(36,'user_maria','Мария Сидорова','+79990000011','maria@example.com','/seed-images/users/maria-sidorova.webp','user',0,NULL,NULL,NULL,NULL,'$2y$12$B5n5u2G2tZ8fZbohfIGh1uATTeRy5P5xbxKk9113EVKYLrx1QrMre',NULL,NULL,NULL,NULL,'2026-06-14 11:56:22','2026-06-16 21:18:07'),(37,'user_sergey','Сергей Волков','+79990000012','sergey@example.com','/seed-images/users/sergey-volkov.webp','user',0,NULL,NULL,NULL,NULL,'$2y$12$TGmLwQcYqyB5bYFSDCGMFeV2dlfyFYMGA7zm5L4CXBuCb0QgXslme',NULL,NULL,NULL,NULL,'2026-06-14 11:56:22','2026-06-16 21:18:07'),(38,'user_olga','Ольга Морозова','+79990000013','olga@example.com','/seed-images/users/olga-morozova.webp','user',0,NULL,NULL,NULL,NULL,'$2y$12$nC4t.0leu/y46h9rnlnNEuUxd1AeKLDBERS2sNGzuKFqBMDaDqAGO',NULL,NULL,NULL,NULL,'2026-06-14 11:56:22','2026-06-16 21:18:07'),(39,'user_alexey','Алексей Новиков','+79990000014','alexey@example.com','/seed-images/users/alexey-novikov.webp','user',0,NULL,NULL,NULL,NULL,'$2y$12$g.LkfoU40nfi49cNOGnSyej//1.zrjxqcG6qTSFStmEe.NmV2zoJW',NULL,NULL,NULL,NULL,'2026-06-14 11:56:22','2026-06-16 21:18:07');
/*!40000 ALTER TABLE `users` ENABLE KEYS */;
UNLOCK TABLES;

--
-- Table structure for table `workouts`
--

DROP TABLE IF EXISTS `workouts`;
/*!40101 SET @saved_cs_client     = @@character_set_client */;
/*!50503 SET character_set_client = utf8mb4 */;
CREATE TABLE `workouts` (
  `id` bigint unsigned NOT NULL AUTO_INCREMENT,
  `program_id` bigint unsigned DEFAULT NULL,
  `week_number` smallint unsigned DEFAULT NULL,
  `day_number` tinyint unsigned DEFAULT NULL,
  `duration_minutes` smallint unsigned DEFAULT NULL,
  `sort_order` int unsigned NOT NULL DEFAULT '0',
  `is_generated` tinyint(1) NOT NULL DEFAULT '0',
  `title` varchar(255) COLLATE utf8mb4_unicode_ci NOT NULL,
  `description` text COLLATE utf8mb4_unicode_ci,
  `video_path` varchar(255) COLLATE utf8mb4_unicode_ci DEFAULT NULL,
  `created_at` timestamp NULL DEFAULT NULL,
  `updated_at` timestamp NULL DEFAULT NULL,
  PRIMARY KEY (`id`),
  KEY `workouts_program_id_foreign` (`program_id`),
  CONSTRAINT `workouts_program_id_foreign` FOREIGN KEY (`program_id`) REFERENCES `programs` (`id`) ON DELETE SET NULL
) ENGINE=InnoDB AUTO_INCREMENT=229 DEFAULT CHARSET=utf8mb4 COLLATE=utf8mb4_unicode_ci;
/*!40101 SET character_set_client = @saved_cs_client */;

--
-- Dumping data for table `workouts`
--

LOCK TABLES `workouts` WRITE;
/*!40000 ALTER TABLE `workouts` DISABLE KEYS */;
INSERT INTO `workouts` VALUES (1,1,1,1,42,1,0,'Неделя 1: Техника движения','Разминка суставов, присед к опоре, тяга резинки, отжимания от возвышения и планка. Главная задача — почувствовать безопасные амплитуды. Фокус недели: Осваиваем присед, наклон, жим и тягу в спокойном темпе.',NULL,'2026-06-14 08:07:11','2026-06-14 08:07:11'),(2,1,1,2,46,2,0,'Неделя 1: Круг на всё тело','Низкоударный круг: выпады назад, тяга, жим, ягодичный мост и фермерская прогулка. Работайте умеренно, сохраняя разговорный темп. Фокус недели: Осваиваем присед, наклон, жим и тягу в спокойном темпе.',NULL,'2026-06-14 08:07:11','2026-06-14 08:07:11'),(3,1,1,3,38,3,0,'Неделя 1: Кор и восстановление','Дыхание, стабилизация корпуса, боковая планка, dead bug и мягкая растяжка бёдер. Тренировка закрепляет контроль тела. Фокус недели: Осваиваем присед, наклон, жим и тягу в спокойном темпе.',NULL,'2026-06-14 08:07:11','2026-06-14 08:07:11'),(4,1,2,1,44,4,0,'Неделя 2: Техника движения','Разминка суставов, присед к опоре, тяга резинки, отжимания от возвышения и планка. Главная задача — почувствовать безопасные амплитуды. Фокус недели: Добавляем круговой формат и учимся держать пульс под контролем.',NULL,'2026-06-14 08:07:11','2026-06-14 08:07:11'),(5,1,2,2,48,5,0,'Неделя 2: Круг на всё тело','Низкоударный круг: выпады назад, тяга, жим, ягодичный мост и фермерская прогулка. Работайте умеренно, сохраняя разговорный темп. Фокус недели: Добавляем круговой формат и учимся держать пульс под контролем.',NULL,'2026-06-14 08:07:11','2026-06-14 08:07:11'),(6,1,2,3,40,6,0,'Неделя 2: Кор и восстановление','Дыхание, стабилизация корпуса, боковая планка, dead bug и мягкая растяжка бёдер. Тренировка закрепляет контроль тела. Фокус недели: Добавляем круговой формат и учимся держать пульс под контролем.',NULL,'2026-06-14 08:07:11','2026-06-14 08:07:11'),(7,1,3,1,46,7,0,'Неделя 3: Техника движения','Разминка суставов, присед к опоре, тяга резинки, отжимания от возвышения и планка. Главная задача — почувствовать безопасные амплитуды. Фокус недели: Увеличиваем плотность работы без потери техники.',NULL,'2026-06-14 08:07:11','2026-06-14 08:07:11'),(8,1,3,2,50,8,0,'Неделя 3: Круг на всё тело','Низкоударный круг: выпады назад, тяга, жим, ягодичный мост и фермерская прогулка. Работайте умеренно, сохраняя разговорный темп. Фокус недели: Увеличиваем плотность работы без потери техники.',NULL,'2026-06-14 08:07:11','2026-06-14 08:07:11'),(9,1,3,3,42,9,0,'Неделя 3: Кор и восстановление','Дыхание, стабилизация корпуса, боковая планка, dead bug и мягкая растяжка бёдер. Тренировка закрепляет контроль тела. Фокус недели: Увеличиваем плотность работы без потери техники.',NULL,'2026-06-14 08:07:11','2026-06-14 08:07:11'),(10,1,4,1,48,10,0,'Неделя 4: Техника движения','Разминка суставов, присед к опоре, тяга резинки, отжимания от возвышения и планка. Главная задача — почувствовать безопасные амплитуды. Фокус недели: Собираем цельную тренировку и фиксируем личный прогресс.',NULL,'2026-06-14 08:07:11','2026-06-14 08:07:11'),(11,1,4,2,52,11,0,'Неделя 4: Круг на всё тело','Низкоударный круг: выпады назад, тяга, жим, ягодичный мост и фермерская прогулка. Работайте умеренно, сохраняя разговорный темп. Фокус недели: Собираем цельную тренировку и фиксируем личный прогресс.',NULL,'2026-06-14 08:07:11','2026-06-14 08:07:11'),(12,1,4,3,44,12,0,'Неделя 4: Кор и восстановление','Дыхание, стабилизация корпуса, боковая планка, dead bug и мягкая растяжка бёдер. Тренировка закрепляет контроль тела. Фокус недели: Собираем цельную тренировку и фиксируем личный прогресс.',NULL,'2026-06-14 08:07:11','2026-06-14 08:07:11'),(13,2,1,1,58,1,0,'Неделя 1: Ноги и базовая сила','Присед или жим ногами, румынская тяга, выпады, икры и антискручивания. Вес растёт только при стабильной технике. Фокус недели: Находим рабочие веса и повторяем технику базовых движений.',NULL,'2026-06-14 08:07:11','2026-06-14 08:07:11'),(14,2,1,2,56,2,0,'Неделя 1: Верх тела: жим и тяга','Жим гантелей, горизонтальная тяга, вертикальная тяга, плечи и разгибания. Следите за положением лопаток и ровным темпом. Фокус недели: Находим рабочие веса и повторяем технику базовых движений.',NULL,'2026-06-14 08:07:11','2026-06-14 08:07:11'),(15,2,1,3,50,3,0,'Неделя 1: Силовая выносливость','Умеренный круг из тяг, толчковых движений, переносок и кора. Цель — выдерживать качество под усталостью. Фокус недели: Находим рабочие веса и повторяем технику базовых движений.',NULL,'2026-06-14 08:07:11','2026-06-14 08:07:11'),(16,2,2,1,60,4,0,'Неделя 2: Ноги и базовая сила','Присед или жим ногами, румынская тяга, выпады, икры и антискручивания. Вес растёт только при стабильной технике. Фокус недели: Увеличиваем объём подходов на ноги и спину.',NULL,'2026-06-14 08:07:11','2026-06-14 08:07:11'),(17,2,2,2,58,5,0,'Неделя 2: Верх тела: жим и тяга','Жим гантелей, горизонтальная тяга, вертикальная тяга, плечи и разгибания. Следите за положением лопаток и ровным темпом. Фокус недели: Увеличиваем объём подходов на ноги и спину.',NULL,'2026-06-14 08:07:11','2026-06-14 08:07:11'),(18,2,2,3,52,6,0,'Неделя 2: Силовая выносливость','Умеренный круг из тяг, толчковых движений, переносок и кора. Цель — выдерживать качество под усталостью. Фокус недели: Увеличиваем объём подходов на ноги и спину.',NULL,'2026-06-14 08:07:11','2026-06-14 08:07:11'),(19,2,3,1,62,7,0,'Неделя 3: Ноги и базовая сила','Присед или жим ногами, румынская тяга, выпады, икры и антискручивания. Вес растёт только при стабильной технике. Фокус недели: Добавляем темповые повторения и паузы в нижней точке.',NULL,'2026-06-14 08:07:11','2026-06-14 08:07:11'),(20,2,3,2,60,8,0,'Неделя 3: Верх тела: жим и тяга','Жим гантелей, горизонтальная тяга, вертикальная тяга, плечи и разгибания. Следите за положением лопаток и ровным темпом. Фокус недели: Добавляем темповые повторения и паузы в нижней точке.',NULL,'2026-06-14 08:07:11','2026-06-14 08:07:11'),(21,2,3,3,54,9,0,'Неделя 3: Силовая выносливость','Умеренный круг из тяг, толчковых движений, переносок и кора. Цель — выдерживать качество под усталостью. Фокус недели: Добавляем темповые повторения и паузы в нижней точке.',NULL,'2026-06-14 08:07:11','2026-06-14 08:07:11'),(22,2,4,1,64,10,0,'Неделя 4: Ноги и базовая сила','Присед или жим ногами, румынская тяга, выпады, икры и антискручивания. Вес растёт только при стабильной технике. Фокус недели: Фокусируемся на жиме, тяге и стабильности лопаток.',NULL,'2026-06-14 08:07:11','2026-06-14 08:07:11'),(23,2,4,2,62,11,0,'Неделя 4: Верх тела: жим и тяга','Жим гантелей, горизонтальная тяга, вертикальная тяга, плечи и разгибания. Следите за положением лопаток и ровным темпом. Фокус недели: Фокусируемся на жиме, тяге и стабильности лопаток.',NULL,'2026-06-14 08:07:11','2026-06-14 08:07:11'),(24,2,4,3,56,12,0,'Неделя 4: Силовая выносливость','Умеренный круг из тяг, толчковых движений, переносок и кора. Цель — выдерживать качество под усталостью. Фокус недели: Фокусируемся на жиме, тяге и стабильности лопаток.',NULL,'2026-06-14 08:07:11','2026-06-14 08:07:11'),(25,2,5,1,66,13,0,'Неделя 5: Ноги и базовая сила','Присед или жим ногами, румынская тяга, выпады, икры и антискручивания. Вес растёт только при стабильной технике. Фокус недели: Работаем тяжелее, но оставляем запас в 1–2 повторения.',NULL,'2026-06-14 08:07:11','2026-06-14 08:07:11'),(26,2,5,2,64,14,0,'Неделя 5: Верх тела: жим и тяга','Жим гантелей, горизонтальная тяга, вертикальная тяга, плечи и разгибания. Следите за положением лопаток и ровным темпом. Фокус недели: Работаем тяжелее, но оставляем запас в 1–2 повторения.',NULL,'2026-06-14 08:07:11','2026-06-14 08:07:11'),(27,2,5,3,58,15,0,'Неделя 5: Силовая выносливость','Умеренный круг из тяг, толчковых движений, переносок и кора. Цель — выдерживать качество под усталостью. Фокус недели: Работаем тяжелее, но оставляем запас в 1–2 повторения.',NULL,'2026-06-14 08:07:11','2026-06-14 08:07:11'),(28,2,6,1,68,16,0,'Неделя 6: Ноги и базовая сила','Присед или жим ногами, румынская тяга, выпады, икры и антискручивания. Вес растёт только при стабильной технике. Фокус недели: Убираем лишнее и повышаем качество основных подходов.',NULL,'2026-06-14 08:07:11','2026-06-14 08:07:11'),(29,2,6,2,66,17,0,'Неделя 6: Верх тела: жим и тяга','Жим гантелей, горизонтальная тяга, вертикальная тяга, плечи и разгибания. Следите за положением лопаток и ровным темпом. Фокус недели: Убираем лишнее и повышаем качество основных подходов.',NULL,'2026-06-14 08:07:11','2026-06-14 08:07:11'),(30,2,6,3,60,18,0,'Неделя 6: Силовая выносливость','Умеренный круг из тяг, толчковых движений, переносок и кора. Цель — выдерживать качество под усталостью. Фокус недели: Убираем лишнее и повышаем качество основных подходов.',NULL,'2026-06-14 08:07:11','2026-06-14 08:07:11'),(31,2,7,1,70,19,0,'Неделя 7: Ноги и базовая сила','Присед или жим ногами, румынская тяга, выпады, икры и антискручивания. Вес растёт только при стабильной технике. Фокус недели: Проводим контрольную неделю с аккуратным приростом веса.',NULL,'2026-06-14 08:07:11','2026-06-14 08:07:11'),(32,2,7,2,68,20,0,'Неделя 7: Верх тела: жим и тяга','Жим гантелей, горизонтальная тяга, вертикальная тяга, плечи и разгибания. Следите за положением лопаток и ровным темпом. Фокус недели: Проводим контрольную неделю с аккуратным приростом веса.',NULL,'2026-06-14 08:07:11','2026-06-14 08:07:11'),(33,2,7,3,62,21,0,'Неделя 7: Силовая выносливость','Умеренный круг из тяг, толчковых движений, переносок и кора. Цель — выдерживать качество под усталостью. Фокус недели: Проводим контрольную неделю с аккуратным приростом веса.',NULL,'2026-06-14 08:07:11','2026-06-14 08:07:11'),(34,2,8,1,70,22,0,'Неделя 8: Ноги и базовая сила','Присед или жим ногами, румынская тяга, выпады, икры и антискручивания. Вес растёт только при стабильной технике. Фокус недели: Закрепляем результат и формируем план следующего цикла.',NULL,'2026-06-14 08:07:11','2026-06-14 08:07:11'),(35,2,8,2,68,23,0,'Неделя 8: Верх тела: жим и тяга','Жим гантелей, горизонтальная тяга, вертикальная тяга, плечи и разгибания. Следите за положением лопаток и ровным темпом. Фокус недели: Закрепляем результат и формируем план следующего цикла.',NULL,'2026-06-14 08:07:11','2026-06-14 08:07:11'),(36,2,8,3,62,24,0,'Неделя 8: Силовая выносливость','Умеренный круг из тяг, толчковых движений, переносок и кора. Цель — выдерживать качество под усталостью. Фокус недели: Закрепляем результат и формируем план следующего цикла.',NULL,'2026-06-14 08:07:11','2026-06-14 08:07:11'),(37,3,1,1,64,1,0,'Неделя 1: Push: грудь и плечи','Жим, наклонный жим, разводка, плечи и трицепс. Работайте в диапазоне 8–12 повторений и не гонитесь за отказом в каждом подходе. Фокус недели: Определяем стартовый объём и учимся оставлять запас.',NULL,'2026-06-14 08:07:11','2026-06-14 08:07:11'),(38,3,1,2,64,2,0,'Неделя 1: Pull: спина и бицепс','Вертикальная и горизонтальная тяга, тяга к поясу, задняя дельта и бицепс. Контролируйте растяжение мышц и положение корпуса. Фокус недели: Определяем стартовый объём и учимся оставлять запас.',NULL,'2026-06-14 08:07:11','2026-06-14 08:07:11'),(39,3,1,3,66,3,0,'Неделя 1: Legs: ноги и ягодицы','Присед или жим ногами, румынская тяга, сгибание/разгибание, ягодичный мост и пресс. Питание в этот день особенно важно. Фокус недели: Определяем стартовый объём и учимся оставлять запас.',NULL,'2026-06-14 08:07:11','2026-06-14 08:07:11'),(40,3,2,1,66,4,0,'Неделя 2: Push: грудь и плечи','Жим, наклонный жим, разводка, плечи и трицепс. Работайте в диапазоне 8–12 повторений и не гонитесь за отказом в каждом подходе. Фокус недели: Добавляем подходы на крупные группы мышц.',NULL,'2026-06-14 08:07:11','2026-06-14 08:07:11'),(41,3,2,2,66,5,0,'Неделя 2: Pull: спина и бицепс','Вертикальная и горизонтальная тяга, тяга к поясу, задняя дельта и бицепс. Контролируйте растяжение мышц и положение корпуса. Фокус недели: Добавляем подходы на крупные группы мышц.',NULL,'2026-06-14 08:07:11','2026-06-14 08:07:11'),(42,3,2,3,68,6,0,'Неделя 2: Legs: ноги и ягодицы','Присед или жим ногами, румынская тяга, сгибание/разгибание, ягодичный мост и пресс. Питание в этот день особенно важно. Фокус недели: Добавляем подходы на крупные группы мышц.',NULL,'2026-06-14 08:07:11','2026-06-14 08:07:11'),(43,3,3,1,68,7,0,'Неделя 3: Push: грудь и плечи','Жим, наклонный жим, разводка, плечи и трицепс. Работайте в диапазоне 8–12 повторений и не гонитесь за отказом в каждом подходе. Фокус недели: Увеличиваем время под нагрузкой и контролируем негативную фазу.',NULL,'2026-06-14 08:07:11','2026-06-14 08:07:11'),(44,3,3,2,68,8,0,'Неделя 3: Pull: спина и бицепс','Вертикальная и горизонтальная тяга, тяга к поясу, задняя дельта и бицепс. Контролируйте растяжение мышц и положение корпуса. Фокус недели: Увеличиваем время под нагрузкой и контролируем негативную фазу.',NULL,'2026-06-14 08:07:11','2026-06-14 08:07:11'),(45,3,3,3,70,9,0,'Неделя 3: Legs: ноги и ягодицы','Присед или жим ногами, румынская тяга, сгибание/разгибание, ягодичный мост и пресс. Питание в этот день особенно важно. Фокус недели: Увеличиваем время под нагрузкой и контролируем негативную фазу.',NULL,'2026-06-14 08:07:11','2026-06-14 08:07:11'),(46,3,4,1,70,10,0,'Неделя 4: Push: грудь и плечи','Жим, наклонный жим, разводка, плечи и трицепс. Работайте в диапазоне 8–12 повторений и не гонитесь за отказом в каждом подходе. Фокус недели: Акцент на спину и заднюю цепь.',NULL,'2026-06-14 08:07:11','2026-06-14 08:07:11'),(47,3,4,2,70,11,0,'Неделя 4: Pull: спина и бицепс','Вертикальная и горизонтальная тяга, тяга к поясу, задняя дельта и бицепс. Контролируйте растяжение мышц и положение корпуса. Фокус недели: Акцент на спину и заднюю цепь.',NULL,'2026-06-14 08:07:11','2026-06-14 08:07:11'),(48,3,4,3,72,12,0,'Неделя 4: Legs: ноги и ягодицы','Присед или жим ногами, румынская тяга, сгибание/разгибание, ягодичный мост и пресс. Питание в этот день особенно важно. Фокус недели: Акцент на спину и заднюю цепь.',NULL,'2026-06-14 08:07:11','2026-06-14 08:07:11'),(49,3,5,1,72,13,0,'Неделя 5: Push: грудь и плечи','Жим, наклонный жим, разводка, плечи и трицепс. Работайте в диапазоне 8–12 повторений и не гонитесь за отказом в каждом подходе. Фокус недели: Акцент на грудь, плечи и трицепс.',NULL,'2026-06-14 08:07:11','2026-06-14 08:07:11'),(50,3,5,2,72,14,0,'Неделя 5: Pull: спина и бицепс','Вертикальная и горизонтальная тяга, тяга к поясу, задняя дельта и бицепс. Контролируйте растяжение мышц и положение корпуса. Фокус недели: Акцент на грудь, плечи и трицепс.',NULL,'2026-06-14 08:07:12','2026-06-14 08:07:12'),(51,3,5,3,74,15,0,'Неделя 5: Legs: ноги и ягодицы','Присед или жим ногами, румынская тяга, сгибание/разгибание, ягодичный мост и пресс. Питание в этот день особенно важно. Фокус недели: Акцент на грудь, плечи и трицепс.',NULL,'2026-06-14 08:07:12','2026-06-14 08:07:12'),(52,3,6,1,74,16,0,'Неделя 6: Push: грудь и плечи','Жим, наклонный жим, разводка, плечи и трицепс. Работайте в диапазоне 8–12 повторений и не гонитесь за отказом в каждом подходе. Фокус недели: Умеренная разгрузка суставов без потери частоты.',NULL,'2026-06-14 08:07:12','2026-06-14 08:07:12'),(53,3,6,2,74,17,0,'Неделя 6: Pull: спина и бицепс','Вертикальная и горизонтальная тяга, тяга к поясу, задняя дельта и бицепс. Контролируйте растяжение мышц и положение корпуса. Фокус недели: Умеренная разгрузка суставов без потери частоты.',NULL,'2026-06-14 08:07:12','2026-06-14 08:07:12'),(54,3,6,3,76,18,0,'Неделя 6: Legs: ноги и ягодицы','Присед или жим ногами, румынская тяга, сгибание/разгибание, ягодичный мост и пресс. Питание в этот день особенно важно. Фокус недели: Умеренная разгрузка суставов без потери частоты.',NULL,'2026-06-14 08:07:12','2026-06-14 08:07:12'),(55,3,7,1,76,19,0,'Неделя 7: Push: грудь и плечи','Жим, наклонный жим, разводка, плечи и трицепс. Работайте в диапазоне 8–12 повторений и не гонитесь за отказом в каждом подходе. Фокус недели: Новый виток объёма с точной техникой.',NULL,'2026-06-14 08:07:12','2026-06-14 08:07:12'),(56,3,7,2,76,20,0,'Неделя 7: Pull: спина и бицепс','Вертикальная и горизонтальная тяга, тяга к поясу, задняя дельта и бицепс. Контролируйте растяжение мышц и положение корпуса. Фокус недели: Новый виток объёма с точной техникой.',NULL,'2026-06-14 08:07:12','2026-06-14 08:07:12'),(57,3,7,3,78,21,0,'Неделя 7: Legs: ноги и ягодицы','Присед или жим ногами, румынская тяга, сгибание/разгибание, ягодичный мост и пресс. Питание в этот день особенно важно. Фокус недели: Новый виток объёма с точной техникой.',NULL,'2026-06-14 08:07:12','2026-06-14 08:07:12'),(58,3,8,1,76,22,0,'Неделя 8: Push: грудь и плечи','Жим, наклонный жим, разводка, плечи и трицепс. Работайте в диапазоне 8–12 повторений и не гонитесь за отказом в каждом подходе. Фокус недели: Добивочные упражнения и работа над слабым звеном.',NULL,'2026-06-14 08:07:12','2026-06-14 08:07:12'),(59,3,8,2,76,23,0,'Неделя 8: Pull: спина и бицепс','Вертикальная и горизонтальная тяга, тяга к поясу, задняя дельта и бицепс. Контролируйте растяжение мышц и положение корпуса. Фокус недели: Добивочные упражнения и работа над слабым звеном.',NULL,'2026-06-14 08:07:12','2026-06-14 08:07:12'),(60,3,8,3,78,24,0,'Неделя 8: Legs: ноги и ягодицы','Присед или жим ногами, румынская тяга, сгибание/разгибание, ягодичный мост и пресс. Питание в этот день особенно важно. Фокус недели: Добивочные упражнения и работа над слабым звеном.',NULL,'2026-06-14 08:07:12','2026-06-14 08:07:12'),(61,3,9,1,76,25,0,'Неделя 9: Push: грудь и плечи','Жим, наклонный жим, разводка, плечи и трицепс. Работайте в диапазоне 8–12 повторений и не гонитесь за отказом в каждом подходе. Фокус недели: Пиковая неделя объёма с контролем восстановления.',NULL,'2026-06-14 08:07:12','2026-06-14 08:07:12'),(62,3,9,2,76,26,0,'Неделя 9: Pull: спина и бицепс','Вертикальная и горизонтальная тяга, тяга к поясу, задняя дельта и бицепс. Контролируйте растяжение мышц и положение корпуса. Фокус недели: Пиковая неделя объёма с контролем восстановления.',NULL,'2026-06-14 08:07:12','2026-06-14 08:07:12'),(63,3,9,3,78,27,0,'Неделя 9: Legs: ноги и ягодицы','Присед или жим ногами, румынская тяга, сгибание/разгибание, ягодичный мост и пресс. Питание в этот день особенно важно. Фокус недели: Пиковая неделя объёма с контролем восстановления.',NULL,'2026-06-14 08:07:12','2026-06-14 08:07:12'),(64,3,10,1,76,28,0,'Неделя 10: Push: грудь и плечи','Жим, наклонный жим, разводка, плечи и трицепс. Работайте в диапазоне 8–12 повторений и не гонитесь за отказом в каждом подходе. Фокус недели: Фиксируем замеры и выходим на следующий цикл.',NULL,'2026-06-14 08:07:12','2026-06-14 08:07:12'),(65,3,10,2,76,29,0,'Неделя 10: Pull: спина и бицепс','Вертикальная и горизонтальная тяга, тяга к поясу, задняя дельта и бицепс. Контролируйте растяжение мышц и положение корпуса. Фокус недели: Фиксируем замеры и выходим на следующий цикл.',NULL,'2026-06-14 08:07:12','2026-06-14 08:07:12'),(66,3,10,3,78,30,0,'Неделя 10: Legs: ноги и ягодицы','Присед или жим ногами, румынская тяга, сгибание/разгибание, ягодичный мост и пресс. Питание в этот день особенно важно. Фокус недели: Фиксируем замеры и выходим на следующий цикл.',NULL,'2026-06-14 08:07:12','2026-06-14 08:07:12'),(67,4,1,1,48,1,0,'Неделя 1: Силовой тонус','Приседания, тяги, жимы, ягодичный мост и кор в умеренном темпе. Силовая часть помогает сохранять мышцы при снижении веса. Фокус недели: Настраиваем режим: шаги, вода, сон и лёгкие тренировки.',NULL,'2026-06-14 08:07:12','2026-06-14 08:07:12'),(68,4,1,2,44,2,0,'Неделя 1: Кардио без прыжков','Эллипс, дорожка под наклоном или велотренажёр в ровной зоне пульса. Задача — накопить объём без чрезмерной усталости. Фокус недели: Настраиваем режим: шаги, вода, сон и лёгкие тренировки.',NULL,'2026-06-14 08:07:12','2026-06-14 08:07:12'),(69,4,1,3,46,3,0,'Неделя 1: Круговая тренировка','Короткие станции на ноги, спину, плечи и пресс. Отдых запланирован заранее, чтобы не превращать занятие в хаос. Фокус недели: Настраиваем режим: шаги, вода, сон и лёгкие тренировки.',NULL,'2026-06-14 08:07:12','2026-06-14 08:07:12'),(70,4,2,1,50,4,0,'Неделя 2: Силовой тонус','Приседания, тяги, жимы, ягодичный мост и кор в умеренном темпе. Силовая часть помогает сохранять мышцы при снижении веса. Фокус недели: Добавляем силовые движения для сохранения мышц.',NULL,'2026-06-14 08:07:12','2026-06-14 08:07:12'),(71,4,2,2,46,5,0,'Неделя 2: Кардио без прыжков','Эллипс, дорожка под наклоном или велотренажёр в ровной зоне пульса. Задача — накопить объём без чрезмерной усталости. Фокус недели: Добавляем силовые движения для сохранения мышц.',NULL,'2026-06-14 08:07:12','2026-06-14 08:07:12'),(72,4,2,3,48,6,0,'Неделя 2: Круговая тренировка','Короткие станции на ноги, спину, плечи и пресс. Отдых запланирован заранее, чтобы не превращать занятие в хаос. Фокус недели: Добавляем силовые движения для сохранения мышц.',NULL,'2026-06-14 08:07:12','2026-06-14 08:07:12'),(73,4,3,1,52,7,0,'Неделя 3: Силовой тонус','Приседания, тяги, жимы, ягодичный мост и кор в умеренном темпе. Силовая часть помогает сохранять мышцы при снижении веса. Фокус недели: Увеличиваем длительность кардио без прыжков.',NULL,'2026-06-14 08:07:12','2026-06-14 08:07:12'),(74,4,3,2,48,8,0,'Неделя 3: Кардио без прыжков','Эллипс, дорожка под наклоном или велотренажёр в ровной зоне пульса. Задача — накопить объём без чрезмерной усталости. Фокус недели: Увеличиваем длительность кардио без прыжков.',NULL,'2026-06-14 08:07:12','2026-06-14 08:07:12'),(75,4,3,3,50,9,0,'Неделя 3: Круговая тренировка','Короткие станции на ноги, спину, плечи и пресс. Отдых запланирован заранее, чтобы не превращать занятие в хаос. Фокус недели: Увеличиваем длительность кардио без прыжков.',NULL,'2026-06-14 08:07:12','2026-06-14 08:07:12'),(76,4,4,1,54,10,0,'Неделя 4: Силовой тонус','Приседания, тяги, жимы, ягодичный мост и кор в умеренном темпе. Силовая часть помогает сохранять мышцы при снижении веса. Фокус недели: Учимся работать интервально, но без перегрева.',NULL,'2026-06-14 08:07:12','2026-06-14 08:07:12'),(77,4,4,2,50,11,0,'Неделя 4: Кардио без прыжков','Эллипс, дорожка под наклоном или велотренажёр в ровной зоне пульса. Задача — накопить объём без чрезмерной усталости. Фокус недели: Учимся работать интервально, но без перегрева.',NULL,'2026-06-14 08:07:12','2026-06-14 08:07:12'),(78,4,4,3,52,12,0,'Неделя 4: Круговая тренировка','Короткие станции на ноги, спину, плечи и пресс. Отдых запланирован заранее, чтобы не превращать занятие в хаос. Фокус недели: Учимся работать интервально, но без перегрева.',NULL,'2026-06-14 08:07:12','2026-06-14 08:07:12'),(79,4,5,1,56,13,0,'Неделя 5: Силовой тонус','Приседания, тяги, жимы, ягодичный мост и кор в умеренном темпе. Силовая часть помогает сохранять мышцы при снижении веса. Фокус недели: Подключаем круги на всё тело и контроль пульса.',NULL,'2026-06-14 08:07:12','2026-06-14 08:07:12'),(80,4,5,2,52,14,0,'Неделя 5: Кардио без прыжков','Эллипс, дорожка под наклоном или велотренажёр в ровной зоне пульса. Задача — накопить объём без чрезмерной усталости. Фокус недели: Подключаем круги на всё тело и контроль пульса.',NULL,'2026-06-14 08:07:12','2026-06-14 08:07:12'),(81,4,5,3,54,15,0,'Неделя 5: Круговая тренировка','Короткие станции на ноги, спину, плечи и пресс. Отдых запланирован заранее, чтобы не превращать занятие в хаос. Фокус недели: Подключаем круги на всё тело и контроль пульса.',NULL,'2026-06-14 08:07:12','2026-06-14 08:07:12'),(82,4,6,1,58,16,0,'Неделя 6: Силовой тонус','Приседания, тяги, жимы, ягодичный мост и кор в умеренном темпе. Силовая часть помогает сохранять мышцы при снижении веса. Фокус недели: Держим стабильность питания и нагрузки.',NULL,'2026-06-14 08:07:12','2026-06-14 08:07:12'),(83,4,6,2,54,17,0,'Неделя 6: Кардио без прыжков','Эллипс, дорожка под наклоном или велотренажёр в ровной зоне пульса. Задача — накопить объём без чрезмерной усталости. Фокус недели: Держим стабильность питания и нагрузки.',NULL,'2026-06-14 08:07:12','2026-06-14 08:07:12'),(84,4,6,3,56,18,0,'Неделя 6: Круговая тренировка','Короткие станции на ноги, спину, плечи и пресс. Отдых запланирован заранее, чтобы не превращать занятие в хаос. Фокус недели: Держим стабильность питания и нагрузки.',NULL,'2026-06-14 08:07:12','2026-06-14 08:07:12'),(85,4,7,1,60,19,0,'Неделя 7: Силовой тонус','Приседания, тяги, жимы, ягодичный мост и кор в умеренном темпе. Силовая часть помогает сохранять мышцы при снижении веса. Фокус недели: Делаем неделю уверенного темпа.',NULL,'2026-06-14 08:07:12','2026-06-14 08:07:12'),(86,4,7,2,56,20,0,'Неделя 7: Кардио без прыжков','Эллипс, дорожка под наклоном или велотренажёр в ровной зоне пульса. Задача — накопить объём без чрезмерной усталости. Фокус недели: Делаем неделю уверенного темпа.',NULL,'2026-06-14 08:07:12','2026-06-14 08:07:12'),(87,4,7,3,58,21,0,'Неделя 7: Круговая тренировка','Короткие станции на ноги, спину, плечи и пресс. Отдых запланирован заранее, чтобы не превращать занятие в хаос. Фокус недели: Делаем неделю уверенного темпа.',NULL,'2026-06-14 08:07:12','2026-06-14 08:07:12'),(88,4,8,1,60,22,0,'Неделя 8: Силовой тонус','Приседания, тяги, жимы, ягодичный мост и кор в умеренном темпе. Силовая часть помогает сохранять мышцы при снижении веса. Фокус недели: Фиксируем прогресс и планируем поддержку результата.',NULL,'2026-06-14 08:07:12','2026-06-14 08:07:12'),(89,4,8,2,56,23,0,'Неделя 8: Кардио без прыжков','Эллипс, дорожка под наклоном или велотренажёр в ровной зоне пульса. Задача — накопить объём без чрезмерной усталости. Фокус недели: Фиксируем прогресс и планируем поддержку результата.',NULL,'2026-06-14 08:07:12','2026-06-14 08:07:12'),(90,4,8,3,58,24,0,'Неделя 8: Круговая тренировка','Короткие станции на ноги, спину, плечи и пресс. Отдых запланирован заранее, чтобы не превращать занятие в хаос. Фокус недели: Фиксируем прогресс и планируем поддержку результата.',NULL,'2026-06-14 08:07:12','2026-06-14 08:07:12'),(91,5,1,1,36,1,0,'Неделя 1: Плечи и грудной отдел','Дыхание, раскрытие грудного отдела, круги плечами, работа у стены и лёгкая стабилизация лопаток. Движения выполняются медленно. Фокус недели: Оцениваем амплитуды и снимаем лишнее напряжение.',NULL,'2026-06-14 08:07:12','2026-06-14 08:07:12'),(92,5,1,2,38,2,0,'Неделя 1: Таз и задняя линия','Мобилизация тазобедренных, сгибатели бедра, наклоны с опорой и ягодичная активация. Главная цель — не растянуть сильнее, а двигаться свободнее. Фокус недели: Оцениваем амплитуды и снимаем лишнее напряжение.',NULL,'2026-06-14 08:07:12','2026-06-14 08:07:12'),(93,5,1,3,40,3,0,'Неделя 1: Контроль амплитуды','Переходы, выпады с ротацией, присед с удержанием и кор. Новая подвижность закрепляется через силу и дыхание. Фокус недели: Оцениваем амплитуды и снимаем лишнее напряжение.',NULL,'2026-06-14 08:07:12','2026-06-14 08:07:12'),(94,5,2,1,38,4,0,'Неделя 2: Плечи и грудной отдел','Дыхание, раскрытие грудного отдела, круги плечами, работа у стены и лёгкая стабилизация лопаток. Движения выполняются медленно. Фокус недели: Раскрываем грудной отдел и плечевой пояс.',NULL,'2026-06-14 08:07:12','2026-06-14 08:07:12'),(95,5,2,2,40,5,0,'Неделя 2: Таз и задняя линия','Мобилизация тазобедренных, сгибатели бедра, наклоны с опорой и ягодичная активация. Главная цель — не растянуть сильнее, а двигаться свободнее. Фокус недели: Раскрываем грудной отдел и плечевой пояс.',NULL,'2026-06-14 08:07:12','2026-06-14 08:07:12'),(96,5,2,3,42,6,0,'Неделя 2: Контроль амплитуды','Переходы, выпады с ротацией, присед с удержанием и кор. Новая подвижность закрепляется через силу и дыхание. Фокус недели: Раскрываем грудной отдел и плечевой пояс.',NULL,'2026-06-14 08:07:12','2026-06-14 08:07:12'),(97,5,3,1,40,7,0,'Неделя 3: Плечи и грудной отдел','Дыхание, раскрытие грудного отдела, круги плечами, работа у стены и лёгкая стабилизация лопаток. Движения выполняются медленно. Фокус недели: Работаем с тазобедренными и задней поверхностью бедра.',NULL,'2026-06-14 08:07:12','2026-06-14 08:07:12'),(98,5,3,2,42,8,0,'Неделя 3: Таз и задняя линия','Мобилизация тазобедренных, сгибатели бедра, наклоны с опорой и ягодичная активация. Главная цель — не растянуть сильнее, а двигаться свободнее. Фокус недели: Работаем с тазобедренными и задней поверхностью бедра.',NULL,'2026-06-14 08:07:12','2026-06-14 08:07:12'),(99,5,3,3,44,9,0,'Неделя 3: Контроль амплитуды','Переходы, выпады с ротацией, присед с удержанием и кор. Новая подвижность закрепляется через силу и дыхание. Фокус недели: Работаем с тазобедренными и задней поверхностью бедра.',NULL,'2026-06-14 08:07:12','2026-06-14 08:07:12'),(100,5,4,1,42,10,0,'Неделя 4: Плечи и грудной отдел','Дыхание, раскрытие грудного отдела, круги плечами, работа у стены и лёгкая стабилизация лопаток. Движения выполняются медленно. Фокус недели: Соединяем мобильность с лёгкой силой.',NULL,'2026-06-14 08:07:12','2026-06-14 08:07:12'),(101,5,4,2,44,11,0,'Неделя 4: Таз и задняя линия','Мобилизация тазобедренных, сгибатели бедра, наклоны с опорой и ягодичная активация. Главная цель — не растянуть сильнее, а двигаться свободнее. Фокус недели: Соединяем мобильность с лёгкой силой.',NULL,'2026-06-14 08:07:12','2026-06-14 08:07:12'),(102,5,4,3,46,12,0,'Неделя 4: Контроль амплитуды','Переходы, выпады с ротацией, присед с удержанием и кор. Новая подвижность закрепляется через силу и дыхание. Фокус недели: Соединяем мобильность с лёгкой силой.',NULL,'2026-06-14 08:07:12','2026-06-14 08:07:12'),(103,5,5,1,44,13,0,'Неделя 5: Плечи и грудной отдел','Дыхание, раскрытие грудного отдела, круги плечами, работа у стены и лёгкая стабилизация лопаток. Движения выполняются медленно. Фокус недели: Удерживаем новую амплитуду под контролем.',NULL,'2026-06-14 08:07:12','2026-06-14 08:07:12'),(104,5,5,2,46,14,0,'Неделя 5: Таз и задняя линия','Мобилизация тазобедренных, сгибатели бедра, наклоны с опорой и ягодичная активация. Главная цель — не растянуть сильнее, а двигаться свободнее. Фокус недели: Удерживаем новую амплитуду под контролем.',NULL,'2026-06-14 08:07:12','2026-06-14 08:07:12'),(105,5,5,3,48,15,0,'Неделя 5: Контроль амплитуды','Переходы, выпады с ротацией, присед с удержанием и кор. Новая подвижность закрепляется через силу и дыхание. Фокус недели: Удерживаем новую амплитуду под контролем.',NULL,'2026-06-14 08:07:12','2026-06-14 08:07:12'),(106,5,6,1,46,16,0,'Неделя 6: Плечи и грудной отдел','Дыхание, раскрытие грудного отдела, круги плечами, работа у стены и лёгкая стабилизация лопаток. Движения выполняются медленно. Фокус недели: Собираем личный комплекс на каждый день.',NULL,'2026-06-14 08:07:12','2026-06-14 08:07:12'),(107,5,6,2,48,17,0,'Неделя 6: Таз и задняя линия','Мобилизация тазобедренных, сгибатели бедра, наклоны с опорой и ягодичная активация. Главная цель — не растянуть сильнее, а двигаться свободнее. Фокус недели: Собираем личный комплекс на каждый день.',NULL,'2026-06-14 08:07:12','2026-06-14 08:07:12'),(108,5,6,3,50,18,0,'Неделя 6: Контроль амплитуды','Переходы, выпады с ротацией, присед с удержанием и кор. Новая подвижность закрепляется через силу и дыхание. Фокус недели: Собираем личный комплекс на каждый день.',NULL,'2026-06-14 08:07:12','2026-06-14 08:07:12'),(109,6,1,1,24,1,0,'Неделя 1: Мягкое пробуждение','Дыхание, кошка-корова, наклоны, раскрытие плеч и спокойные переходы. Практика помогает снять утреннюю скованность. Фокус недели: Учимся начинать день мягко и без спешки.',NULL,'2026-06-14 08:07:12','2026-06-14 08:07:12'),(110,6,1,2,28,2,0,'Неделя 1: Баланс и опора','Поза дерева, выпады, собака мордой вниз и укрепление стоп. Все балансы выполняются рядом с опорой. Фокус недели: Учимся начинать день мягко и без спешки.',NULL,'2026-06-14 08:07:12','2026-06-14 08:07:12'),(111,6,1,3,30,3,0,'Неделя 1: Спокойная сила','Планка, мягкие переходы, удержания и расслабление в конце. Нагрузка умеренная, акцент на дыхании и качестве движения. Фокус недели: Учимся начинать день мягко и без спешки.',NULL,'2026-06-14 08:07:12','2026-06-14 08:07:12'),(112,6,2,1,26,4,0,'Неделя 2: Мягкое пробуждение','Дыхание, кошка-корова, наклоны, раскрытие плеч и спокойные переходы. Практика помогает снять утреннюю скованность. Фокус недели: Добавляем простые балансы и раскрытие грудного отдела.',NULL,'2026-06-14 08:07:12','2026-06-14 08:07:12'),(113,6,2,2,30,5,0,'Неделя 2: Баланс и опора','Поза дерева, выпады, собака мордой вниз и укрепление стоп. Все балансы выполняются рядом с опорой. Фокус недели: Добавляем простые балансы и раскрытие грудного отдела.',NULL,'2026-06-14 08:07:12','2026-06-14 08:07:12'),(114,6,2,3,32,6,0,'Неделя 2: Спокойная сила','Планка, мягкие переходы, удержания и расслабление в конце. Нагрузка умеренная, акцент на дыхании и качестве движения. Фокус недели: Добавляем простые балансы и раскрытие грудного отдела.',NULL,'2026-06-14 08:07:12','2026-06-14 08:07:12'),(115,6,3,1,28,7,0,'Неделя 3: Мягкое пробуждение','Дыхание, кошка-корова, наклоны, раскрытие плеч и спокойные переходы. Практика помогает снять утреннюю скованность. Фокус недели: Удлиняем последовательность и работаем с дыханием.',NULL,'2026-06-14 08:07:12','2026-06-14 08:07:12'),(116,6,3,2,32,8,0,'Неделя 3: Баланс и опора','Поза дерева, выпады, собака мордой вниз и укрепление стоп. Все балансы выполняются рядом с опорой. Фокус недели: Удлиняем последовательность и работаем с дыханием.',NULL,'2026-06-14 08:07:12','2026-06-14 08:07:12'),(117,6,3,3,34,9,0,'Неделя 3: Спокойная сила','Планка, мягкие переходы, удержания и расслабление в конце. Нагрузка умеренная, акцент на дыхании и качестве движения. Фокус недели: Удлиняем последовательность и работаем с дыханием.',NULL,'2026-06-14 08:07:12','2026-06-14 08:07:12'),(118,6,4,1,30,10,0,'Неделя 4: Мягкое пробуждение','Дыхание, кошка-корова, наклоны, раскрытие плеч и спокойные переходы. Практика помогает снять утреннюю скованность. Фокус недели: Собираем персональный утренний ритуал.',NULL,'2026-06-14 08:07:12','2026-06-14 08:07:12'),(119,6,4,2,34,11,0,'Неделя 4: Баланс и опора','Поза дерева, выпады, собака мордой вниз и укрепление стоп. Все балансы выполняются рядом с опорой. Фокус недели: Собираем персональный утренний ритуал.',NULL,'2026-06-14 08:07:12','2026-06-14 08:07:12'),(120,6,4,3,36,12,0,'Неделя 4: Спокойная сила','Планка, мягкие переходы, удержания и расслабление в конце. Нагрузка умеренная, акцент на дыхании и качестве движения. Фокус недели: Собираем персональный утренний ритуал.',NULL,'2026-06-14 08:07:12','2026-06-14 08:07:12'),(121,7,1,1,42,1,0,'Неделя 1: Стойка и передвижения','Разминка, стойка, шаги вперёд/назад, работа у зеркала и лёгкая тень. Техника важнее скорости. Фокус недели: Стойка, защита и базовая координация.',NULL,'2026-06-14 08:07:12','2026-06-14 08:07:12'),(122,7,1,2,48,2,0,'Неделя 1: Удары и связки','Джеб, кросс, простые комбинации и возврат рук в защиту. Удары выполняются с контролем корпуса, без силового зажима. Фокус недели: Стойка, защита и базовая координация.',NULL,'2026-06-14 08:07:12','2026-06-14 08:07:12'),(123,7,1,3,46,3,0,'Неделя 1: Бокс-кардио','Раунды на мешке или лапах, упражнения на кор и дыхательная заминка. Интенсивность растёт постепенно по неделям. Фокус недели: Стойка, защита и базовая координация.',NULL,'2026-06-14 08:07:12','2026-06-14 08:07:12'),(124,7,2,1,44,4,0,'Неделя 2: Стойка и передвижения','Разминка, стойка, шаги вперёд/назад, работа у зеркала и лёгкая тень. Техника важнее скорости. Фокус недели: Джеб и прямой удар без напряжения плеч.',NULL,'2026-06-14 08:07:12','2026-06-14 08:07:12'),(125,7,2,2,50,5,0,'Неделя 2: Удары и связки','Джеб, кросс, простые комбинации и возврат рук в защиту. Удары выполняются с контролем корпуса, без силового зажима. Фокус недели: Джеб и прямой удар без напряжения плеч.',NULL,'2026-06-14 08:07:13','2026-06-14 08:07:13'),(126,7,2,3,48,6,0,'Неделя 2: Бокс-кардио','Раунды на мешке или лапах, упражнения на кор и дыхательная заминка. Интенсивность растёт постепенно по неделям. Фокус недели: Джеб и прямой удар без напряжения плеч.',NULL,'2026-06-14 08:07:13','2026-06-14 08:07:13'),(127,7,3,1,46,7,0,'Неделя 3: Стойка и передвижения','Разминка, стойка, шаги вперёд/назад, работа у зеркала и лёгкая тень. Техника важнее скорости. Фокус недели: Передвижения, дистанция и работа ног.',NULL,'2026-06-14 08:07:13','2026-06-14 08:07:13'),(128,7,3,2,52,8,0,'Неделя 3: Удары и связки','Джеб, кросс, простые комбинации и возврат рук в защиту. Удары выполняются с контролем корпуса, без силового зажима. Фокус недели: Передвижения, дистанция и работа ног.',NULL,'2026-06-14 08:07:13','2026-06-14 08:07:13'),(129,7,3,3,50,9,0,'Неделя 3: Бокс-кардио','Раунды на мешке или лапах, упражнения на кор и дыхательная заминка. Интенсивность растёт постепенно по неделям. Фокус недели: Передвижения, дистанция и работа ног.',NULL,'2026-06-14 08:07:13','2026-06-14 08:07:13'),(130,7,4,1,48,10,0,'Неделя 4: Стойка и передвижения','Разминка, стойка, шаги вперёд/назад, работа у зеркала и лёгкая тень. Техника важнее скорости. Фокус недели: Связки из двух-трёх ударов.',NULL,'2026-06-14 08:07:13','2026-06-14 08:07:13'),(131,7,4,2,54,11,0,'Неделя 4: Удары и связки','Джеб, кросс, простые комбинации и возврат рук в защиту. Удары выполняются с контролем корпуса, без силового зажима. Фокус недели: Связки из двух-трёх ударов.',NULL,'2026-06-14 08:07:13','2026-06-14 08:07:13'),(132,7,4,3,52,12,0,'Неделя 4: Бокс-кардио','Раунды на мешке или лапах, упражнения на кор и дыхательная заминка. Интенсивность растёт постепенно по неделям. Фокус недели: Связки из двух-трёх ударов.',NULL,'2026-06-14 08:07:13','2026-06-14 08:07:13'),(133,7,5,1,50,13,0,'Неделя 5: Стойка и передвижения','Разминка, стойка, шаги вперёд/назад, работа у зеркала и лёгкая тень. Техника важнее скорости. Фокус недели: Интервалы на мешке и корпус.',NULL,'2026-06-14 08:07:13','2026-06-14 08:07:13'),(134,7,5,2,56,14,0,'Неделя 5: Удары и связки','Джеб, кросс, простые комбинации и возврат рук в защиту. Удары выполняются с контролем корпуса, без силового зажима. Фокус недели: Интервалы на мешке и корпус.',NULL,'2026-06-14 08:07:13','2026-06-14 08:07:13'),(135,7,5,3,54,15,0,'Неделя 5: Бокс-кардио','Раунды на мешке или лапах, упражнения на кор и дыхательная заминка. Интенсивность растёт постепенно по неделям. Фокус недели: Интервалы на мешке и корпус.',NULL,'2026-06-14 08:07:13','2026-06-14 08:07:13'),(136,7,6,1,52,16,0,'Неделя 6: Стойка и передвижения','Разминка, стойка, шаги вперёд/назад, работа у зеркала и лёгкая тень. Техника важнее скорости. Фокус недели: Контрольная тренировка: техника + выносливость.',NULL,'2026-06-14 08:07:13','2026-06-14 08:07:13'),(137,7,6,2,58,17,0,'Неделя 6: Удары и связки','Джеб, кросс, простые комбинации и возврат рук в защиту. Удары выполняются с контролем корпуса, без силового зажима. Фокус недели: Контрольная тренировка: техника + выносливость.',NULL,'2026-06-14 08:07:13','2026-06-14 08:07:13'),(138,7,6,3,56,18,0,'Неделя 6: Бокс-кардио','Раунды на мешке или лапах, упражнения на кор и дыхательная заминка. Интенсивность растёт постепенно по неделям. Фокус недели: Контрольная тренировка: техника + выносливость.',NULL,'2026-06-14 08:07:13','2026-06-14 08:07:13'),(139,8,1,1,34,1,0,'Неделя 1: Стабилизация поясницы','Дыхание 90/90, dead bug, ягодичный мост и короткие удержания. Никакой боли: только контролируемое движение. Фокус недели: Дыхание, нейтральное положение и мягкая активация.',NULL,'2026-06-14 08:07:13','2026-06-14 08:07:13'),(140,8,1,2,38,2,0,'Неделя 1: Лопатки и грудной отдел','Тяга резинки, раскрытие грудного отдела, wall slides и лёгкая работа на осанку. Цель — включить верх спины. Фокус недели: Дыхание, нейтральное положение и мягкая активация.',NULL,'2026-06-14 08:07:13','2026-06-14 08:07:13'),(141,8,1,3,40,3,0,'Неделя 1: Бытовая сила','Присед к опоре, переноска, наклон с палкой и кор. Учимся переносить технику в повседневные движения. Фокус недели: Дыхание, нейтральное положение и мягкая активация.',NULL,'2026-06-14 08:07:13','2026-06-14 08:07:13'),(142,8,2,1,36,4,0,'Неделя 2: Стабилизация поясницы','Дыхание 90/90, dead bug, ягодичный мост и короткие удержания. Никакой боли: только контролируемое движение. Фокус недели: Укрепляем ягодичные и глубокие мышцы корпуса.',NULL,'2026-06-14 08:07:13','2026-06-14 08:07:13'),(143,8,2,2,40,5,0,'Неделя 2: Лопатки и грудной отдел','Тяга резинки, раскрытие грудного отдела, wall slides и лёгкая работа на осанку. Цель — включить верх спины. Фокус недели: Укрепляем ягодичные и глубокие мышцы корпуса.',NULL,'2026-06-14 08:07:13','2026-06-14 08:07:13'),(144,8,2,3,42,6,0,'Неделя 2: Бытовая сила','Присед к опоре, переноска, наклон с палкой и кор. Учимся переносить технику в повседневные движения. Фокус недели: Укрепляем ягодичные и глубокие мышцы корпуса.',NULL,'2026-06-14 08:07:13','2026-06-14 08:07:13'),(145,8,3,1,38,7,0,'Неделя 3: Стабилизация поясницы','Дыхание 90/90, dead bug, ягодичный мост и короткие удержания. Никакой боли: только контролируемое движение. Фокус недели: Добавляем тяговые движения и контроль лопаток.',NULL,'2026-06-14 08:07:13','2026-06-14 08:07:13'),(146,8,3,2,42,8,0,'Неделя 3: Лопатки и грудной отдел','Тяга резинки, раскрытие грудного отдела, wall slides и лёгкая работа на осанку. Цель — включить верх спины. Фокус недели: Добавляем тяговые движения и контроль лопаток.',NULL,'2026-06-14 08:07:13','2026-06-14 08:07:13'),(147,8,3,3,44,9,0,'Неделя 3: Бытовая сила','Присед к опоре, переноска, наклон с палкой и кор. Учимся переносить технику в повседневные движения. Фокус недели: Добавляем тяговые движения и контроль лопаток.',NULL,'2026-06-14 08:07:13','2026-06-14 08:07:13'),(148,8,4,1,40,10,0,'Неделя 4: Стабилизация поясницы','Дыхание 90/90, dead bug, ягодичный мост и короткие удержания. Никакой боли: только контролируемое движение. Фокус недели: Работаем над выносливостью постуральных мышц.',NULL,'2026-06-14 08:07:13','2026-06-14 08:07:13'),(149,8,4,2,44,11,0,'Неделя 4: Лопатки и грудной отдел','Тяга резинки, раскрытие грудного отдела, wall slides и лёгкая работа на осанку. Цель — включить верх спины. Фокус недели: Работаем над выносливостью постуральных мышц.',NULL,'2026-06-14 08:07:13','2026-06-14 08:07:13'),(150,8,4,3,46,12,0,'Неделя 4: Бытовая сила','Присед к опоре, переноска, наклон с палкой и кор. Учимся переносить технику в повседневные движения. Фокус недели: Работаем над выносливостью постуральных мышц.',NULL,'2026-06-14 08:07:13','2026-06-14 08:07:13'),(151,8,5,1,42,13,0,'Неделя 5: Стабилизация поясницы','Дыхание 90/90, dead bug, ягодичный мост и короткие удержания. Никакой боли: только контролируемое движение. Фокус недели: Соединяем упражнения в бытовые движения.',NULL,'2026-06-14 08:07:13','2026-06-14 08:07:13'),(152,8,5,2,46,14,0,'Неделя 5: Лопатки и грудной отдел','Тяга резинки, раскрытие грудного отдела, wall slides и лёгкая работа на осанку. Цель — включить верх спины. Фокус недели: Соединяем упражнения в бытовые движения.',NULL,'2026-06-14 08:07:13','2026-06-14 08:07:13'),(153,8,5,3,48,15,0,'Неделя 5: Бытовая сила','Присед к опоре, переноска, наклон с палкой и кор. Учимся переносить технику в повседневные движения. Фокус недели: Соединяем упражнения в бытовые движения.',NULL,'2026-06-14 08:07:13','2026-06-14 08:07:13'),(154,8,6,1,44,16,0,'Неделя 6: Стабилизация поясницы','Дыхание 90/90, dead bug, ягодичный мост и короткие удержания. Никакой боли: только контролируемое движение. Фокус недели: Формируем короткий комплекс поддержки спины.',NULL,'2026-06-14 08:07:13','2026-06-14 08:07:13'),(155,8,6,2,48,17,0,'Неделя 6: Лопатки и грудной отдел','Тяга резинки, раскрытие грудного отдела, wall slides и лёгкая работа на осанку. Цель — включить верх спины. Фокус недели: Формируем короткий комплекс поддержки спины.',NULL,'2026-06-14 08:07:13','2026-06-14 08:07:13'),(156,8,6,3,50,18,0,'Неделя 6: Бытовая сила','Присед к опоре, переноска, наклон с палкой и кор. Учимся переносить технику в повседневные движения. Фокус недели: Формируем короткий комплекс поддержки спины.',NULL,'2026-06-14 08:07:13','2026-06-14 08:07:13'),(157,9,1,1,36,1,0,'Неделя 1: Бег + ходьба','Интервалы ходьбы и лёгкого бега. Темп должен позволять говорить короткими фразами. Фокус недели: Чередуем ходьбу и лёгкий бег без гонки за темпом.',NULL,'2026-06-14 08:07:13','2026-06-14 08:07:13'),(158,9,1,2,40,2,0,'Неделя 1: Силовая профилактика','Стопы, икры, ягодичные, кор и баланс. Эта тренировка снижает риск перегруза при росте бегового объёма. Фокус недели: Чередуем ходьбу и лёгкий бег без гонки за темпом.',NULL,'2026-06-14 08:07:13','2026-06-14 08:07:13'),(159,9,1,3,42,3,0,'Неделя 1: Длинный спокойный выход','Самая ровная тренировка недели: без ускорений, с фокусом на дыхании, шаге и стабильном самочувствии. Фокус недели: Чередуем ходьбу и лёгкий бег без гонки за темпом.',NULL,'2026-06-14 08:07:13','2026-06-14 08:07:13'),(160,9,2,1,38,4,0,'Неделя 2: Бег + ходьба','Интервалы ходьбы и лёгкого бега. Темп должен позволять говорить короткими фразами. Фокус недели: Увеличиваем суммарное время бега.',NULL,'2026-06-14 08:07:13','2026-06-14 08:07:13'),(161,9,2,2,42,5,0,'Неделя 2: Силовая профилактика','Стопы, икры, ягодичные, кор и баланс. Эта тренировка снижает риск перегруза при росте бегового объёма. Фокус недели: Увеличиваем суммарное время бега.',NULL,'2026-06-14 08:07:13','2026-06-14 08:07:13'),(162,9,2,3,44,6,0,'Неделя 2: Длинный спокойный выход','Самая ровная тренировка недели: без ускорений, с фокусом на дыхании, шаге и стабильном самочувствии. Фокус недели: Увеличиваем суммарное время бега.',NULL,'2026-06-14 08:07:13','2026-06-14 08:07:13'),(163,9,3,1,40,7,0,'Неделя 3: Бег + ходьба','Интервалы ходьбы и лёгкого бега. Темп должен позволять говорить короткими фразами. Фокус недели: Добавляем технику стопы и корпуса.',NULL,'2026-06-14 08:07:13','2026-06-14 08:07:13'),(164,9,3,2,44,8,0,'Неделя 3: Силовая профилактика','Стопы, икры, ягодичные, кор и баланс. Эта тренировка снижает риск перегруза при росте бегового объёма. Фокус недели: Добавляем технику стопы и корпуса.',NULL,'2026-06-14 08:07:13','2026-06-14 08:07:13'),(165,9,3,3,46,9,0,'Неделя 3: Длинный спокойный выход','Самая ровная тренировка недели: без ускорений, с фокусом на дыхании, шаге и стабильном самочувствии. Фокус недели: Добавляем технику стопы и корпуса.',NULL,'2026-06-14 08:07:13','2026-06-14 08:07:13'),(166,9,4,1,42,10,0,'Неделя 4: Бег + ходьба','Интервалы ходьбы и лёгкого бега. Темп должен позволять говорить короткими фразами. Фокус недели: Учимся держать ровный пульс.',NULL,'2026-06-14 08:07:13','2026-06-14 08:07:13'),(167,9,4,2,46,11,0,'Неделя 4: Силовая профилактика','Стопы, икры, ягодичные, кор и баланс. Эта тренировка снижает риск перегруза при росте бегового объёма. Фокус недели: Учимся держать ровный пульс.',NULL,'2026-06-14 08:07:13','2026-06-14 08:07:13'),(168,9,4,3,48,12,0,'Неделя 4: Длинный спокойный выход','Самая ровная тренировка недели: без ускорений, с фокусом на дыхании, шаге и стабильном самочувствии. Фокус недели: Учимся держать ровный пульс.',NULL,'2026-06-14 08:07:13','2026-06-14 08:07:13'),(169,9,5,1,44,13,0,'Неделя 5: Бег + ходьба','Интервалы ходьбы и лёгкого бега. Темп должен позволять говорить короткими фразами. Фокус недели: Переходим к более длинным беговым отрезкам.',NULL,'2026-06-14 08:07:13','2026-06-14 08:07:13'),(170,9,5,2,48,14,0,'Неделя 5: Силовая профилактика','Стопы, икры, ягодичные, кор и баланс. Эта тренировка снижает риск перегруза при росте бегового объёма. Фокус недели: Переходим к более длинным беговым отрезкам.',NULL,'2026-06-14 08:07:13','2026-06-14 08:07:13'),(171,9,5,3,50,15,0,'Неделя 5: Длинный спокойный выход','Самая ровная тренировка недели: без ускорений, с фокусом на дыхании, шаге и стабильном самочувствии. Фокус недели: Переходим к более длинным беговым отрезкам.',NULL,'2026-06-14 08:07:13','2026-06-14 08:07:13'),(172,9,6,1,46,16,0,'Неделя 6: Бег + ходьба','Интервалы ходьбы и лёгкого бега. Темп должен позволять говорить короткими фразами. Фокус недели: Добавляем короткие ускорения без максимума.',NULL,'2026-06-14 08:07:13','2026-06-14 08:07:13'),(173,9,6,2,50,17,0,'Неделя 6: Силовая профилактика','Стопы, икры, ягодичные, кор и баланс. Эта тренировка снижает риск перегруза при росте бегового объёма. Фокус недели: Добавляем короткие ускорения без максимума.',NULL,'2026-06-14 08:07:13','2026-06-14 08:07:13'),(174,9,6,3,52,18,0,'Неделя 6: Длинный спокойный выход','Самая ровная тренировка недели: без ускорений, с фокусом на дыхании, шаге и стабильном самочувствии. Фокус недели: Добавляем короткие ускорения без максимума.',NULL,'2026-06-14 08:07:13','2026-06-14 08:07:13'),(175,9,7,1,48,19,0,'Неделя 7: Бег + ходьба','Интервалы ходьбы и лёгкого бега. Темп должен позволять говорить короткими фразами. Фокус недели: Контрольная неделя на устойчивость.',NULL,'2026-06-14 08:07:13','2026-06-14 08:07:13'),(176,9,7,2,52,20,0,'Неделя 7: Силовая профилактика','Стопы, икры, ягодичные, кор и баланс. Эта тренировка снижает риск перегруза при росте бегового объёма. Фокус недели: Контрольная неделя на устойчивость.',NULL,'2026-06-14 08:07:13','2026-06-14 08:07:13'),(177,9,7,3,54,21,0,'Неделя 7: Длинный спокойный выход','Самая ровная тренировка недели: без ускорений, с фокусом на дыхании, шаге и стабильном самочувствии. Фокус недели: Контрольная неделя на устойчивость.',NULL,'2026-06-14 08:07:13','2026-06-14 08:07:13'),(178,9,8,1,48,22,0,'Неделя 8: Бег + ходьба','Интервалы ходьбы и лёгкого бега. Темп должен позволять говорить короткими фразами. Фокус недели: Пробуем дистанцию 5 км в комфортном темпе.',NULL,'2026-06-14 08:07:13','2026-06-14 08:07:13'),(179,9,8,2,52,23,0,'Неделя 8: Силовая профилактика','Стопы, икры, ягодичные, кор и баланс. Эта тренировка снижает риск перегруза при росте бегового объёма. Фокус недели: Пробуем дистанцию 5 км в комфортном темпе.',NULL,'2026-06-14 08:07:13','2026-06-14 08:07:13'),(180,9,8,3,54,24,0,'Неделя 8: Длинный спокойный выход','Самая ровная тренировка недели: без ускорений, с фокусом на дыхании, шаге и стабильном самочувствии. Фокус недели: Пробуем дистанцию 5 км в комфортном темпе.',NULL,'2026-06-14 08:07:13','2026-06-14 08:07:13'),(181,10,1,1,36,1,0,'Неделя 1: Передняя линия','Dead bug, планка, hollow hold и дыхание. Держите поясницу под контролем, не увеличивайте амплитуду через прогиб. Фокус недели: Находим нейтраль и учимся держать напряжение.',NULL,'2026-06-14 08:07:13','2026-06-14 08:07:13'),(182,10,1,2,38,2,0,'Неделя 1: Боковая стабильность','Боковая планка, Pallof press, переноски и работа с резинкой. Кор учится сопротивляться вращению. Фокус недели: Находим нейтраль и учимся держать напряжение.',NULL,'2026-06-14 08:07:13','2026-06-14 08:07:13'),(183,10,1,3,42,3,0,'Неделя 1: Кор в движении','Выпады, тяги, переноски и баланс. Задача — сохранять стабильность корпуса в движениях всего тела. Фокус недели: Находим нейтраль и учимся держать напряжение.',NULL,'2026-06-14 08:07:13','2026-06-14 08:07:13'),(184,10,2,1,38,4,0,'Неделя 2: Передняя линия','Dead bug, планка, hollow hold и дыхание. Держите поясницу под контролем, не увеличивайте амплитуду через прогиб. Фокус недели: Добавляем антискручивание и боковую линию.',NULL,'2026-06-14 08:07:13','2026-06-14 08:07:13'),(185,10,2,2,40,5,0,'Неделя 2: Боковая стабильность','Боковая планка, Pallof press, переноски и работа с резинкой. Кор учится сопротивляться вращению. Фокус недели: Добавляем антискручивание и боковую линию.',NULL,'2026-06-14 08:07:13','2026-06-14 08:07:13'),(186,10,2,3,44,6,0,'Неделя 2: Кор в движении','Выпады, тяги, переноски и баланс. Задача — сохранять стабильность корпуса в движениях всего тела. Фокус недели: Добавляем антискручивание и боковую линию.',NULL,'2026-06-14 08:07:13','2026-06-14 08:07:13'),(187,10,3,1,40,7,0,'Неделя 3: Передняя линия','Dead bug, планка, hollow hold и дыхание. Держите поясницу под контролем, не увеличивайте амплитуду через прогиб. Фокус недели: Усложняем планки движением рук и ног.',NULL,'2026-06-14 08:07:13','2026-06-14 08:07:13'),(188,10,3,2,42,8,0,'Неделя 3: Боковая стабильность','Боковая планка, Pallof press, переноски и работа с резинкой. Кор учится сопротивляться вращению. Фокус недели: Усложняем планки движением рук и ног.',NULL,'2026-06-14 08:07:13','2026-06-14 08:07:13'),(189,10,3,3,46,9,0,'Неделя 3: Кор в движении','Выпады, тяги, переноски и баланс. Задача — сохранять стабильность корпуса в движениях всего тела. Фокус недели: Усложняем планки движением рук и ног.',NULL,'2026-06-14 08:07:13','2026-06-14 08:07:13'),(190,10,4,1,42,10,0,'Неделя 4: Передняя линия','Dead bug, планка, hollow hold и дыхание. Держите поясницу под контролем, не увеличивайте амплитуду через прогиб. Фокус недели: Соединяем кор с приседами, тягами и переносками.',NULL,'2026-06-14 08:07:13','2026-06-14 08:07:13'),(191,10,4,2,44,11,0,'Неделя 4: Боковая стабильность','Боковая планка, Pallof press, переноски и работа с резинкой. Кор учится сопротивляться вращению. Фокус недели: Соединяем кор с приседами, тягами и переносками.',NULL,'2026-06-14 08:07:13','2026-06-14 08:07:13'),(192,10,4,3,48,12,0,'Неделя 4: Кор в движении','Выпады, тяги, переноски и баланс. Задача — сохранять стабильность корпуса в движениях всего тела. Фокус недели: Соединяем кор с приседами, тягами и переносками.',NULL,'2026-06-14 08:07:13','2026-06-14 08:07:13'),(193,10,5,1,44,13,0,'Неделя 5: Передняя линия','Dead bug, планка, hollow hold и дыхание. Держите поясницу под контролем, не увеличивайте амплитуду через прогиб. Фокус недели: Работаем на выносливость корпуса.',NULL,'2026-06-14 08:07:13','2026-06-14 08:07:13'),(194,10,5,2,46,14,0,'Неделя 5: Боковая стабильность','Боковая планка, Pallof press, переноски и работа с резинкой. Кор учится сопротивляться вращению. Фокус недели: Работаем на выносливость корпуса.',NULL,'2026-06-14 08:07:13','2026-06-14 08:07:13'),(195,10,5,3,50,15,0,'Неделя 5: Кор в движении','Выпады, тяги, переноски и баланс. Задача — сохранять стабильность корпуса в движениях всего тела. Фокус недели: Работаем на выносливость корпуса.',NULL,'2026-06-14 08:07:13','2026-06-14 08:07:13'),(196,10,6,1,46,16,0,'Неделя 6: Передняя линия','Dead bug, планка, hollow hold и дыхание. Держите поясницу под контролем, не увеличивайте амплитуду через прогиб. Фокус недели: Контрольная неделя: качество, а не количество.',NULL,'2026-06-14 08:07:14','2026-06-14 08:07:14'),(197,10,6,2,48,17,0,'Неделя 6: Боковая стабильность','Боковая планка, Pallof press, переноски и работа с резинкой. Кор учится сопротивляться вращению. Фокус недели: Контрольная неделя: качество, а не количество.',NULL,'2026-06-14 08:07:14','2026-06-14 08:07:14'),(198,10,6,3,52,18,0,'Неделя 6: Кор в движении','Выпады, тяги, переноски и баланс. Задача — сохранять стабильность корпуса в движениях всего тела. Фокус недели: Контрольная неделя: качество, а не количество.',NULL,'2026-06-14 08:07:14','2026-06-14 08:07:14'),(199,11,1,1,50,1,0,'Неделя 1: Ноги дома','Болгарские выпады, присед с гантелью, ягодичный мост и икры. Односторонняя работа заменяет большие веса. Фокус недели: Настраиваем пространство и подбираем рабочие варианты упражнений.',NULL,'2026-06-14 08:07:14','2026-06-14 08:07:14'),(200,11,1,2,48,2,0,'Неделя 1: Верх тела дома','Отжимания, тяга гантели, жим над головой, резинка на спину и руки. Подбирайте угол и темп под уровень. Фокус недели: Настраиваем пространство и подбираем рабочие варианты упражнений.',NULL,'2026-06-14 08:07:14','2026-06-14 08:07:14'),(201,11,1,3,46,3,0,'Неделя 1: Функциональный комплекс','Связки из приседа, тяги, переноски, планки и мобилизации. Тренировка развивает силу и общую работоспособность. Фокус недели: Настраиваем пространство и подбираем рабочие варианты упражнений.',NULL,'2026-06-14 08:07:14','2026-06-14 08:07:14'),(202,11,2,1,52,4,0,'Неделя 2: Ноги дома','Болгарские выпады, присед с гантелью, ягодичный мост и икры. Односторонняя работа заменяет большие веса. Фокус недели: Добавляем односторонние движения для ног и спины.',NULL,'2026-06-14 08:07:14','2026-06-14 08:07:14'),(203,11,2,2,50,5,0,'Неделя 2: Верх тела дома','Отжимания, тяга гантели, жим над головой, резинка на спину и руки. Подбирайте угол и темп под уровень. Фокус недели: Добавляем односторонние движения для ног и спины.',NULL,'2026-06-14 08:07:14','2026-06-14 08:07:14'),(204,11,2,3,48,6,0,'Неделя 2: Функциональный комплекс','Связки из приседа, тяги, переноски, планки и мобилизации. Тренировка развивает силу и общую работоспособность. Фокус недели: Добавляем односторонние движения для ног и спины.',NULL,'2026-06-14 08:07:14','2026-06-14 08:07:14'),(205,11,3,1,54,7,0,'Неделя 3: Ноги дома','Болгарские выпады, присед с гантелью, ягодичный мост и икры. Односторонняя работа заменяет большие веса. Фокус недели: Работаем с паузами и медленной негативной фазой.',NULL,'2026-06-14 08:07:14','2026-06-14 08:07:14'),(206,11,3,2,52,8,0,'Неделя 3: Верх тела дома','Отжимания, тяга гантели, жим над головой, резинка на спину и руки. Подбирайте угол и темп под уровень. Фокус недели: Работаем с паузами и медленной негативной фазой.',NULL,'2026-06-14 08:07:14','2026-06-14 08:07:14'),(207,11,3,3,50,9,0,'Неделя 3: Функциональный комплекс','Связки из приседа, тяги, переноски, планки и мобилизации. Тренировка развивает силу и общую работоспособность. Фокус недели: Работаем с паузами и медленной негативной фазой.',NULL,'2026-06-14 08:07:14','2026-06-14 08:07:14'),(208,11,4,1,56,10,0,'Неделя 4: Ноги дома','Болгарские выпады, присед с гантелью, ягодичный мост и икры. Односторонняя работа заменяет большие веса. Фокус недели: Увеличиваем плотность подходов без потери формы.',NULL,'2026-06-14 08:07:14','2026-06-14 08:07:14'),(209,11,4,2,54,11,0,'Неделя 4: Верх тела дома','Отжимания, тяга гантели, жим над головой, резинка на спину и руки. Подбирайте угол и темп под уровень. Фокус недели: Увеличиваем плотность подходов без потери формы.',NULL,'2026-06-14 08:07:14','2026-06-14 08:07:14'),(210,11,4,3,52,12,0,'Неделя 4: Функциональный комплекс','Связки из приседа, тяги, переноски, планки и мобилизации. Тренировка развивает силу и общую работоспособность. Фокус недели: Увеличиваем плотность подходов без потери формы.',NULL,'2026-06-14 08:07:14','2026-06-14 08:07:14'),(211,11,5,1,58,13,0,'Неделя 5: Ноги дома','Болгарские выпады, присед с гантелью, ягодичный мост и икры. Односторонняя работа заменяет большие веса. Фокус недели: Делаем силовой акцент на ноги и тягу.',NULL,'2026-06-14 08:07:14','2026-06-14 08:07:14'),(212,11,5,2,56,14,0,'Неделя 5: Верх тела дома','Отжимания, тяга гантели, жим над головой, резинка на спину и руки. Подбирайте угол и темп под уровень. Фокус недели: Делаем силовой акцент на ноги и тягу.',NULL,'2026-06-14 08:07:14','2026-06-14 08:07:14'),(213,11,5,3,54,15,0,'Неделя 5: Функциональный комплекс','Связки из приседа, тяги, переноски, планки и мобилизации. Тренировка развивает силу и общую работоспособность. Фокус недели: Делаем силовой акцент на ноги и тягу.',NULL,'2026-06-14 08:07:14','2026-06-14 08:07:14'),(214,11,6,1,60,16,0,'Неделя 6: Ноги дома','Болгарские выпады, присед с гантелью, ягодичный мост и икры. Односторонняя работа заменяет большие веса. Фокус недели: Делаем силовой акцент на жим и плечи.',NULL,'2026-06-14 08:07:14','2026-06-14 08:07:14'),(215,11,6,2,58,17,0,'Неделя 6: Верх тела дома','Отжимания, тяга гантели, жим над головой, резинка на спину и руки. Подбирайте угол и темп под уровень. Фокус недели: Делаем силовой акцент на жим и плечи.',NULL,'2026-06-14 08:07:14','2026-06-14 08:07:14'),(216,11,6,3,56,18,0,'Неделя 6: Функциональный комплекс','Связки из приседа, тяги, переноски, планки и мобилизации. Тренировка развивает силу и общую работоспособность. Фокус недели: Делаем силовой акцент на жим и плечи.',NULL,'2026-06-14 08:07:14','2026-06-14 08:07:14'),(217,11,7,1,62,19,0,'Неделя 7: Ноги дома','Болгарские выпады, присед с гантелью, ягодичный мост и икры. Односторонняя работа заменяет большие веса. Фокус недели: Контрольная неделя домашнего прогресса.',NULL,'2026-06-14 08:07:14','2026-06-14 08:07:14'),(218,11,7,2,60,20,0,'Неделя 7: Верх тела дома','Отжимания, тяга гантели, жим над головой, резинка на спину и руки. Подбирайте угол и темп под уровень. Фокус недели: Контрольная неделя домашнего прогресса.',NULL,'2026-06-14 08:07:14','2026-06-14 08:07:14'),(219,11,7,3,58,21,0,'Неделя 7: Функциональный комплекс','Связки из приседа, тяги, переноски, планки и мобилизации. Тренировка развивает силу и общую работоспособность. Фокус недели: Контрольная неделя домашнего прогресса.',NULL,'2026-06-14 08:07:14','2026-06-14 08:07:14'),(220,11,8,1,62,22,0,'Неделя 8: Ноги дома','Болгарские выпады, присед с гантелью, ягодичный мост и икры. Односторонняя работа заменяет большие веса. Фокус недели: Собираем поддерживающий план после программы.',NULL,'2026-06-14 08:07:14','2026-06-14 08:07:14'),(221,11,8,2,60,23,0,'Неделя 8: Верх тела дома','Отжимания, тяга гантели, жим над головой, резинка на спину и руки. Подбирайте угол и темп под уровень. Фокус недели: Собираем поддерживающий план после программы.',NULL,'2026-06-14 08:07:14','2026-06-14 08:07:14'),(222,11,8,3,58,24,0,'Неделя 8: Функциональный комплекс','Связки из приседа, тяги, переноски, планки и мобилизации. Тренировка развивает силу и общую работоспособность. Фокус недели: Собираем поддерживающий план после программы.',NULL,'2026-06-14 08:07:14','2026-06-14 08:07:14'),(223,12,1,1,28,1,0,'Неделя 1: Дыхание и мягкая мобильность','Спокойное дыхание, раскрытие грудного отдела, тазобедренные и расслабление шеи. Цель — выйти из режима постоянного напряжения. Фокус недели: Снижаем общий стресс и возвращаем лёгкость движений.',NULL,'2026-06-14 08:07:14','2026-06-14 08:07:14'),(224,12,1,2,32,2,0,'Неделя 1: Лёгкая силовая активация','Ягодичный мост, тяга резинки, присед к опоре и кор без усталости. Тело получает сигнал к движению, но не перегружается. Фокус недели: Снижаем общий стресс и возвращаем лёгкость движений.',NULL,'2026-06-14 08:07:14','2026-06-14 08:07:14'),(225,12,1,3,35,3,0,'Неделя 1: Прогулочное кардио и растяжка','Ходьба или велотренажёр в лёгкой зоне, затем растяжка икр, бёдер, спины и плеч. После занятия должно стать легче, а не тяжелее. Фокус недели: Снижаем общий стресс и возвращаем лёгкость движений.',NULL,'2026-06-14 08:07:14','2026-06-14 08:07:14'),(226,12,2,1,30,4,0,'Неделя 2: Дыхание и мягкая мобильность','Спокойное дыхание, раскрытие грудного отдела, тазобедренные и расслабление шеи. Цель — выйти из режима постоянного напряжения. Фокус недели: Мягко поднимаем тонус и готовимся к новому циклу.',NULL,'2026-06-14 08:07:14','2026-06-14 08:07:14'),(227,12,2,2,34,5,0,'Неделя 2: Лёгкая силовая активация','Ягодичный мост, тяга резинки, присед к опоре и кор без усталости. Тело получает сигнал к движению, но не перегружается. Фокус недели: Мягко поднимаем тонус и готовимся к новому циклу.',NULL,'2026-06-14 08:07:14','2026-06-14 08:07:14'),(228,12,2,3,37,6,0,'Неделя 2: Прогулочное кардио и растяжка','Ходьба или велотренажёр в лёгкой зоне, затем растяжка икр, бёдер, спины и плеч. После занятия должно стать легче, а не тяжелее. Фокус недели: Мягко поднимаем тонус и готовимся к новому циклу.',NULL,'2026-06-14 08:07:14','2026-06-14 08:07:14');
/*!40000 ALTER TABLE `workouts` ENABLE KEYS */;
UNLOCK TABLES;

--
-- Dumping events for database 'fitlab'
--

--
-- Dumping routines for database 'fitlab'
--
/*!40103 SET TIME_ZONE=@OLD_TIME_ZONE */;

/*!40101 SET SQL_MODE=@OLD_SQL_MODE */;
/*!40014 SET FOREIGN_KEY_CHECKS=@OLD_FOREIGN_KEY_CHECKS */;
/*!40014 SET UNIQUE_CHECKS=@OLD_UNIQUE_CHECKS */;
/*!40101 SET CHARACTER_SET_CLIENT=@OLD_CHARACTER_SET_CLIENT */;
/*!40101 SET CHARACTER_SET_RESULTS=@OLD_CHARACTER_SET_RESULTS */;
/*!40101 SET COLLATION_CONNECTION=@OLD_COLLATION_CONNECTION */;
/*!40111 SET SQL_NOTES=@OLD_SQL_NOTES */;

-- Dump completed on 2026-06-18  9:19:26
